entry,name,category,familyId,family,status,minLevel,notes
3,Flesh Eater,Undead,218,Ghoul,Active,24,Enabled mapping; runtime eligibility still applies.
48,Skeletal Warrior,Undead,225,Skeleton,Active,21,Enabled mapping; runtime eligibility still applies.
49,Lesser Succubus,Demons,135,Succubus,Staged,20,Assignment candidate; profile/build/effect validation pending.
89,Infernal,Demons,118,Infernal,Active,66,Enabled mapping; runtime eligibility still applies.
92,Rock Elemental,Elementals,302,Earth Elemental,Blocked,39,no-supported-skills
149,[UNUSED] Small Black Dragon Whelp,Dragonkin,402,Black Whelp,Blocked,6,no-supported-skills
193,Blue Dragonspawn,Dragonkin,,Unassigned,Blocked,50,protected-rank; missing-or-ambiguous-model-assignment
200,Shambling Skeleton UNUSED,Undead,225,Skeleton,Active,20,Enabled mapping; runtime eligibility still applies.
201,Brittlebones Skeleton,Undead,225,Skeleton,Active,1,Enabled mapping; runtime eligibility still applies.
202,Skeletal Horror,Undead,225,Skeleton,Active,23,Enabled mapping; runtime eligibility still applies.
203,Skeletal Mage,Undead,225,Skeleton,Active,22,Enabled mapping; runtime eligibility still applies.
204,[UNUSED] Cackle Flamebone,Undead,225,Skeleton,Active,28,Enabled mapping; runtime eligibility still applies.
210,Bone Chewer,Undead,218,Ghoul,Active,26,Enabled mapping; runtime eligibility still applies.
262,Half-eaten body,Demons,106,Doomguard,Active,1,Enabled mapping; runtime eligibility still applies.
280,Placeholder - Jasperlode Mine,Demons,106,Doomguard,Active,62,Enabled mapping; runtime eligibility still applies.
287,Placeholder - Darkhollow Mine,Demons,106,Doomguard,Active,62,Enabled mapping; runtime eligibility still applies.
290,Placeholder - Fargodeep Mine,Demons,106,Doomguard,Active,13,Enabled mapping; runtime eligibility still applies.
291,Placeholder Chest of Drawers,Demons,,Unassigned,Blocked,62,missing-or-ambiguous-model-assignment
302,Blind Mary,Undead,204,Banshee,Blocked,40,protected-npc-vehicle-script
304,Felsteed,Demons,129,Felsteed,Blocked,1,"Assignment proposed; server spell definitions missing: 80166, 80167, 891894"
314,Eliza,Undead,218,Ghoul,Active,30,Enabled mapping; runtime eligibility still applies.
315,Stalvan Mistmantle,Undead,,Unassigned,Blocked,32,missing-or-ambiguous-model-assignment
329,Earth Elemental,Elementals,302,Earth Elemental,Blocked,59,no-supported-skills
335,Singe,Dragonkin,402,Black Whelp,Blocked,24,protected-rank; no-supported-skills
392,Captain Grayson,Undead,,Unassigned,Blocked,30,protected-npc-vehicle-script; missing-or-ambiguous-model-assignment
412,Stitches,Undead,203,Abomination,Blocked,35,protected-rank
416,Imp,Demons,115,Imp,Staged,5,Assignment candidate; profile/build/effect validation pending.
417,Felhunter,Demons,110,Felhunter (reference: Felhound),Staged,80,Assignment candidate; profile/build/effect validation pending.
418,Lesser Voidwalker,Demons,143,Voidwalker,Staged,20,Assignment candidate; profile/build/effect validation pending.
441,Black Dragon Whelp,Dragonkin,402,Black Whelp,Blocked,17,no-supported-skills
503,Lord Malathrom,Undead,218,Ghoul,Blocked,31,protected-rank
510,Water Elemental,Elementals,304,Water Elemental,Blocked,60,no-supported-skills
511,Insane Ghoul,Undead,218,Ghoul,Active,26,Enabled mapping; runtime eligibility still applies.
522,Mor'Ladim,Undead,225,Skeleton,Blocked,30,protected-rank
531,Skeletal Fiend,Undead,225,Skeleton,Active,24,Enabled mapping; runtime eligibility still applies.
570,Brain Eater,Undead,218,Ghoul,Active,28,Enabled mapping; runtime eligibility still applies.
572,Leprithus,Undead,218,Ghoul,Blocked,19,protected-rank
575,Fire Elemental,Elementals,303,Fire Elemental,Blocked,40,no-supported-skills
604,Plague Spreader,Undead,218,Ghoul,Active,27,Enabled mapping; runtime eligibility still applies.
623,Skeletal Miner,Undead,225,Skeleton,Active,17,Enabled mapping; runtime eligibility still applies.
624,Undead Excavator,Undead,218,Ghoul,Active,17,Enabled mapping; runtime eligibility still applies.
625,Undead Dynamiter,Undead,218,Ghoul,Active,17,Enabled mapping; runtime eligibility still applies.
626,Foreman Thistlenettle,Undead,218,Ghoul,Active,18,Enabled mapping; runtime eligibility still applies.
691,Lesser Water Elemental,Elementals,304,Water Elemental,Blocked,36,no-supported-skills
725,[UNUSED] Skeletal Enforcer,Undead,225,Skeleton,Active,25,Enabled mapping; runtime eligibility still applies.
740,Adolescent Whelp,Dragonkin,438,Green Whelp,Blocked,34,no-supported-skills
741,Dreaming Whelp,Dragonkin,438,Green Whelp,Blocked,35,no-supported-skills
742,Green Wyrmkin,Dragonkin,,Unassigned,Blocked,41,missing-or-ambiguous-model-assignment
743,Wyrmkin Dreamwalker,Dragonkin,,Unassigned,Blocked,42,missing-or-ambiguous-model-assignment
744,Green Scalebane,Dragonkin,,Unassigned,Blocked,42,missing-or-ambiguous-model-assignment
745,Scalebane Captain,Dragonkin,,Unassigned,Blocked,43,missing-or-ambiguous-model-assignment
746,Elder Dragonkin,Dragonkin,,Unassigned,Blocked,45,missing-or-ambiguous-model-assignment
764,Swampwalker,Elementals,355,Bog Beast,Blocked,38,no-ability-profile
765,Swampwalker Elder,Elementals,355,Bog Beast,Blocked,39,no-ability-profile
766,Tangled Horror,Elementals,355,Bog Beast,Blocked,40,no-ability-profile
771,Commander Felstrom,Undead,225,Skeleton,Blocked,32,protected-rank
785,Skeletal Warder,Undead,225,Skeleton,Active,28,Enabled mapping; runtime eligibility still applies.
787,Skeletal Healer,Undead,225,Skeleton,Active,26,Enabled mapping; runtime eligibility still applies.
819,Servant of Ilgalar,Demons,105,Darkhound,Active,24,Enabled mapping; runtime eligibility still applies.
832,Dust Devil,Elementals,301,Air Elemental,Blocked,18,no-supported-skills
846,Rotten Ghoul,Undead,218,Ghoul,Active,14,Enabled mapping; runtime eligibility still applies.
882,Bone Caster,Undead,233,Skeletal Mage,Active,57,Enabled mapping; runtime eligibility still applies.
929,Dreadlord Malganis,Demons,128,Nathrezim,Blocked,63,protected-rank
948,Rotted One,Undead,218,Ghoul,Active,25,Enabled mapping; runtime eligibility still applies.
1039,Fen Dweller,Elementals,355,Bog Beast,Blocked,20,no-ability-profile
1040,Fen Creeper,Elementals,355,Bog Beast,Blocked,24,no-ability-profile
1041,Fen Lord,Elementals,355,Bog Beast,Blocked,25,no-ability-profile
1042,Red Whelp,Dragonkin,450,Red Whelp,Blocked,23,no-supported-skills
1043,Lost Whelp,Dragonkin,450,Red Whelp,Blocked,24,no-supported-skills
1044,Flamesnorting Whelp,Dragonkin,450,Red Whelp,Blocked,26,no-supported-skills
1045,Red Dragonspawn,Dragonkin,,Unassigned,Blocked,57,protected-rank; missing-or-ambiguous-model-assignment
1046,Red Wyrmkin,Dragonkin,,Unassigned,Blocked,58,protected-rank; missing-or-ambiguous-model-assignment
1047,Red Scalebane,Dragonkin,,Unassigned,Blocked,59,protected-rank; missing-or-ambiguous-model-assignment
1048,Scalebane Lieutenant,Dragonkin,,Unassigned,Blocked,60,protected-rank; missing-or-ambiguous-model-assignment
1049,Wyrmkin Firebrand,Dragonkin,,Unassigned,Blocked,61,protected-rank; missing-or-ambiguous-model-assignment
1050,Scalebane Royal Guard,Dragonkin,,Unassigned,Blocked,61,protected-rank; missing-or-ambiguous-model-assignment
1055,Dreamhunter,Dragonkin,439,Green Drake,Blocked,47,no-supported-skills
1056,Emerald Sentinel,Dragonkin,439,Green Drake,Blocked,45,no-supported-skills
1063,Jade,Dragonkin,439,Green Drake,Blocked,47,protected-rank; no-supported-skills
1069,Crimson Whelp,Dragonkin,450,Red Whelp,Blocked,25,no-supported-skills
1081,Mire Lord,Elementals,355,Bog Beast,Blocked,42,no-ability-profile
1110,Skeletal Raider,Undead,225,Skeleton,Active,27,Enabled mapping; runtime eligibility still applies.
1157,Cursed Sailor,Undead,,Unassigned,Blocked,26,missing-or-ambiguous-model-assignment
1158,Cursed Marine,Undead,,Unassigned,Blocked,27,missing-or-ambiguous-model-assignment
1159,First Mate Snellig,Undead,,Unassigned,Blocked,29,missing-or-ambiguous-model-assignment
1160,Captain Halyndor,Undead,,Unassigned,Blocked,30,missing-or-ambiguous-model-assignment
1244,Rethiel the Greenwarden,Elementals,355,Bog Beast,Blocked,30,protected-npc-vehicle-script; no-ability-profile
1270,Fetid Corpse,Undead,218,Ghoul,Active,29,Enabled mapping; runtime eligibility still applies.
1488,Zanzil Zombie,Undead,218,Ghoul,Active,43,Enabled mapping; runtime eligibility still applies.
1489,Zanzil Hunter,Undead,218,Ghoul,Active,43,Enabled mapping; runtime eligibility still applies.
1491,Zanzil Naga,Undead,,Unassigned,Blocked,44,missing-or-ambiguous-model-assignment
1501,Mindless Zombie,Undead,230,Zombie,Active,1,Enabled mapping; runtime eligibility still applies.
1502,Wretched Ghoul,Undead,218,Ghoul,Active,1,Enabled mapping; runtime eligibility still applies.
1515,Executor Zygand,Undead,,Unassigned,Blocked,14,protected-npc-vehicle-script; missing-or-ambiguous-model-assignment
1518,Apothecary Johaan,Undead,,Unassigned,Blocked,20,protected-npc-vehicle-script; missing-or-ambiguous-model-assignment
1520,Rattlecage Soldier,Undead,225,Skeleton,Active,6,Enabled mapping; runtime eligibility still applies.
1522,Darkeye Bonecaster,Undead,225,Skeleton,Active,7,Enabled mapping; runtime eligibility still applies.
1523,Cracked Skull Soldier,Undead,225,Skeleton,Active,8,Enabled mapping; runtime eligibility still applies.
1525,Rotting Dead,Undead,230,Zombie,Active,5,Enabled mapping; runtime eligibility still applies.
1526,Ravaged Corpse,Undead,230,Zombie,Active,6,Enabled mapping; runtime eligibility still applies.
1527,Hungering Dead,Undead,230,Zombie,Active,7,Enabled mapping; runtime eligibility still applies.
1528,Shambling Horror,Undead,230,Zombie,Active,8,Enabled mapping; runtime eligibility still applies.
1529,Bleeding Horror,Undead,230,Zombie,Active,9,Enabled mapping; runtime eligibility still applies.
1530,Rotting Ancestor,Undead,230,Zombie,Active,10,Enabled mapping; runtime eligibility still applies.
1531,Lost Soul,Undead,204,Banshee,Blocked,6,protected-rank
1532,Wandering Spirit,Undead,,Unassigned,Blocked,10,missing-or-ambiguous-model-assignment
1533,Tormented Spirit,Undead,204,Banshee,Blocked,8,protected-rank
1534,Wailing Ancestor,Undead,204,Banshee,Active,9,Enabled mapping; runtime eligibility still applies.
1547,Decrepit Darkhound,Demons,105,Darkhound,Active,5,Enabled mapping; runtime eligibility still applies.
1548,Cursed Darkhound,Demons,105,Darkhound,Active,7,Enabled mapping; runtime eligibility still applies.
1549,Ravenous Darkhound,Demons,105,Darkhound,Active,9,Enabled mapping; runtime eligibility still applies.
1604,Druid 1,Demons,134,Satyr,Active,1,Enabled mapping; runtime eligibility still applies.
1607,Druid 5,Demons,134,Satyr,Active,5,Enabled mapping; runtime eligibility still applies.
1608,Druid 10,Demons,134,Satyr,Active,10,Enabled mapping; runtime eligibility still applies.
1609,Druid 15,Demons,134,Satyr,Active,15,Enabled mapping; runtime eligibility still applies.
1616,Druid 20,Demons,134,Satyr,Active,20,Enabled mapping; runtime eligibility still applies.
1617,Druid 30,Demons,134,Satyr,Active,30,Enabled mapping; runtime eligibility still applies.
1619,Druid 40,Demons,134,Satyr,Active,40,Enabled mapping; runtime eligibility still applies.
1635,Warrior 1,Dragonkin,,Unassigned,Blocked,1,missing-or-ambiguous-model-assignment
1636,Warrior 5,Dragonkin,,Unassigned,Blocked,5,missing-or-ambiguous-model-assignment
1637,Warrior 10,Dragonkin,,Unassigned,Blocked,10,missing-or-ambiguous-model-assignment
1638,Warrior 15,Dragonkin,,Unassigned,Blocked,15,missing-or-ambiguous-model-assignment
1639,Warrior 20,Dragonkin,,Unassigned,Blocked,20,missing-or-ambiguous-model-assignment
1640,Warrior 30,Dragonkin,,Unassigned,Blocked,30,missing-or-ambiguous-model-assignment
1641,Warrior 40,Dragonkin,,Unassigned,Blocked,40,missing-or-ambiguous-model-assignment
1652,Deathguard Burgess,Undead,,Unassigned,Blocked,24,protected-npc-vehicle-script; missing-or-ambiguous-model-assignment
1654,Gregor Agamand,Undead,218,Ghoul,Active,10,Enabled mapping; runtime eligibility still applies.
1655,Nissa Agamand,Undead,204,Banshee,Active,10,Enabled mapping; runtime eligibility still applies.
1656,Thurman Agamand,Undead,230,Zombie,Active,10,Enabled mapping; runtime eligibility still applies.
1657,Devlin Agamand,Undead,233,Skeletal Mage,Active,9,Enabled mapping; runtime eligibility still applies.
1658,Captain Dargol,Undead,225,Skeleton,Active,13,Enabled mapping; runtime eligibility still applies.
1674,Rot Hide Gnoll,Undead,,Unassigned,Blocked,6,missing-or-ambiguous-model-assignment
1675,Rot Hide Mongrel,Undead,,Unassigned,Blocked,7,missing-or-ambiguous-model-assignment
1733,Zggi,Demons,115,Imp,Blocked,5,protected-npc-vehicle-script
1735,Deathguard Abraham,Undead,,Unassigned,Blocked,22,protected-npc-vehicle-script; missing-or-ambiguous-model-assignment
1738,Deathguard Terrence,Undead,,Unassigned,Blocked,21,protected-npc-vehicle-script; missing-or-ambiguous-model-assignment
1742,Deathguard Bartholomew,Undead,,Unassigned,Blocked,22,protected-npc-vehicle-script; missing-or-ambiguous-model-assignment
1743,Deathguard Lawrence,Undead,,Unassigned,Blocked,22,protected-npc-vehicle-script; missing-or-ambiguous-model-assignment
1745,Deathguard Morris,Undead,,Unassigned,Blocked,22,protected-npc-vehicle-script; missing-or-ambiguous-model-assignment
1746,Deathguard Cyrus,Undead,,Unassigned,Blocked,21,protected-npc-vehicle-script; missing-or-ambiguous-model-assignment
1749,Lady Katrana Prestor,Dragonkin,,Unassigned,Blocked,62,protected-npc-vehicle-script; missing-or-ambiguous-model-assignment
1753,Maggot Eye,Undead,,Unassigned,Blocked,10,missing-or-ambiguous-model-assignment
1772,Rot Hide Gladerunner,Undead,,Unassigned,Blocked,11,missing-or-ambiguous-model-assignment
1773,Rot Hide Mystic,Undead,,Unassigned,Blocked,12,missing-or-ambiguous-model-assignment
1783,Skeletal Flayer,Undead,225,Skeleton,Active,50,Enabled mapping; runtime eligibility still applies.
1784,Skeletal Sorcerer,Undead,225,Skeleton,Active,51,Enabled mapping; runtime eligibility still applies.
1785,Skeletal Terror,Undead,225,Skeleton,Active,52,Enabled mapping; runtime eligibility still applies.
1787,Skeletal Executioner,Undead,225,Skeleton,Active,54,Enabled mapping; runtime eligibility still applies.
1788,Skeletal Warlord,Undead,225,Skeleton,Active,56,Enabled mapping; runtime eligibility still applies.
1789,Skeletal Acolyte,Undead,225,Skeleton,Active,55,Enabled mapping; runtime eligibility still applies.
1790,Corpse Eater,Undead,218,Ghoul,Active,50,Enabled mapping; runtime eligibility still applies.
1791,Slavering Ghoul,Undead,218,Ghoul,Active,50,Enabled mapping; runtime eligibility still applies.
1792,Hissing Ghoul,Undead,218,Ghoul,Blocked,26,protected-rank
1793,Rotting Ghoul,Undead,218,Ghoul,Active,54,Enabled mapping; runtime eligibility still applies.
1794,Soulless Ghoul,Undead,218,Ghoul,Active,54,Enabled mapping; runtime eligibility still applies.
1795,Searing Ghoul,Undead,218,Ghoul,Active,55,Enabled mapping; runtime eligibility still applies.
1796,Freezing Ghoul,Undead,218,Ghoul,Active,55,Enabled mapping; runtime eligibility still applies.
1798,Tortured Soul,Undead,224,Shade,Active,55,Enabled mapping; runtime eligibility still applies.
1800,Cold Wraith,Undead,224,Shade,Active,54,Enabled mapping; runtime eligibility still applies.
1801,Blood Wraith,Undead,224,Shade,Active,55,Enabled mapping; runtime eligibility still applies.
1802,Hungering Wraith,Undead,224,Shade,Active,56,Enabled mapping; runtime eligibility still applies.
1804,Wailing Death,Undead,204,Banshee,Active,56,Enabled mapping; runtime eligibility still applies.
1805,Flesh Golem,Undead,203,Abomination,Blocked,56,protected-rank
1812,Rotting Behemoth,Elementals,355,Bog Beast,Blocked,55,no-ability-profile
1813,Decaying Horror,Elementals,355,Bog Beast,Blocked,56,no-ability-profile
1847,Foulmane,Undead,218,Ghoul,Blocked,52,protected-rank
1849,Dreadwhisper,Undead,224,Shade,Blocked,58,protected-rank
1850,Putridius,Undead,203,Abomination,Blocked,58,protected-rank
1851,The Husk,Elementals,355,Bog Beast,Blocked,62,protected-rank; no-ability-profile
1852,Araj the Summoner,Undead,219,Lich,Blocked,61,protected-rank
1860,Voidwalker,Demons,143,Voidwalker,Staged,24,Assignment candidate; profile/build/effect validation pending.
1861,Greater Voidwalker,Demons,143,Voidwalker,Staged,26,Assignment candidate; profile/build/effect validation pending.
1862,Lesser Netherwalker,Demons,118,Infernal,Active,34,Enabled mapping; runtime eligibility still applies.
1863,Succubus,Demons,135,Succubus,Staged,24,Assignment candidate; profile/build/effect validation pending.
1864,Greater Succubus,Demons,135,Succubus,Staged,36,Assignment candidate; profile/build/effect validation pending.
1865,Ravenclaw Raider,Undead,225,Skeleton,Active,12,Enabled mapping; runtime eligibility still applies.
1866,Ravenclaw Slave,Undead,218,Ghoul,Active,11,Enabled mapping; runtime eligibility still applies.
1868,Ravenclaw Servant,Undead,218,Ghoul,Active,13,Enabled mapping; runtime eligibility still applies.
1869,Ravenclaw Champion,Undead,225,Skeleton,Active,14,Enabled mapping; runtime eligibility still applies.
1870,Hand of Ravenclaw,Undead,225,Skeleton,Active,15,Enabled mapping; runtime eligibility still applies.
1871,Eliza's Guard,Undead,225,Skeleton,Active,30,Enabled mapping; runtime eligibility still applies.
1890,Rattlecage Skeleton,Undead,225,Skeleton,Active,2,Enabled mapping; runtime eligibility still applies.
1916,Stephen Bhartec,Undead,225,Skeleton,Active,2,Enabled mapping; runtime eligibility still applies.
1917,Daniel Ulfman,Undead,230,Zombie,Active,2,Enabled mapping; runtime eligibility still applies.
1918,Karrel Grayves,Undead,218,Ghoul,Active,2,Enabled mapping; runtime eligibility still applies.
1919,Samuel Fipps,Undead,230,Zombie,Active,5,Enabled mapping; runtime eligibility still applies.
1925,Heat Miser,Dragonkin,,Unassigned,Blocked,20,missing-or-ambiguous-model-assignment
1926,Snow Miser,Dragonkin,,Unassigned,Blocked,20,missing-or-ambiguous-model-assignment
1927,Good Miser,Dragonkin,,Unassigned,Blocked,20,missing-or-ambiguous-model-assignment
1928,Bad Miser,Dragonkin,,Unassigned,Blocked,20,missing-or-ambiguous-model-assignment
1929,Earth Miser,Dragonkin,,Unassigned,Blocked,20,missing-or-ambiguous-model-assignment
1930,Steel Miser,Dragonkin,302,Earth Elemental,Blocked,20,creature-type-mismatch
1939,Rot Hide Brute,Undead,,Unassigned,Blocked,16,missing-or-ambiguous-model-assignment
1940,Rot Hide Plague Weaver,Undead,,Unassigned,Blocked,17,missing-or-ambiguous-model-assignment
1941,Rot Hide Graverobber,Undead,,Unassigned,Blocked,6,missing-or-ambiguous-model-assignment
1942,Rot Hide Savage,Undead,,Unassigned,Blocked,18,missing-or-ambiguous-model-assignment
1943,Raging Rot Hide,Undead,,Unassigned,Blocked,18,missing-or-ambiguous-model-assignment
1944,Rot Hide Bruiser,Undead,,Unassigned,Blocked,22,protected-rank; missing-or-ambiguous-model-assignment
1945,Tree Form 0.33,Elementals,,Unassigned,Blocked,30,missing-or-ambiguous-model-assignment
1946,Lillith Nefara,Undead,217,Ghost,Blocked,12,no-ability-profile
1948,Snarlmane,Undead,,Unassigned,Blocked,23,protected-rank; missing-or-ambiguous-model-assignment
1953,Lake Skulker,Elementals,355,Bog Beast,Blocked,15,no-ability-profile
1954,Elder Lake Skulker,Elementals,355,Bog Beast,Blocked,16,no-ability-profile
1955,Lake Creeper,Elementals,355,Bog Beast,Blocked,17,no-ability-profile
1956,Elder Lake Creeper,Elementals,355,Bog Beast,Blocked,18,no-ability-profile
1964,Treant,Elementals,394,Treant,Blocked,70,no-ability-profile
1971,Ivar the Foul,Undead,218,Ghoul,Active,13,Enabled mapping; runtime eligibility still applies.
1973,Ravenclaw Guardian,Undead,225,Skeleton,Active,20,Enabled mapping; runtime eligibility still applies.
1974,Ravenclaw Drudger,Undead,218,Ghoul,Active,19,Enabled mapping; runtime eligibility still applies.
1983,Nightlash,Undead,204,Banshee,Active,14,Enabled mapping; runtime eligibility still applies.
1988,Grell,Demons,,Unassigned,Blocked,2,missing-or-ambiguous-model-assignment
1989,Grellkin,Demons,,Unassigned,Blocked,3,missing-or-ambiguous-model-assignment
2002,Rascal Sprite,Demons,,Unassigned,Blocked,5,missing-or-ambiguous-model-assignment
2003,Shadow Sprite,Demons,,Unassigned,Blocked,5,missing-or-ambiguous-model-assignment
2004,Dark Sprite,Demons,,Unassigned,Blocked,6,missing-or-ambiguous-model-assignment
2005,Vicious Grell,Demons,,Unassigned,Blocked,7,missing-or-ambiguous-model-assignment
2022,Timberling,Elementals,355,Bog Beast,Blocked,5,no-ability-profile
2025,Timberling Bark Ripper,Elementals,355,Bog Beast,Blocked,7,no-ability-profile
2027,Timberling Trampler,Elementals,355,Bog Beast,Blocked,8,no-ability-profile
2029,Timberling Mire Beast,Elementals,355,Bog Beast,Blocked,9,no-ability-profile
2030,Elder Timberling,Elementals,355,Bog Beast,Blocked,10,no-ability-profile
2038,Lord Melenas,Demons,134,Satyr,Active,8,Enabled mapping; runtime eligibility still applies.
2044,Forlorn Spirit,Undead,204,Banshee,Active,25,Enabled mapping; runtime eligibility still applies.
2045,Gunther's Minion,Undead,225,Skeleton,Active,8,Enabled mapping; runtime eligibility still applies.
2056,Ravenclaw Apparition,Undead,217,Ghost,Blocked,24,protected-npc-vehicle-script; no-ability-profile
2114,Faruza,Undead,,Unassigned,Blocked,5,protected-npc-vehicle-script; missing-or-ambiguous-model-assignment
2118,Abigail Shiel,Undead,,Unassigned,Blocked,9,protected-npc-vehicle-script; missing-or-ambiguous-model-assignment
2134,Mrs. Winters,Undead,,Unassigned,Blocked,10,protected-npc-vehicle-script; missing-or-ambiguous-model-assignment
2135,Abe Winters,Undead,,Unassigned,Blocked,14,protected-npc-vehicle-script; missing-or-ambiguous-model-assignment
2136,Oliver Dwor,Undead,,Unassigned,Blocked,13,protected-npc-vehicle-script; missing-or-ambiguous-model-assignment
2137,Eliza Callen,Undead,,Unassigned,Blocked,12,protected-npc-vehicle-script; missing-or-ambiguous-model-assignment
2138,Warrior 25,Dragonkin,,Unassigned,Blocked,25,missing-or-ambiguous-model-assignment
2156,Cracked Golem,Elementals,,Unassigned,Blocked,18,missing-or-ambiguous-model-assignment
2157,Stone Behemoth,Elementals,,Unassigned,Blocked,19,missing-or-ambiguous-model-assignment
2166,Oakenscowl,Elementals,355,Bog Beast,Blocked,9,no-ability-profile
2176,Cursed Highborne,Undead,204,Banshee,Active,10,Enabled mapping; runtime eligibility still applies.
2177,Writhing Highborne,Undead,217,Ghost,Blocked,11,no-ability-profile
2178,Wailing Highborne,Undead,204,Banshee,Active,12,Enabled mapping; runtime eligibility still applies.
2184,Lady Moongazer,Undead,,Unassigned,Blocked,17,protected-rank; missing-or-ambiguous-model-assignment
2191,Licillin,Demons,,Unassigned,Blocked,14,protected-rank; missing-or-ambiguous-model-assignment
2217,Undead Druid Trainer,Undead,218,Ghoul,Active,1,Enabled mapping; runtime eligibility still applies.
2218,Undead Hunter Trainer,Undead,218,Ghoul,Active,1,Enabled mapping; runtime eligibility still applies.
2219,Undead Shaman Trainer,Undead,218,Ghoul,Active,1,Enabled mapping; runtime eligibility still applies.
2220,[UNUSED] Undead Blacksmith Trainer,Undead,218,Ghoul,Active,1,Enabled mapping; runtime eligibility still applies.
2221,Undead Tailor Trainer,Undead,218,Ghoul,Active,1,Enabled mapping; runtime eligibility still applies.
2222,Undead Mining Trainer,Undead,218,Ghoul,Active,1,Enabled mapping; runtime eligibility still applies.
2227,Sharlindra,Undead,204,Banshee,Blocked,25,protected-npc-vehicle-script
2258,Stone Fury,Elementals,302,Earth Elemental,Blocked,37,protected-rank; no-supported-skills
2278,Melisara,Undead,204,Banshee,Blocked,25,protected-npc-vehicle-script
2283,Ravenclaw Regent,Undead,225,Skeleton,Blocked,22,protected-rank
2288,Skracher Mudmuzzle,Undead,,Unassigned,Blocked,30,missing-or-ambiguous-model-assignment
2309,Thomas Arlento,Undead,,Unassigned,Blocked,5,missing-or-ambiguous-model-assignment
2311,Doreen Beltis,Undead,,Unassigned,Blocked,5,missing-or-ambiguous-model-assignment
2314,Sahvan Bloodshadow,Undead,,Unassigned,Blocked,5,missing-or-ambiguous-model-assignment
2325,Undead First Aid Trainer,Undead,218,Ghoul,Active,1,Enabled mapping; runtime eligibility still applies.
2359,Elemental Slave,Elementals,302,Earth Elemental,Blocked,33,no-supported-skills
2425,Varimathras,Demons,,Unassigned,Blocked,72,protected-rank; protected-npc-vehicle-script; missing-or-ambiguous-model-assignment
2433,Helcular's Remains,Undead,,Unassigned,Blocked,44,protected-rank; protected-npc-vehicle-script; missing-or-ambiguous-model-assignment
2447,Narillasanz,Dragonkin,451,Red Drake,Blocked,44,protected-rank
2454,Skeletal Fiend (Enraged Form),Undead,225,Skeleton,Active,24,Enabled mapping; runtime eligibility still applies.
2472,Flamescale Drake,Dragonkin,451,Red Drake,Blocked,39,protected-rank
2475,Sloth,Undead,355,Bog Beast,Blocked,31,no-ability-profile
2479,Sludge,Undead,355,Bog Beast,Blocked,31,no-ability-profile
2531,Minion of Morganth,Undead,203,Abomination,Blocked,26,"Assignment proposed; server spell definitions missing: 80186, 80190"
2535,"Maury ""Club Foot"" Wilkins",Undead,218,Ghoul,Active,43,Enabled mapping; runtime eligibility still applies.
2536,Jon-Jon the Crow,Undead,218,Ghoul,Active,43,Enabled mapping; runtime eligibility still applies.
2537,"Chucky ""Ten Thumbs""",Undead,218,Ghoul,Active,43,Enabled mapping; runtime eligibility still applies.
2551,Brutus,Elementals,,Unassigned,Blocked,43,missing-or-ambiguous-model-assignment
2592,Rumbling Exile,Elementals,302,Earth Elemental,Blocked,38,no-supported-skills
2593,Rough Stone Elemental,Elementals,302,Earth Elemental,Blocked,37,no-supported-skills
2623,Spirit of Old,Undead,217,Ghost,Blocked,32,no-ability-profile
2638,Syndicate Spectre,Undead,224,Shade,Active,35,Enabled mapping; runtime eligibility still applies.
2723,Stone Golem,Elementals,,Unassigned,Blocked,38,missing-or-ambiguous-model-assignment
2725,Scalding Whelp,Dragonkin,402,Black Whelp,Blocked,41,no-supported-skills
2726,Scorched Guardian,Dragonkin,403,Black Drake,Blocked,43,protected-rank
2735,Lesser Rock Elemental,Elementals,302,Earth Elemental,Blocked,37,no-supported-skills
2736,Greater Rock Elemental,Elementals,302,Earth Elemental,Blocked,42,no-supported-skills
2745,Ambassador Infernus,Elementals,303,Fire Elemental,Blocked,42,protected-rank; no-supported-skills
2749,Siege Golem,Elementals,,Unassigned,Blocked,40,protected-rank; missing-or-ambiguous-model-assignment
2751,War Golem,Elementals,,Unassigned,Blocked,36,protected-rank; missing-or-ambiguous-model-assignment
2752,Rumbler,Elementals,302,Earth Elemental,Blocked,45,protected-rank; no-supported-skills
2755,Myzrael,Elementals,,Unassigned,Blocked,44,protected-rank; missing-or-ambiguous-model-assignment
2757,Blacklash,Dragonkin,403,Black Drake,Blocked,50,Assignment proposed; server spell definitions missing: 91836
2759,Hematus,Dragonkin,403,Black Drake,Blocked,50,Assignment proposed; server spell definitions missing: 91836
2760,Burning Exile,Elementals,303,Fire Elemental,Blocked,38,no-supported-skills
2761,Cresting Exile,Elementals,304,Water Elemental,Blocked,38,no-supported-skills
2762,Thundering Exile,Elementals,301,Air Elemental,Blocked,38,no-supported-skills
2776,Vengeful Surge,Elementals,304,Water Elemental,Blocked,40,no-supported-skills
2791,Enraged Rock Elemental,Elementals,302,Earth Elemental,Blocked,42,no-supported-skills
2794,Summoned Guardian,Elementals,304,Water Elemental,Blocked,38,no-supported-skills
2862,Warrior 21,Dragonkin,,Unassigned,Blocked,21,missing-or-ambiguous-model-assignment
2863,Warrior 22,Dragonkin,,Unassigned,Blocked,22,missing-or-ambiguous-model-assignment
2864,Warrior 23,Dragonkin,,Unassigned,Blocked,23,missing-or-ambiguous-model-assignment
2865,Warrior 24,Dragonkin,,Unassigned,Blocked,24,missing-or-ambiguous-model-assignment
2866,Warrior 26,Dragonkin,,Unassigned,Blocked,26,missing-or-ambiguous-model-assignment
2867,Warrior 27,Dragonkin,,Unassigned,Blocked,27,missing-or-ambiguous-model-assignment
2868,Warrior 28,Dragonkin,,Unassigned,Blocked,28,missing-or-ambiguous-model-assignment
2869,Warrior 29,Dragonkin,,Unassigned,Blocked,29,missing-or-ambiguous-model-assignment
2887,Prismatic Exile,Elementals,302,Earth Elemental,Blocked,44,no-supported-skills
2919,Fam'retor Guardian,Elementals,302,Earth Elemental,Blocked,45,no-supported-skills
2935,[PH] Demon Master,Demons,106,Doomguard,Active,50,Enabled mapping; runtime eligibility still applies.
2946,Puppet of Helcular,Undead,225,Skeleton,Blocked,44,protected-rank
3094,Unseen,Undead,217,Ghost,Blocked,49,no-ability-profile
3102,Felstalker,Demons,110,Felhunter (reference: Felhound),Staged,3,Explicit Felhunter assignment; preserve levels 3-4. Not installed.
3301,Morgan Ladimore,Undead,,Unassigned,Blocked,38,missing-or-ambiguous-model-assignment
3417,Living Flame,Elementals,303,Fire Elemental,Blocked,16,no-supported-skills
3470,Rathorian,Demons,126,Felguard,Blocked,15,protected-rank
3535,Blackmoss the Fetid,Elementals,355,Bog Beast,Blocked,13,protected-rank; no-ability-profile
3547,Hamlin Atkins,Undead,,Unassigned,Blocked,10,protected-npc-vehicle-script; missing-or-ambiguous-model-assignment
3558,[UNUSED] Temp Poisoning Vendor Undead,Undead,230,Zombie,Active,20,Enabled mapping; runtime eligibility still applies.
3565,[UNUSED] Temp Reagent Vendor Undead,Undead,230,Zombie,Active,20,Enabled mapping; runtime eligibility still applies.
3569,Bogling,Elementals,355,Bog Beast,Blocked,5,no-ability-profile
3570,Cleansed Timberling,Elementals,355,Bog Beast,Blocked,7,no-ability-profile
3617,Lordaeron Citizen,Undead,217,Ghost,Blocked,15,no-ability-profile
3662,Delmanis the Hated,Demons,134,Satyr,Active,17,Enabled mapping; runtime eligibility still applies.
3667,Anaya Dawnrunner,Undead,,Unassigned,Blocked,16,missing-or-ambiguous-model-assignment
3752,Xavian Rogue,Demons,134,Satyr,Active,29,Enabled mapping; runtime eligibility still applies.
3754,Xavian Betrayer,Demons,134,Satyr,Active,28,Enabled mapping; runtime eligibility still applies.
3755,Xavian Felsworn,Demons,134,Satyr,Active,28,Enabled mapping; runtime eligibility still applies.
3757,Xavian Hellcaller,Demons,134,Satyr,Active,29,Enabled mapping; runtime eligibility still applies.
3758,Felmusk Satyr,Demons,134,Satyr,Active,25,Enabled mapping; runtime eligibility still applies.
3759,Felmusk Rogue,Demons,134,Satyr,Active,26,Enabled mapping; runtime eligibility still applies.
3762,Felmusk Felsworn,Demons,134,Satyr,Active,26,Enabled mapping; runtime eligibility still applies.
3763,Felmusk Shadowstalker,Demons,134,Satyr,Active,26,Enabled mapping; runtime eligibility still applies.
3765,Bleakheart Satyr,Demons,134,Satyr,Active,26,Enabled mapping; runtime eligibility still applies.
3767,Bleakheart Trickster,Demons,134,Satyr,Active,27,Enabled mapping; runtime eligibility still applies.
3770,Bleakheart Shadowstalker,Demons,134,Satyr,Active,27,Enabled mapping; runtime eligibility still applies.
3771,Bleakheart Hellcaller,Demons,134,Satyr,Active,26,Enabled mapping; runtime eligibility still applies.
3772,Lesser Felguard,Demons,126,Felguard,Staged,23,Assignment candidate; profile/build/effect validation pending.
3773,Akkrilus,Demons,106,Doomguard,Blocked,26,protected-rank
3774,Felslayer,Demons,110,Felhunter (reference: Felhound),Staged,22,Assignment candidate; profile/build/effect validation pending.
3780,Shadethicket Moss Eater,Elementals,355,Bog Beast,Blocked,21,no-ability-profile
3781,Shadethicket Wood Shaper,Elementals,355,Bog Beast,Blocked,23,no-ability-profile
3782,Shadethicket Stone Mover,Elementals,355,Bog Beast,Blocked,25,no-ability-profile
3783,Shadethicket Raincaller,Elementals,355,Bog Beast,Blocked,22,no-ability-profile
3784,Shadethicket Bark Ripper,Elementals,355,Bog Beast,Blocked,26,no-ability-profile
3799,Severed Druid,Undead,,Unassigned,Blocked,28,missing-or-ambiguous-model-assignment
3801,Severed Sleeper,Undead,,Unassigned,Blocked,28,missing-or-ambiguous-model-assignment
3802,Severed Dreamer,Undead,,Unassigned,Blocked,29,missing-or-ambiguous-model-assignment
3803,Severed Keeper,Undead,,Unassigned,Blocked,29,missing-or-ambiguous-model-assignment
3815,Blink Dragon,Dragonkin,541,Faerie Dragon,Blocked,26,no-supported-skills
3834,Crazed Ancient,Elementals,394,Treant,Blocked,27,no-ability-profile
3839,Voidlasher,Demons,143,Voidwalker,Blocked,19,protected-rank
3863,Lupine Horror,Undead,,Unassigned,Blocked,20,protected-rank; missing-or-ambiguous-model-assignment
3869,Lesser Gargoyle,Undead,215,Gargoyle,Blocked,20,protected-rank
3870,Stone Sleeper,Undead,215,Gargoyle,Blocked,20,protected-rank
3872,Deathsworn Captain,Undead,,Unassigned,Blocked,21,protected-rank; missing-or-ambiguous-model-assignment
3873,Tormented Officer,Undead,,Unassigned,Blocked,20,protected-rank; missing-or-ambiguous-model-assignment
3875,Haunted Servitor,Undead,,Unassigned,Blocked,18,protected-rank; missing-or-ambiguous-model-assignment
3876,Traumatized Spirit,Undead,,Unassigned,Blocked,18,protected-rank; missing-or-ambiguous-model-assignment
3877,Wailing Guardsman,Undead,,Unassigned,Blocked,19,protected-rank; missing-or-ambiguous-model-assignment
3878,Magthrull's Doomguard,Demons,106,Doomguard,Active,20,Enabled mapping; runtime eligibility still applies.
3887,Baron Silverlaine,Undead,,Unassigned,Blocked,20,protected-rank; missing-or-ambiguous-model-assignment
3898,Aligar the Tormentor,Demons,134,Satyr,Active,24,Enabled mapping; runtime eligibility still applies.
3899,Balizar the Umbrage,Demons,134,Satyr,Active,24,Enabled mapping; runtime eligibility still applies.
3900,Caedakar the Vicious,Demons,134,Satyr,Active,24,Enabled mapping; runtime eligibility still applies.
3917,Befouled Water Elemental,Elementals,304,Water Elemental,Blocked,23,no-supported-skills
3919,Withered Ancient,Elementals,394,Treant,Blocked,26,no-ability-profile
3931,Shadethicket Oracle,Elementals,355,Bog Beast,Blocked,30,no-ability-profile
3940,Taneel Darkwood,Undead,,Unassigned,Blocked,32,missing-or-ambiguous-model-assignment
3941,Uthil Mooncall,Undead,,Unassigned,Blocked,32,missing-or-ambiguous-model-assignment
3942,Mavoris Cloudsbreak,Undead,,Unassigned,Blocked,32,missing-or-ambiguous-model-assignment
3950,Minor Water Guardian,Elementals,304,Water Elemental,Blocked,25,no-supported-skills
4016,Fey Dragon,Dragonkin,541,Faerie Dragon,Blocked,24,no-supported-skills
4017,Wily Fey Dragon,Dragonkin,541,Faerie Dragon,Blocked,26,no-supported-skills
4028,Charred Ancient,Elementals,394,Treant,Blocked,25,no-ability-profile
4029,Blackened Ancient,Elementals,394,Treant,Blocked,27,no-ability-profile
4030,Vengeful Ancient,Elementals,394,Treant,Blocked,29,protected-rank; no-ability-profile
4033,Charred Stone Spirit,Elementals,302,Earth Elemental,Blocked,22,no-supported-skills
4034,Enraged Stone Spirit,Elementals,302,Earth Elemental,Blocked,24,no-supported-skills
4035,Furious Stone Spirit,Elementals,302,Earth Elemental,Blocked,26,no-supported-skills
4036,Rogue Flame Spirit,Elementals,303,Fire Elemental,Blocked,23,no-supported-skills
4037,Burning Ravager,Elementals,303,Fire Elemental,Blocked,24,no-supported-skills
4038,Burning Destroyer,Elementals,303,Fire Elemental,Blocked,26,no-supported-skills
4066,Nal'taszar,Dragonkin,541,Faerie Dragon,Blocked,30,protected-rank; no-supported-skills
4120,Thundering Boulderkin,Elementals,302,Earth Elemental,Blocked,28,no-supported-skills
4121,Wandering Boulderkin,Elementals,302,Earth Elemental,Blocked,26,no-supported-skills
4277,Eye of Kilrogg,Demons,,Unassigned,Blocked,80,missing-or-ambiguous-model-assignment
4278,Commander Springvale,Undead,,Unassigned,Blocked,20,protected-rank; missing-or-ambiguous-model-assignment
4308,Unfettered Spirit,Undead,217,Ghost,Blocked,30,no-ability-profile
4323,Searing Hatchling,Dragonkin,402,Black Whelp,Blocked,39,no-supported-skills
4324,Searing Whelp,Dragonkin,402,Black Whelp,Blocked,39,no-supported-skills
4328,Firemane Scalebane,Dragonkin,,Unassigned,Blocked,40,missing-or-ambiguous-model-assignment
4329,Firemane Scout,Dragonkin,,Unassigned,Blocked,39,missing-or-ambiguous-model-assignment
4331,Firemane Ash Tail,Dragonkin,,Unassigned,Blocked,40,missing-or-ambiguous-model-assignment
4333,Firemane Devourer,Dragonkin,,Unassigned,Blocked,41,missing-or-ambiguous-model-assignment
4334,Firemane Flamecaller,Dragonkin,,Unassigned,Blocked,41,missing-or-ambiguous-model-assignment
4339,Brimgore,Dragonkin,403,Black Drake,Blocked,41,protected-rank
4382,Withervine Creeper,Elementals,355,Bog Beast,Blocked,36,no-ability-profile
4385,Withervine Rager,Elementals,355,Bog Beast,Blocked,36,no-ability-profile
4386,Withervine Bark Ripper,Elementals,355,Bog Beast,Blocked,36,no-ability-profile
4387,Withervine Mire Beast,Elementals,355,Bog Beast,Blocked,37,no-ability-profile
4423,Darnassian Protector,Elementals,394,Treant,Blocked,65,no-ability-profile
4472,Haunting Vision,Undead,217,Ghost,Blocked,57,no-ability-profile
4473,Skeletal Adept,Undead,225,Skeleton,Blocked,1,protected-rank
4474,Rotting Cadaver,Undead,230,Zombie,Active,53,Enabled mapping; runtime eligibility still applies.
4475,Blighted Zombie,Undead,230,Zombie,Active,52,Enabled mapping; runtime eligibility still applies.
4476,Screaming Haunt,Undead,204,Banshee,Active,54,Enabled mapping; runtime eligibility still applies.
4499,Rok'Alim the Pounder,Elementals,302,Earth Elemental,Blocked,30,no-supported-skills
4526,Wind Howler,Elementals,301,Air Elemental,Blocked,22,protected-rank; no-supported-skills
4528,Stone Rumbler,Elementals,302,Earth Elemental,Blocked,21,protected-rank; no-supported-skills
4542,High Inquisitor Fairbanks,Undead,,Unassigned,Blocked,40,protected-rank; protected-npc-vehicle-script; missing-or-ambiguous-model-assignment
4543,Bloodmage Thalnos,Undead,233,Skeletal Mage,Blocked,32,protected-rank
4550,Ophelia Montague,Undead,217,Ghost,Blocked,45,protected-npc-vehicle-script; no-ability-profile
4566,Kaelystia Hatebringer,Undead,204,Banshee,Blocked,60,protected-npc-vehicle-script
4606,Aelthalyste,Undead,204,Banshee,Blocked,60,protected-npc-vehicle-script
4610,Algernon,Undead,230,Zombie,Blocked,30,protected-npc-vehicle-script
4612,Boyle,Undead,230,Zombie,Active,30,Enabled mapping; runtime eligibility still applies.
4619,Geltharis,Demons,134,Satyr,Active,32,Enabled mapping; runtime eligibility still applies.
4627,Arugal's Voidwalker,Demons,143,Voidwalker,Staged,20,Assignment candidate; profile/build/effect validation pending.
4661,Gelkis Rumbler,Elementals,302,Earth Elemental,Blocked,29,no-supported-skills
4670,Hatefury Rogue,Demons,134,Satyr,Active,31,Enabled mapping; runtime eligibility still applies.
4671,Hatefury Trickster,Demons,134,Satyr,Active,31,Enabled mapping; runtime eligibility still applies.
4672,Hatefury Felsworn,Demons,134,Satyr,Active,31,Enabled mapping; runtime eligibility still applies.
4673,Hatefury Betrayer,Demons,134,Satyr,Active,32,Enabled mapping; runtime eligibility still applies.
4674,Hatefury Shadowstalker,Demons,134,Satyr,Active,32,Enabled mapping; runtime eligibility still applies.
4675,Hatefury Hellcaller,Demons,134,Satyr,Active,32,Enabled mapping; runtime eligibility still applies.
4676,Lesser Infernal,Demons,118,Infernal,Active,36,Enabled mapping; runtime eligibility still applies.
4677,Doomwarder,Demons,126,Felguard,Staged,37,Assignment candidate; profile/build/effect validation pending.
4678,Mana Eater,Demons,110,Felhunter (reference: Felhound),Staged,37,Assignment candidate; profile/build/effect validation pending.
4679,Nether Maiden,Demons,135,Succubus,Staged,37,Assignment candidate; profile/build/effect validation pending.
4680,Doomwarder Captain,Demons,126,Felguard,Staged,38,Assignment candidate; profile/build/effect validation pending.
4681,Mage Hunter,Demons,110,Felhunter (reference: Felhound),Staged,38,Assignment candidate; profile/build/effect validation pending.
4682,Nether Sister,Demons,135,Succubus,Staged,38,Assignment candidate; profile/build/effect validation pending.
4683,Doomwarder Lord,Demons,126,Felguard,Staged,39,Assignment candidate; profile/build/effect validation pending.
4684,Nether Sorceress,Demons,135,Succubus,Staged,39,Assignment candidate; profile/build/effect validation pending.
4685,Ley Hunter,Demons,110,Felhunter (reference: Felhound),Staged,39,Assignment candidate; profile/build/effect validation pending.
4731,Zachariah Post,Undead,,Unassigned,Blocked,30,protected-npc-vehicle-script; missing-or-ambiguous-model-assignment
4773,Velma Warnam,Undead,,Unassigned,Blocked,30,protected-npc-vehicle-script; missing-or-ambiguous-model-assignment
4788,Fallenroot Satyr,Demons,134,Satyr,Active,20,Enabled mapping; runtime eligibility still applies.
4789,Fallenroot Rogue,Demons,134,Satyr,Active,21,Enabled mapping; runtime eligibility still applies.
4798,Fallenroot Shadowstalker,Demons,134,Satyr,Blocked,22,protected-rank
4799,Fallenroot Hellcaller,Demons,134,Satyr,Blocked,22,protected-rank
4857,Stone Keeper,Elementals,,Unassigned,Blocked,40,protected-rank; missing-or-ambiguous-model-assignment
4860,Stone Steward,Elementals,,Unassigned,Blocked,39,protected-rank; missing-or-ambiguous-model-assignment
4958,Haunting Spirit,Undead,204,Banshee,Active,20,Enabled mapping; runtime eligibility still applies.
4978,Aku'mai Servant,Elementals,304,Water Elemental,Blocked,23,protected-rank; no-supported-skills
5055,Deviate Lasher,Elementals,,Unassigned,Blocked,19,missing-or-ambiguous-model-assignment
5097,Lupine Delusion,Undead,,Unassigned,Blocked,20,missing-or-ambiguous-model-assignment
5263,Mummified Atal'ai,Undead,,Unassigned,Blocked,46,missing-or-ambiguous-model-assignment
5267,Unliving Atal'ai,Undead,,Unassigned,Blocked,47,protected-rank; missing-or-ambiguous-model-assignment
5270,Atal'ai Corpse Eater,Undead,,Unassigned,Blocked,48,protected-rank; missing-or-ambiguous-model-assignment
5271,Atal'ai Deathwalker,Undead,,Unassigned,Blocked,48,protected-rank; missing-or-ambiguous-model-assignment
5276,Sprite Dragon,Dragonkin,541,Faerie Dragon,Blocked,47,no-supported-skills
5277,Nightmare Scalebane,Dragonkin,,Unassigned,Blocked,49,protected-rank; missing-or-ambiguous-model-assignment
5278,Sprite Darter,Dragonkin,541,Faerie Dragon,Blocked,43,no-supported-skills
5280,Nightmare Wyrmkin,Dragonkin,,Unassigned,Blocked,48,protected-rank; missing-or-ambiguous-model-assignment
5283,Nightmare Wanderer,Dragonkin,,Unassigned,Blocked,48,protected-rank; missing-or-ambiguous-model-assignment
5312,Lethlas,Dragonkin,439,Green Drake,Blocked,62,protected-rank; no-supported-skills
5314,Phantim,Dragonkin,439,Green Drake,Blocked,62,protected-rank; no-supported-skills
5315,Jademir Dragonspawn,Dragonkin,,Unassigned,Blocked,60,protected-rank; missing-or-ambiguous-model-assignment
5317,Jademir Oracle,Dragonkin,,Unassigned,Blocked,61,protected-rank; missing-or-ambiguous-model-assignment
5319,Jademir Tree Warder,Dragonkin,,Unassigned,Blocked,60,protected-rank; missing-or-ambiguous-model-assignment
5320,Jademir Boughguard,Dragonkin,,Unassigned,Blocked,62,protected-rank; missing-or-ambiguous-model-assignment
5348,Dreamwatcher Forktongue,Dragonkin,,Unassigned,Blocked,62,protected-rank; missing-or-ambiguous-model-assignment
5354,Gnarl Leafbrother,Elementals,394,Treant,Blocked,44,protected-rank; no-ability-profile
5400,Zekkis,Undead,,Unassigned,Blocked,48,protected-rank; missing-or-ambiguous-model-assignment
5407,Nightmare,Demons,129,Felsteed,Blocked,1,"Assignment proposed; server spell definitions missing: 80166, 80167, 891894"
5461,Sea Elemental,Elementals,304,Water Elemental,Blocked,48,no-supported-skills
5462,Sea Spray,Elementals,304,Water Elemental,Blocked,47,no-supported-skills
5465,Land Rager,Elementals,302,Earth Elemental,Blocked,45,no-supported-skills
5481,Thistleshrub Dew Collector,Elementals,355,Bog Beast,Blocked,47,no-ability-profile
5485,Thistleshrub Rootshaper,Elementals,355,Bog Beast,Blocked,49,no-ability-profile
5490,Gnarled Thistleshrub,Elementals,355,Bog Beast,Blocked,48,no-ability-profile
5621,Timmy,Undead,218,Ghoul,Active,1,Enabled mapping; runtime eligibility still applies.
5624,Undercity Guardian,Undead,203,Abomination,Blocked,75,protected-npc-vehicle-script
5626,Joey,Undead,218,Ghoul,Active,1,Enabled mapping; runtime eligibility still applies.
5627,Johnny,Undead,218,Ghoul,Blocked,1,protected-npc-vehicle-script
5676,Summoned Voidwalker,Demons,143,Voidwalker,Staged,10,Assignment candidate; profile/build/effect validation pending.
5677,Summoned Succubus,Demons,135,Succubus,Staged,20,Assignment candidate; profile/build/effect validation pending.
5685,Captive Ghoul,Undead,218,Ghoul,Active,10,Enabled mapping; runtime eligibility still applies.
5686,Captive Zombie,Undead,230,Zombie,Active,8,Enabled mapping; runtime eligibility still applies.
5687,Captive Abomination,Undead,203,Abomination,Blocked,20,"Assignment proposed; server spell definitions missing: 80186, 80190"
5709,Shade of Eranikus,Dragonkin,,Unassigned,Blocked,50,protected-rank; missing-or-ambiguous-model-assignment
5711,Ogom the Wretched,Undead,,Unassigned,Blocked,49,protected-rank; missing-or-ambiguous-model-assignment
5712,Zolo,Undead,,Unassigned,Blocked,49,protected-rank; missing-or-ambiguous-model-assignment
5713,Gasher,Undead,,Unassigned,Blocked,49,protected-rank; missing-or-ambiguous-model-assignment
5714,Loro,Undead,,Unassigned,Blocked,49,protected-rank; missing-or-ambiguous-model-assignment
5715,Hukku,Undead,,Unassigned,Blocked,49,protected-rank; missing-or-ambiguous-model-assignment
5716,Zul'Lor,Undead,,Unassigned,Blocked,49,protected-rank; missing-or-ambiguous-model-assignment
5717,Mijan,Undead,,Unassigned,Blocked,49,protected-rank; missing-or-ambiguous-model-assignment
5718,Rothos,Dragonkin,439,Green Drake,Blocked,62,protected-rank; no-supported-skills
5719,Morphaz,Dragonkin,439,Green Drake,Blocked,50,protected-rank; no-supported-skills
5720,Weaver,Dragonkin,439,Green Drake,Blocked,50,protected-rank; no-supported-skills
5721,Dreamscythe,Dragonkin,439,Green Drake,Blocked,50,protected-rank; no-supported-skills
5722,Hazzas,Dragonkin,439,Green Drake,Blocked,50,protected-rank; no-supported-skills
5725,Deathguard Lundmark,Undead,,Unassigned,Blocked,15,protected-npc-vehicle-script; missing-or-ambiguous-model-assignment
5726,Jezelle's Felhunter,Demons,110,Felhunter (reference: Felhound),Staged,30,Assignment candidate; profile/build/effect validation pending.
5727,Jezelle's Felsteed,Demons,129,Felsteed,Blocked,40,"Assignment proposed; server spell definitions missing: 80166, 80167, 891894"
5728,Jezelle's Succubus,Demons,135,Succubus,Staged,40,Assignment candidate; profile/build/effect validation pending.
5729,Jezelle's Voidwalker,Demons,143,Voidwalker,Staged,40,Assignment candidate; profile/build/effect validation pending.
5730,Jezelle's Imp,Demons,115,Imp,Staged,40,Assignment candidate; profile/build/effect validation pending.
5760,Lord Azrethoc,Demons,106,Doomguard,Blocked,40,protected-rank
5761,Deviate Shambler,Elementals,355,Bog Beast,Blocked,19,protected-rank; no-ability-profile
5764,Guardian of Blizzard,Elementals,,Unassigned,Blocked,63,protected-npc-vehicle-script; missing-or-ambiguous-model-assignment
5772,Lord Azrethoc's Image,Demons,106,Doomguard,Active,40,Enabled mapping; runtime eligibility still applies.
5775,Verdan the Everliving,Elementals,355,Bog Beast,Blocked,20,protected-rank; no-ability-profile
5806,Treant Ally,Elementals,394,Treant,Blocked,24,no-ability-profile
5850,Blazing Elemental,Elementals,303,Fire Elemental,Blocked,45,no-supported-skills
5852,Inferno Elemental,Elementals,303,Fire Elemental,Blocked,47,no-supported-skills
5853,Tempered War Golem,Elementals,,Unassigned,Blocked,45,missing-or-ambiguous-model-assignment
5855,Magma Elemental,Elementals,302,Earth Elemental,Blocked,46,no-supported-skills
5881,Cursed Sycamore,Elementals,394,Treant,Blocked,45,no-ability-profile
5889,Mesa Earth Spirit,Elementals,302,Earth Elemental,Blocked,5,no-supported-skills
5890,Redrock Earth Spirit,Elementals,302,Earth Elemental,Blocked,1,no-supported-skills
5891,Minor Manifestation of Earth,Elementals,302,Earth Elemental,Blocked,15,protected-npc-vehicle-script; no-supported-skills
5893,Minor Manifestation of Fire,Elementals,303,Fire Elemental,Blocked,12,no-supported-skills
5894,Corrupt Minor Manifestation of Water,Elementals,304,Water Elemental,Blocked,22,no-supported-skills
5895,Minor Manifestation of Water,Elementals,304,Water Elemental,Blocked,22,protected-npc-vehicle-script; no-supported-skills
5896,Fire Spirit,Elementals,303,Fire Elemental,Blocked,9,no-supported-skills
5897,Corrupt Water Spirit,Elementals,304,Water Elemental,Blocked,19,no-supported-skills
5898,Air Spirit,Elementals,301,Air Elemental,Blocked,29,no-supported-skills
5902,Minor Manifestation of Air,Elementals,301,Air Elemental,Blocked,33,no-supported-skills
5912,Deviate Faerie Dragon,Dragonkin,541,Faerie Dragon,Blocked,19,protected-rank; no-supported-skills
5954,Shade (Deprecated),Undead,224,Shade,Active,1,Enabled mapping; runtime eligibility still applies.
5993,Helboar,Demons,,Unassigned,Blocked,52,missing-or-ambiguous-model-assignment
6010,Felhound,Demons,110,Felhunter (reference: Felhound),Staged,54,Assignment candidate; profile/build/effect validation pending.
6011,Felguard Sentry,Demons,126,Felguard,Staged,54,Assignment candidate; profile/build/effect validation pending.
6036,Guardian of Backus,Undead,233,Skeletal Mage,Active,62,Enabled mapping; runtime eligibility still applies.
6047,Aqua Guardian,Elementals,304,Water Elemental,Blocked,20,no-supported-skills
6071,Legion Hound,Demons,110,Felhunter (reference: Felhound),Staged,29,Assignment candidate; profile/build/effect validation pending.
6072,Diathorus the Seeker,Demons,128,Nathrezim,Active,32,Enabled mapping; runtime eligibility still applies.
6073,Searing Infernal,Demons,118,Infernal,Active,29,Enabled mapping; runtime eligibility still applies.
6092,Minor Phantasm,Undead,224,Shade,Active,14,Enabled mapping; runtime eligibility still applies.
6106,Lesser Phantasm,Undead,224,Shade,Active,22,Enabled mapping; runtime eligibility still applies.
6107,Shade,Undead,224,Shade,Active,60,Enabled mapping; runtime eligibility still applies.
6108,Greater Phantasm,Undead,224,Shade,Active,38,Enabled mapping; runtime eligibility still applies.
6109,Azuregos,Dragonkin,,Unassigned,Blocked,63,protected-rank; protected-npc-vehicle-script; missing-or-ambiguous-model-assignment
6115,Roaming Felguard,Demons,126,Felguard,Staged,28,Assignment candidate; profile/build/effect validation pending.
6116,Highborne Apparition,Undead,204,Banshee,Active,45,Enabled mapping; runtime eligibility still applies.
6117,Highborne Lichling,Undead,217,Ghost,Blocked,46,no-ability-profile
6118,Varo'then's Ghost,Undead,217,Ghost,Blocked,48,protected-rank; no-ability-profile
6125,Haldarr Satyr,Demons,134,Satyr,Active,45,Enabled mapping; runtime eligibility still applies.
6126,Haldarr Trickster,Demons,134,Satyr,Active,45,Enabled mapping; runtime eligibility still applies.
6127,Haldarr Felsworn,Demons,134,Satyr,Active,46,Enabled mapping; runtime eligibility still applies.
6128,Vorlus Vilehoof,Demons,134,Satyr,Active,10,Enabled mapping; runtime eligibility still applies.
6129,Draconic Magelord,Dragonkin,,Unassigned,Blocked,53,protected-rank; missing-or-ambiguous-model-assignment
6130,Blue Scalebane,Dragonkin,,Unassigned,Blocked,52,protected-rank; missing-or-ambiguous-model-assignment
6131,Draconic Mageweaver,Dragonkin,,Unassigned,Blocked,51,protected-rank; missing-or-ambiguous-model-assignment
6133,Shade of Elura,Undead,,Unassigned,Blocked,11,missing-or-ambiguous-model-assignment
6200,Legashi Satyr,Demons,134,Satyr,Active,51,Enabled mapping; runtime eligibility still applies.
6201,Legashi Rogue,Demons,134,Satyr,Active,51,Enabled mapping; runtime eligibility still applies.
6202,Legashi Hellcaller,Demons,134,Satyr,Active,52,Enabled mapping; runtime eligibility still applies.
6220,Irradiated Horror,Elementals,304,Water Elemental,Blocked,26,protected-rank; no-supported-skills
6239,Cyclonian,Elementals,301,Air Elemental,Blocked,40,protected-rank; no-supported-skills
6268,Summoned Felhunter,Demons,110,Felhunter (reference: Felhound),Staged,30,Assignment candidate; profile/build/effect validation pending.
6269,Azgalaril,Demons,143,Voidwalker,Staged,10,Assignment candidate; profile/build/effect validation pending.
6270,Asjorah,Demons,135,Succubus,Staged,20,Assignment candidate; profile/build/effect validation pending.
6296,Flame Elemental,Elementals,303,Fire Elemental,Blocked,17,no-supported-skills
6346,Skeletal Horse,Undead,,Unassigned,Blocked,1,missing-or-ambiguous-model-assignment
6388,Zanzil Skeleton,Undead,225,Skeleton,Active,46,Enabled mapping; runtime eligibility still applies.
6412,Skeleton,Undead,225,Skeleton,Active,20,Enabled mapping; runtime eligibility still applies.
6426,Anguished Dead,Undead,230,Zombie,Blocked,31,protected-rank
6427,Haunting Phantasm,Undead,224,Shade,Blocked,31,protected-rank
6486,Black Skeletal Horse,Undead,,Unassigned,Blocked,1,missing-or-ambiguous-model-assignment
6488,Fallen Champion,Undead,,Unassigned,Blocked,32,protected-rank; missing-or-ambiguous-model-assignment
6489,Ironspine,Undead,225,Skeleton,Blocked,32,protected-rank
6490,Azshir the Sleepless,Undead,,Unassigned,Blocked,32,protected-rank; missing-or-ambiguous-model-assignment
6492,Rift Spawn,Elementals,,Unassigned,Blocked,16,missing-or-ambiguous-model-assignment
6493,Illusionary Phantasm,Undead,217,Ghost,Blocked,31,protected-rank; no-ability-profile
6509,Bloodpetal Lasher,Elementals,,Unassigned,Blocked,48,missing-or-ambiguous-model-assignment
6510,Bloodpetal Flayer,Elementals,,Unassigned,Blocked,51,missing-or-ambiguous-model-assignment
6511,Bloodpetal Thresher,Elementals,,Unassigned,Blocked,49,missing-or-ambiguous-model-assignment
6512,Bloodpetal Trapper,Elementals,,Unassigned,Blocked,52,missing-or-ambiguous-model-assignment
6517,Tar Beast,Elementals,355,Bog Beast,Blocked,50,no-ability-profile
6518,Tar Lurker,Elementals,355,Bog Beast,Blocked,52,no-ability-profile
6519,Tar Lord,Elementals,355,Bog Beast,Blocked,53,no-ability-profile
6520,Scorching Elemental,Elementals,303,Fire Elemental,Blocked,53,no-supported-skills
6521,Living Blaze,Elementals,303,Fire Elemental,Blocked,54,no-supported-skills
6527,Tar Creeper,Elementals,355,Bog Beast,Blocked,51,no-ability-profile
6549,Demon of the Orb,Demons,126,Felguard,Blocked,40,protected-rank
6550,Mana Surge,Elementals,,Unassigned,Blocked,40,missing-or-ambiguous-model-assignment
6560,Stone Guardian,Elementals,,Unassigned,Blocked,60,protected-rank; missing-or-ambiguous-model-assignment
6561,Stone Warden,Elementals,,Unassigned,Blocked,60,protected-rank; missing-or-ambiguous-model-assignment
6652,Master Feardred,Demons,134,Satyr,Blocked,51,protected-rank
6748,Water Spirit,Elementals,304,Water Elemental,Blocked,18,no-supported-skills
6932,Swamp Spirit,Elementals,355,Bog Beast,Blocked,50,no-ability-profile
7031,Obsidian Elemental,Elementals,302,Earth Elemental,Blocked,52,no-supported-skills
7032,Greater Obsidian Elemental,Elementals,302,Earth Elemental,Blocked,55,no-supported-skills
7039,War Reaver,Elementals,,Unassigned,Blocked,53,missing-or-ambiguous-model-assignment
7040,Black Dragonspawn,Dragonkin,,Unassigned,Blocked,52,missing-or-ambiguous-model-assignment
7041,Black Wyrmkin,Dragonkin,,Unassigned,Blocked,53,missing-or-ambiguous-model-assignment
7042,Flamescale Dragonspawn,Dragonkin,,Unassigned,Blocked,56,missing-or-ambiguous-model-assignment
7043,Flamescale Wyrmkin,Dragonkin,,Unassigned,Blocked,57,missing-or-ambiguous-model-assignment
7044,Black Drake,Dragonkin,403,Black Drake,Blocked,52,Assignment proposed; server spell definitions missing: 91836
7045,Scalding Drake,Dragonkin,403,Black Drake,Blocked,53,Assignment proposed; server spell definitions missing: 91836
7046,Searscale Drake,Dragonkin,403,Black Drake,Blocked,56,Assignment proposed; server spell definitions missing: 91836
7047,Black Broodling,Dragonkin,402,Black Whelp,Blocked,51,no-supported-skills
7048,Scalding Broodling,Dragonkin,402,Black Whelp,Blocked,53,no-supported-skills
7049,Flamescale Broodling,Dragonkin,402,Black Whelp,Blocked,55,no-supported-skills
7050,Defias Drone,Undead,,Unassigned,Blocked,22,missing-or-ambiguous-model-assignment
7067,Venture Co. Drone,Undead,,Unassigned,Blocked,22,missing-or-ambiguous-model-assignment
7068,Condemned Acolyte,Undead,,Unassigned,Blocked,57,protected-rank; missing-or-ambiguous-model-assignment
7069,Condemned Monk,Undead,,Unassigned,Blocked,58,protected-rank; missing-or-ambiguous-model-assignment
7070,Condemned Cleric,Undead,,Unassigned,Blocked,59,protected-rank; missing-or-ambiguous-model-assignment
7071,Cursed Paladin,Undead,,Unassigned,Blocked,57,protected-rank; missing-or-ambiguous-model-assignment
7072,Cursed Justicar,Undead,,Unassigned,Blocked,59,protected-rank; missing-or-ambiguous-model-assignment
7073,Arados the Damned,Undead,,Unassigned,Blocked,35,missing-or-ambiguous-model-assignment
7074,Judge Thelgram,Undead,,Unassigned,Blocked,34,missing-or-ambiguous-model-assignment
7075,Writhing Mage,Undead,,Unassigned,Blocked,58,protected-rank; missing-or-ambiguous-model-assignment
7079,Viscous Fallout,Elementals,304,Water Elemental,Blocked,28,protected-rank; no-supported-skills
7100,Warpwood Moss Flayer,Elementals,355,Bog Beast,Blocked,52,no-ability-profile
7101,Warpwood Shredder,Elementals,355,Bog Beast,Blocked,53,no-ability-profile
7104,Dessecus,Elementals,355,Bog Beast,Blocked,56,protected-rank; no-ability-profile
7105,Jadefire Satyr,Demons,134,Satyr,Active,49,Enabled mapping; runtime eligibility still applies.
7106,Jadefire Rogue,Demons,134,Satyr,Active,50,Enabled mapping; runtime eligibility still applies.
7107,Jadefire Trickster,Demons,134,Satyr,Active,52,Enabled mapping; runtime eligibility still applies.
7108,Jadefire Betrayer,Demons,134,Satyr,Active,53,Enabled mapping; runtime eligibility still applies.
7109,Jadefire Felsworn,Demons,134,Satyr,Active,50,Enabled mapping; runtime eligibility still applies.
7110,Jadefire Shadowstalker,Demons,134,Satyr,Active,51,Enabled mapping; runtime eligibility still applies.
7111,Jadefire Hellcaller,Demons,134,Satyr,Active,53,Enabled mapping; runtime eligibility still applies.
7125,Jaedenar Hound,Demons,110,Felhunter (reference: Felhound),Staged,50,Assignment candidate; profile/build/effect validation pending.
7126,Jaedenar Hunter,Demons,110,Felhunter (reference: Felhound),Staged,52,Assignment candidate; profile/build/effect validation pending.
7127,Jaedenar Stalker,Demons,110,Felhunter (reference: Felhound),Staged,1,Assignment candidate; profile/build/effect validation pending.
7128,Jaedenar Mana Leech,Demons,110,Felhunter (reference: Felhound),Staged,1,Assignment candidate; profile/build/effect validation pending.
7129,Enslaved Voidwalker,Demons,143,Voidwalker,Staged,1,Assignment candidate; profile/build/effect validation pending.
7130,Voidwalker Servant,Demons,143,Voidwalker,Staged,1,Assignment candidate; profile/build/effect validation pending.
7131,Voidwalker Guardian,Demons,143,Voidwalker,Staged,1,Assignment candidate; profile/build/effect validation pending.
7132,Toxic Horror,Elementals,304,Water Elemental,Blocked,53,no-supported-skills
7133,Noxious Horror,Elementals,304,Water Elemental,Blocked,1,no-supported-skills
7134,Poison Flayer,Elementals,304,Water Elemental,Blocked,1,no-supported-skills
7135,Infernal Bodyguard,Demons,118,Infernal,Active,53,Enabled mapping; runtime eligibility still applies.
7136,Infernal Sentry,Demons,118,Infernal,Active,52,Enabled mapping; runtime eligibility still applies.
7137,Immolatus,Demons,118,Infernal,Blocked,56,protected-rank
7138,Irontree Wanderer,Elementals,394,Treant,Blocked,52,no-ability-profile
7139,Irontree Stomper,Elementals,394,Treant,Blocked,52,no-ability-profile
7143,Decaying Treant,Elementals,394,Treant,Blocked,51,no-ability-profile
7144,Withered Treant,Elementals,394,Treant,Blocked,53,no-ability-profile
7146,Treant Protector,Elementals,394,Treant,Blocked,55,no-ability-profile
7149,Withered Protector,Elementals,,Unassigned,Blocked,55,missing-or-ambiguous-model-assignment
7150,Withered Guardian,Elementals,,Unassigned,Blocked,1,missing-or-ambiguous-model-assignment
7151,Withered Watcher,Elementals,,Unassigned,Blocked,1,missing-or-ambiguous-model-assignment
7152,Withered Forest Walker,Elementals,,Unassigned,Blocked,1,missing-or-ambiguous-model-assignment
7206,Ancient Stone Keeper,Elementals,,Unassigned,Blocked,40,protected-rank; missing-or-ambiguous-model-assignment
7226,Sand Storm,Elementals,,Unassigned,Blocked,44,missing-or-ambiguous-model-assignment
7227,Cobaltine Dragonspawn,Dragonkin,,Unassigned,Blocked,48,protected-rank; missing-or-ambiguous-model-assignment
7266,Ember,Elementals,303,Fire Elemental,Blocked,26,no-supported-skills
7270,Sandfury Zombie,Undead,,Unassigned,Blocked,44,protected-rank; missing-or-ambiguous-model-assignment
7272,Theka the Martyr,Undead,,Unassigned,Blocked,46,protected-rank; missing-or-ambiguous-model-assignment
7276,Zul'Farrak Dead Hero,Undead,,Unassigned,Blocked,45,missing-or-ambiguous-model-assignment
7286,Zul'Farrak Zombie,Undead,,Unassigned,Blocked,43,protected-rank; missing-or-ambiguous-model-assignment
7310,Mutated Venture Co. Drone,Undead,,Unassigned,Blocked,25,missing-or-ambiguous-model-assignment
7327,Withered Warrior,Undead,,Unassigned,Blocked,34,protected-rank; missing-or-ambiguous-model-assignment
7328,Withered Reaver,Undead,,Unassigned,Blocked,35,protected-rank; missing-or-ambiguous-model-assignment
7329,Withered Quilguard,Undead,,Unassigned,Blocked,35,protected-rank; missing-or-ambiguous-model-assignment
7332,Withered Spearhide,Undead,,Unassigned,Blocked,34,protected-rank; missing-or-ambiguous-model-assignment
7333,Withered Battle Boar,Undead,,Unassigned,Blocked,34,missing-or-ambiguous-model-assignment
7334,Battle Boar Horror,Undead,,Unassigned,Blocked,35,missing-or-ambiguous-model-assignment
7340,Skeletal Shadowcaster,Undead,225,Skeleton,Active,35,Enabled mapping; runtime eligibility still applies.
7341,Skeletal Frostweaver,Undead,225,Skeleton,Blocked,35,protected-rank
7342,Skeletal Summoner,Undead,233,Skeletal Mage,Blocked,36,protected-rank
7343,Splinterbone Skeleton,Undead,225,Skeleton,Active,35,Enabled mapping; runtime eligibility still applies.
7344,Splinterbone Warrior,Undead,225,Skeleton,Active,35,Enabled mapping; runtime eligibility still applies.
7345,Splinterbone Captain,Undead,225,Skeleton,Blocked,36,protected-rank
7346,Splinterbone Centurion,Undead,225,Skeleton,Active,36,Enabled mapping; runtime eligibility still applies.
7347,Boneflayer Ghoul,Undead,218,Ghoul,Blocked,36,protected-rank
7348,Thorn Eater Ghoul,Undead,218,Ghoul,Blocked,35,protected-rank
7349,Tomb Fiend,Undead,207,Crypt Fiend,Active,35,Enabled mapping; runtime eligibility still applies.
7351,Tomb Reaver,Undead,207,Crypt Fiend,Blocked,36,protected-rank
7352,Frozen Soul,Undead,217,Ghost,Blocked,35,protected-rank; no-ability-profile
7353,Freezing Spirit,Undead,217,Ghost,Blocked,36,protected-rank; no-ability-profile
7355,Tuten'kash,Undead,207,Crypt Fiend,Blocked,37,protected-rank
7357,Mordresh Fire Eye,Undead,225,Skeleton,Blocked,37,protected-rank
7358,Amnennar the Coldbringer,Undead,219,Lich,Blocked,37,protected-rank
7364,Flawless Draenethyst Sphere,Elementals,,Unassigned,Blocked,60,missing-or-ambiguous-model-assignment
7365,Flawless Draenethyst Fragment,Elementals,,Unassigned,Blocked,40,missing-or-ambiguous-model-assignment
7370,Restless Shade,Undead,224,Shade,Active,68,Enabled mapping; runtime eligibility still applies.
7374,Vengeful Wraith,Undead,224,Shade,Active,69,Enabled mapping; runtime eligibility still applies.
7375,Spirit of Wrath,Undead,224,Shade,Active,69,Enabled mapping; runtime eligibility still applies.
7409,Faltering Draenethyst Sphere,Elementals,,Unassigned,Blocked,1,missing-or-ambiguous-model-assignment
7435,Cobalt Wyrmkin,Dragonkin,,Unassigned,Blocked,55,protected-rank; missing-or-ambiguous-model-assignment
7436,Cobalt Scalebane,Dragonkin,,Unassigned,Blocked,56,protected-rank; missing-or-ambiguous-model-assignment
7437,Cobalt Mageweaver,Dragonkin,,Unassigned,Blocked,57,protected-rank; missing-or-ambiguous-model-assignment
7461,Hederine Initiate,Demons,135,Succubus,Blocked,59,protected-rank
7462,Hederine Manastalker,Demons,110,Felhunter (reference: Felhound),Blocked,59,protected-rank
7463,Hederine Slayer,Demons,126,Felguard,Blocked,59,protected-rank
7503,Curse of the Eye (Male),Undead,,Unassigned,Blocked,26,missing-or-ambiguous-model-assignment
7504,Curse of the Eye (Female),Undead,,Unassigned,Blocked,26,missing-or-ambiguous-model-assignment
7523,Suffering Highborne,Undead,217,Ghost,Blocked,54,no-ability-profile
7524,Anguished Highborne,Undead,204,Banshee,Active,55,Enabled mapping; runtime eligibility still applies.
7584,Wandering Forest Walker,Elementals,394,Treant,Blocked,44,no-ability-profile
7624,Slim's Test Death Knight,Undead,,Unassigned,Blocked,80,missing-or-ambiguous-model-assignment
7664,Razelikh the Defiler,Demons,128,Nathrezim,Blocked,60,protected-rank
7665,Grol the Destroyer,Demons,,Unassigned,Blocked,58,protected-rank; missing-or-ambiguous-model-assignment
7666,Archmage Allistarj,Demons,,Unassigned,Blocked,58,protected-rank; missing-or-ambiguous-model-assignment
7667,Lady Sevine,Demons,,Unassigned,Blocked,59,protected-rank; missing-or-ambiguous-model-assignment
7728,Kirith the Damned,Demons,110,Felhunter (reference: Felhound),Staged,55,Assignment candidate; profile/build/effect validation pending.
7734,Ilifar,Demons,,Unassigned,Blocked,60,missing-or-ambiguous-model-assignment
7735,Felcular,Demons,126,Felguard,Staged,60,Assignment candidate; profile/build/effect validation pending.
7738,Burning Servant,Elementals,303,Fire Elemental,Blocked,26,no-supported-skills
7767,Witherbark Felhunter,Demons,110,Felhunter (reference: Felhound),Staged,45,Assignment candidate; profile/build/effect validation pending.
7786,Skeleton of Zum'rah,Undead,225,Skeleton,Active,46,Enabled mapping; runtime eligibility still applies.
7791,Theka the Martyr Shapeshift,Undead,,Unassigned,Blocked,49,protected-rank; missing-or-ambiguous-model-assignment
7796,Nekrum Gutchewer,Undead,,Unassigned,Blocked,45,protected-rank; missing-or-ambiguous-model-assignment
7846,Teremus the Devourer,Dragonkin,403,Black Drake,Blocked,60,protected-rank
7864,Lingering Highborne,Undead,217,Ghost,Blocked,48,no-ability-profile
7895,Ambassador Bloodrage,Undead,,Unassigned,Blocked,35,protected-rank; missing-or-ambiguous-model-assignment
7997,Captured Sprite Darter,Dragonkin,541,Faerie Dragon,Blocked,42,no-supported-skills
8196,Occulus,Dragonkin,427,Bronze Drake,Blocked,50,protected-rank; no-supported-skills
8197,Chronalis,Dragonkin,427,Bronze Drake,Blocked,61,protected-rank; no-supported-skills
8198,Tick,Dragonkin,427,Bronze Drake,Blocked,52,protected-rank; no-supported-skills
8206,Soul of Tanaris,Elementals,302,Earth Elemental,Blocked,51,protected-rank; no-supported-skills
8278,Smoldar,Elementals,302,Earth Elemental,Blocked,50,protected-rank; no-supported-skills
8279,Faulty War Golem,Elementals,,Unassigned,Blocked,46,protected-rank; missing-or-ambiguous-model-assignment
8280,Shleipnarr,Demons,129,Felsteed,Blocked,47,protected-rank
8281,Scald,Elementals,303,Fire Elemental,Blocked,49,protected-rank; no-supported-skills
8317,Atal'ai Deathwalker's Spirit,Undead,217,Ghost,Blocked,48,protected-rank; no-ability-profile
8318,Atal'ai Slave,Demons,,Unassigned,Blocked,46,missing-or-ambiguous-model-assignment
8319,Nightmare Whelp,Dragonkin,438,Green Whelp,Blocked,48,no-supported-skills
8324,Atal'ai Skeleton,Undead,225,Skeleton,Active,48,Enabled mapping; runtime eligibility still applies.
8384,Deep Lurker,Elementals,355,Bog Beast,Blocked,47,protected-rank; no-ability-profile
8400,Obsidion,Elementals,,Unassigned,Blocked,46,missing-or-ambiguous-model-assignment
8407,Makron the Corrupt,Demons,134,Satyr,Active,53,Enabled mapping; runtime eligibility still applies.
8441,Raze,Elementals,118,Infernal,Blocked,48,protected-npc-vehicle-script; creature-type-mismatch
8477,Skeletal Servant,Undead,225,Skeleton,Active,51,Enabled mapping; runtime eligibility still applies.
8479,Kalaran Windblade,Dragonkin,,Unassigned,Blocked,55,protected-rank; protected-npc-vehicle-script; missing-or-ambiguous-model-assignment
8480,Kalaran the Deceiver,Dragonkin,403,Black Drake,Blocked,55,protected-rank
8497,Nightmare Suppressor,Dragonkin,,Unassigned,Blocked,49,protected-rank; missing-or-ambiguous-model-assignment
8499,TEST Uber Succubus,Demons,135,Succubus,Staged,1,Assignment candidate; profile/build/effect validation pending.
8500,TEST Uber Abomination,Undead,203,Abomination,Blocked,1,protected-rank
8501,TEST Uber Crypt Fiend,Undead,207,Crypt Fiend,Active,1,Enabled mapping; runtime eligibility still applies.
8506,Eranikus the Chained,Dragonkin,,Unassigned,Blocked,1,missing-or-ambiguous-model-assignment
8519,Blighted Surge,Elementals,304,Water Elemental,Blocked,54,no-supported-skills
8520,Plague Ravager,Elementals,304,Water Elemental,Blocked,55,no-supported-skills
8521,Blighted Horror,Elementals,304,Water Elemental,Blocked,56,no-supported-skills
8522,Plague Monstrosity,Elementals,304,Water Elemental,Blocked,58,no-supported-skills
8523,Scourge Soldier,Undead,225,Skeleton,Active,53,Enabled mapping; runtime eligibility still applies.
8524,Cursed Mage,Undead,233,Skeletal Mage,Active,54,Enabled mapping; runtime eligibility still applies.
8525,Scourge Warder,Undead,225,Skeleton,Active,55,Enabled mapping; runtime eligibility still applies.
8526,Dark Caster,Undead,225,Skeleton,Active,56,Enabled mapping; runtime eligibility still applies.
8527,Scourge Guard,Undead,225,Skeleton,Active,57,Enabled mapping; runtime eligibility still applies.
8528,Dread Weaver,Undead,233,Skeletal Mage,Active,58,Enabled mapping; runtime eligibility still applies.
8529,Scourge Champion,Undead,225,Skeleton,Active,59,Enabled mapping; runtime eligibility still applies.
8530,Cannibal Ghoul,Undead,218,Ghoul,Active,54,Enabled mapping; runtime eligibility still applies.
8531,Gibbering Ghoul,Undead,218,Ghoul,Active,56,Enabled mapping; runtime eligibility still applies.
8532,Diseased Flayer,Undead,218,Ghoul,Active,58,Enabled mapping; runtime eligibility still applies.
8534,Putrid Gargoyle,Undead,215,Gargoyle,Active,54,Enabled mapping; runtime eligibility still applies.
8535,Putrid Shrieker,Undead,215,Gargoyle,Active,56,Enabled mapping; runtime eligibility still applies.
8536,Putrid Slayer,Undead,215,Gargoyle,Active,58,Enabled mapping; runtime eligibility still applies.
8537,Interloper,Undead,224,Shade,Active,42,Enabled mapping; runtime eligibility still applies.
8538,Unseen Servant,Undead,224,Shade,Active,55,Enabled mapping; runtime eligibility still applies.
8539,Eyeless Watcher,Undead,224,Shade,Active,57,Enabled mapping; runtime eligibility still applies.
8540,Torn Screamer,Undead,204,Banshee,Active,53,Enabled mapping; runtime eligibility still applies.
8541,Hate Shrieker,Undead,204,Banshee,Active,55,Enabled mapping; runtime eligibility still applies.
8542,Death Singer,Undead,204,Banshee,Active,57,Enabled mapping; runtime eligibility still applies.
8543,Stitched Horror,Undead,203,Abomination,Blocked,57,"Assignment proposed; server spell definitions missing: 80186, 80190"
8544,Gangled Golem,Undead,203,Abomination,Blocked,58,"Assignment proposed; server spell definitions missing: 80186, 80190"
8545,Stitched Golem,Undead,203,Abomination,Blocked,59,"Assignment proposed; server spell definitions missing: 80186, 80190"
8552,Necrolyte,Undead,,Unassigned,Blocked,54,missing-or-ambiguous-model-assignment
8555,Crypt Stalker,Undead,207,Crypt Fiend,Active,53,Enabled mapping; runtime eligibility still applies.
8556,Crypt Walker,Undead,207,Crypt Fiend,Active,55,Enabled mapping; runtime eligibility still applies.
8557,Crypt Horror,Undead,207,Crypt Fiend,Active,57,Enabled mapping; runtime eligibility still applies.
8558,Crypt Slayer,Undead,207,Crypt Fiend,Active,58,Enabled mapping; runtime eligibility still applies.
8559,Undead Nerubian,Undead,207,Crypt Fiend,Active,60,Enabled mapping; runtime eligibility still applies.
8567,Glutton,Undead,203,Abomination,Blocked,37,protected-rank
8585,Frost Spectre,Undead,217,Ghost,Blocked,37,no-ability-profile
8596,Plaguehound Runt,Demons,105,Darkhound,Active,53,Enabled mapping; runtime eligibility still applies.
8597,Plaguehound,Demons,105,Darkhound,Active,55,Enabled mapping; runtime eligibility still applies.
8598,Frenzied Plaguehound,Demons,105,Darkhound,Active,57,Enabled mapping; runtime eligibility still applies.
8599,Plaguehound Mastiff,Demons,105,Darkhound,Active,57,Enabled mapping; runtime eligibility still applies.
8608,Angered Infernal,Demons,118,Infernal,Active,52,Enabled mapping; runtime eligibility still applies.
8616,Infernal Servant,Demons,118,Infernal,Active,55,Enabled mapping; runtime eligibility still applies.
8656,Hukku's Voidwalker,Demons,143,Voidwalker,Staged,49,Assignment candidate; profile/build/effect validation pending.
8657,Hukku's Succubus,Demons,135,Succubus,Staged,49,Assignment candidate; profile/build/effect validation pending.
8658,Hukku's Imp,Demons,115,Imp,Staged,49,Assignment candidate; profile/build/effect validation pending.
8662,Idol Oven Fire Target,Dragonkin,,Unassigned,Blocked,1,missing-or-ambiguous-model-assignment
8663,Splinterbone Elite,Undead,225,Skeleton,Blocked,35,protected-rank
8667,Gusting Vortex,Elementals,301,Air Elemental,Blocked,43,no-supported-skills
8668,Felhound Tracker,Demons,110,Felhunter (reference: Felhound),Staged,54,Assignment candidate; profile/build/effect validation pending.
8675,Felbeast,Demons,110,Felhunter (reference: Felhound),Staged,50,Assignment candidate; profile/build/effect validation pending.
8680,Massive Infernal,Demons,118,Infernal,Blocked,62,protected-rank
8716,Dreadlord,Demons,128,Nathrezim,Blocked,62,protected-rank
8717,Felguard Elite,Demons,126,Felguard,Blocked,61,protected-rank
8718,Manahound,Demons,110,Felhunter (reference: Felhound),Blocked,60,protected-rank
8756,Raytaf,Demons,110,Felhunter (reference: Felhound),Blocked,50,protected-rank
8757,Shahiar,Demons,110,Felhunter (reference: Felhound),Blocked,50,protected-rank
8758,Zaman,Demons,110,Felhunter (reference: Felhound),Blocked,50,protected-rank
8776,Emerald Dragon Whelp,Dragonkin,438,Green Whelp,Blocked,55,no-supported-skills
8837,Muck Splash,Elementals,304,Water Elemental,Blocked,47,no-supported-skills
8884,Skeletal Mount,Undead,,Unassigned,Blocked,1,missing-or-ambiguous-model-assignment
8905,Warbringer Construct,Elementals,,Unassigned,Blocked,52,protected-rank; missing-or-ambiguous-model-assignment
8906,Ragereaver Golem,Elementals,,Unassigned,Blocked,54,protected-rank; missing-or-ambiguous-model-assignment
8908,Molten War Golem,Elementals,,Unassigned,Blocked,55,protected-rank; missing-or-ambiguous-model-assignment
8909,Fireguard,Elementals,303,Fire Elemental,Blocked,50,protected-rank; no-supported-skills
8910,Blazing Fireguard,Elementals,303,Fire Elemental,Blocked,52,protected-rank; no-supported-skills
8911,Fireguard Destroyer,Elementals,303,Fire Elemental,Blocked,54,protected-rank; no-supported-skills
8921,Bloodhound,Demons,105,Darkhound,Active,49,Enabled mapping; runtime eligibility still applies.
8922,Bloodhound Mastiff,Demons,105,Darkhound,Active,52,Enabled mapping; runtime eligibility still applies.
8923,Panzor the Invincible,Elementals,,Unassigned,Blocked,56,protected-rank; missing-or-ambiguous-model-assignment
8964,Blackrock Drake,Dragonkin,403,Black Drake,Blocked,50,protected-rank
8976,Hematos,Dragonkin,403,Black Drake,Blocked,60,protected-rank
8981,Malfunctioning Reaver,Elementals,,Unassigned,Blocked,56,protected-rank; missing-or-ambiguous-model-assignment
8982,Ironhand Guardian,Elementals,,Unassigned,Blocked,60,protected-rank; protected-npc-vehicle-script; missing-or-ambiguous-model-assignment
8996,Voidwalker Minion,Demons,143,Voidwalker,Staged,42,Assignment candidate; profile/build/effect validation pending.
9017,Lord Incendius,Elementals,303,Fire Elemental,Blocked,53,protected-rank; no-supported-skills
9025,Lord Roccor,Elementals,302,Earth Elemental,Blocked,51,protected-rank; no-supported-skills
9026,Overmaster Pyron,Elementals,303,Fire Elemental,Blocked,51,protected-rank; no-supported-skills
9031,Anub'shiah,Undead,207,Crypt Fiend,Blocked,52,protected-rank; protected-npc-vehicle-script
9034,Hate'rel,Undead,,Unassigned,Blocked,55,protected-rank; protected-npc-vehicle-script; missing-or-ambiguous-model-assignment
9035,Anger'rel,Undead,,Unassigned,Blocked,55,protected-rank; protected-npc-vehicle-script; missing-or-ambiguous-model-assignment
9036,Vile'rel,Undead,,Unassigned,Blocked,56,protected-rank; protected-npc-vehicle-script; missing-or-ambiguous-model-assignment
9037,Gloom'rel,Undead,,Unassigned,Blocked,56,protected-rank; protected-npc-vehicle-script; missing-or-ambiguous-model-assignment
9038,Seeth'rel,Undead,,Unassigned,Blocked,56,protected-rank; protected-npc-vehicle-script; missing-or-ambiguous-model-assignment
9039,Doom'rel,Undead,,Unassigned,Blocked,56,protected-rank; protected-npc-vehicle-script; missing-or-ambiguous-model-assignment
9040,Dope'rel,Undead,,Unassigned,Blocked,56,protected-rank; protected-npc-vehicle-script; missing-or-ambiguous-model-assignment
9042,Verek,Demons,105,Darkhound,Blocked,53,protected-rank
9096,Rage Talon Dragonspawn,Dragonkin,,Unassigned,Blocked,58,protected-rank; missing-or-ambiguous-model-assignment
9178,Burning Spirit,Elementals,303,Fire Elemental,Blocked,30,protected-npc-vehicle-script; no-supported-skills
9376,Blazerunner,Elementals,303,Fire Elemental,Blocked,56,protected-rank; no-supported-skills
9377,Swirling Vortex,Elementals,301,Air Elemental,Blocked,33,no-supported-skills
9396,Ground Pounder,Elementals,302,Earth Elemental,Blocked,41,no-supported-skills
9397,Living Storm,Elementals,301,Air Elemental,Blocked,47,no-supported-skills
9417,Sleeping Dragon,Dragonkin,,Unassigned,Blocked,60,protected-rank; missing-or-ambiguous-model-assignment
9453,Aquementas,Elementals,304,Water Elemental,Blocked,54,protected-npc-vehicle-script; no-supported-skills
9454,Xavathras,Demons,134,Satyr,Active,54,Enabled mapping; runtime eligibility still applies.
9459,Cyrus Therepentous,Dragonkin,,Unassigned,Blocked,55,protected-rank; protected-npc-vehicle-script; missing-or-ambiguous-model-assignment
9461,Frenzied Black Drake,Dragonkin,403,Black Drake,Blocked,54,Assignment proposed; server spell definitions missing: 91836
9500,Mistress Nagmara,Demons,135,Succubus,Blocked,54,protected-rank; protected-npc-vehicle-script
9502,Phalanx,Elementals,,Unassigned,Blocked,55,protected-rank; protected-npc-vehicle-script; missing-or-ambiguous-model-assignment
9516,Lord Banehollow,Demons,128,Nathrezim,Blocked,59,protected-rank; protected-npc-vehicle-script
9518,Rakaiah,Demons,135,Succubus,Staged,56,Assignment candidate; profile/build/effect validation pending.
9556,Felhound Minion,Demons,110,Felhunter (reference: Felhound),Staged,54,Assignment candidate; profile/build/effect validation pending.
9568,Overlord Wyrmthalak,Dragonkin,,Unassigned,Blocked,60,protected-rank; protected-npc-vehicle-script; missing-or-ambiguous-model-assignment
9598,Arei,Elementals,,Unassigned,Blocked,56,protected-npc-vehicle-script; missing-or-ambiguous-model-assignment
9599,Arei Transformed,Elementals,,Unassigned,Blocked,56,missing-or-ambiguous-model-assignment
9601,Treant Spirit,Elementals,394,Treant,Blocked,52,no-ability-profile
9705,Illusionary Dreamwatcher,Dragonkin,,Unassigned,Blocked,55,missing-or-ambiguous-model-assignment
9708,Burning Imp,Demons,115,Imp,Staged,54,Assignment candidate; profile/build/effect validation pending.
9776,Flamekin Spitter,Demons,115,Imp,Staged,51,Assignment candidate; profile/build/effect validation pending.
9777,Flamekin Sprite,Demons,,Unassigned,Blocked,51,missing-or-ambiguous-model-assignment
9778,Flamekin Torcher,Demons,115,Imp,Staged,54,Assignment candidate; profile/build/effect validation pending.
9779,Flamekin Rager,Demons,,Unassigned,Blocked,54,missing-or-ambiguous-model-assignment
9816,Pyroguard Emberseer,Elementals,303,Fire Elemental,Blocked,60,protected-rank; protected-npc-vehicle-script; no-supported-skills
9860,Salia,Demons,135,Succubus,Staged,54,Assignment candidate; profile/build/effect validation pending.
9861,Moora,Demons,135,Succubus,Staged,52,Assignment candidate; profile/build/effect validation pending.
9862,Jaedenar Legionnaire,Demons,126,Felguard,Staged,55,Assignment candidate; profile/build/effect validation pending.
9877,Prince Xavalis,Demons,134,Satyr,Active,55,Enabled mapping; runtime eligibility still applies.
9878,Entropic Beast,Elementals,303,Fire Elemental,Blocked,51,no-supported-skills
9879,Entropic Horror,Elementals,303,Fire Elemental,Blocked,53,no-supported-skills
10055,Morganus,Undead,,Unassigned,Blocked,30,protected-npc-vehicle-script; missing-or-ambiguous-model-assignment
10078,Terrorspark,Demons,,Unassigned,Blocked,55,protected-rank; missing-or-ambiguous-model-assignment
10083,Rage Talon Flamescale,Dragonkin,,Unassigned,Blocked,58,protected-rank; missing-or-ambiguous-model-assignment
10084,Rage Talon Whelp,Dragonkin,402,Black Whelp,Blocked,56,no-supported-skills
10117,Tortured Slave,Undead,,Unassigned,Blocked,1,missing-or-ambiguous-model-assignment
10120,Vault Warder,Elementals,,Unassigned,Blocked,39,protected-rank; missing-or-ambiguous-model-assignment
10161,Rookery Whelp,Dragonkin,402,Black Whelp,Blocked,56,no-supported-skills
10162,Lord Victor Nefarius,Dragonkin,,Unassigned,Blocked,63,protected-rank; protected-npc-vehicle-script; missing-or-ambiguous-model-assignment
10184,Onyxia,Dragonkin,,Unassigned,Blocked,83,protected-rank; protected-npc-vehicle-script; missing-or-ambiguous-model-assignment
10196,General Colbatann,Dragonkin,,Unassigned,Blocked,56,protected-rank; missing-or-ambiguous-model-assignment
10201,Lady Hederine,Demons,135,Succubus,Blocked,61,protected-rank
10202,Azurous,Dragonkin,415,Blue Drake,Blocked,59,protected-rank
10203,Berylgos,Dragonkin,,Unassigned,Blocked,62,protected-rank; missing-or-ambiguous-model-assignment
10258,Rookery Guardian,Dragonkin,,Unassigned,Blocked,58,protected-rank; missing-or-ambiguous-model-assignment
10261,Burning Felhound,Demons,110,Felhunter (reference: Felhound),Staged,54,Assignment candidate; profile/build/effect validation pending.
10263,Burning Felguard,Demons,126,Felguard,Blocked,56,protected-rank
10264,Solakar Flamewreath,Dragonkin,,Unassigned,Blocked,60,protected-rank; protected-npc-vehicle-script; missing-or-ambiguous-model-assignment
10265,UNUSED [PH] Flamewreath Guard,Dragonkin,,Unassigned,Blocked,58,protected-rank; missing-or-ambiguous-model-assignment
10296,Vaelan,Dragonkin,,Unassigned,Blocked,55,protected-rank; protected-npc-vehicle-script; missing-or-ambiguous-model-assignment
10321,Emberstrife,Dragonkin,403,Black Drake,Blocked,61,protected-rank; protected-npc-vehicle-script
10339,Gyth,Dragonkin,,Unassigned,Blocked,62,protected-rank; protected-npc-vehicle-script; missing-or-ambiguous-model-assignment
10340,Vaelastrasz the Red,Dragonkin,,Unassigned,Blocked,62,protected-rank; protected-npc-vehicle-script; missing-or-ambiguous-model-assignment
10356,Bayne,Demons,105,Darkhound,Blocked,10,protected-rank
10358,Fellicent's Shade,Undead,217,Ghost,Blocked,12,protected-rank; no-ability-profile
10363,General Drakkisath,Dragonkin,,Unassigned,Blocked,62,protected-rank; protected-npc-vehicle-script; missing-or-ambiguous-model-assignment
10366,Rage Talon Dragon Guard,Dragonkin,,Unassigned,Blocked,60,protected-rank; missing-or-ambiguous-model-assignment
10371,Rage Talon Captain,Dragonkin,,Unassigned,Blocked,62,protected-rank; missing-or-ambiguous-model-assignment
10372,Rage Talon Fire Tongue,Dragonkin,,Unassigned,Blocked,60,protected-rank; missing-or-ambiguous-model-assignment
10373,Xabraxxis,Demons,134,Satyr,Active,19,Enabled mapping; runtime eligibility still applies.
10381,Ravaged Cadaver,Undead,230,Zombie,Blocked,56,protected-rank
10382,Mangled Cadaver,Undead,230,Zombie,Blocked,55,protected-rank
10383,Broken Cadaver,Undead,230,Zombie,Active,55,Enabled mapping; runtime eligibility still applies.
10384,Spectral Citizen,Undead,,Unassigned,Blocked,55,protected-rank; missing-or-ambiguous-model-assignment
10385,Ghostly Citizen,Undead,,Unassigned,Blocked,56,protected-rank; missing-or-ambiguous-model-assignment
10387,Vengeful Phantom,Undead,217,Ghost,Blocked,56,no-ability-profile
10388,Spiteful Phantom,Undead,217,Ghost,Blocked,58,no-ability-profile
10389,Wrath Phantom,Undead,217,Ghost,Blocked,60,no-ability-profile
10390,Skeletal Guardian,Undead,225,Skeleton,Active,55,Enabled mapping; runtime eligibility still applies.
10391,Skeletal Berserker,Undead,225,Skeleton,Active,56,Enabled mapping; runtime eligibility still applies.
10393,Skul,Undead,233,Skeletal Mage,Blocked,58,protected-rank
10394,Black Guard Sentry,Undead,225,Skeleton,Blocked,58,protected-rank
10395,Black Guard Warrior,Undead,225,Skeleton,Blocked,59,protected-rank
10397,Black Guard Executioner,Undead,225,Skeleton,Blocked,61,protected-rank
10402,[UNUSED] Cannibal Wight,Undead,,Unassigned,Blocked,57,protected-rank; missing-or-ambiguous-model-assignment
10403,[UNUSED] Devouring Wight,Undead,228,Wight,Blocked,58,protected-rank
10404,Pustulating Horror,Undead,,Unassigned,Blocked,80,protected-rank; missing-or-ambiguous-model-assignment
10405,Plague Ghoul,Undead,218,Ghoul,Blocked,57,protected-rank
10406,Ghoul Ravener,Undead,218,Ghoul,Blocked,58,protected-rank
10407,Fleshflayer Ghoul,Undead,218,Ghoul,Blocked,59,protected-rank
10408,Rockwing Gargoyle,Undead,215,Gargoyle,Blocked,55,protected-rank
10409,Rockwing Screecher,Undead,215,Gargoyle,Blocked,58,protected-rank
10411,Eye of Naxxramas,Undead,224,Shade,Active,55,Enabled mapping; runtime eligibility still applies.
10412,Crypt Crawler,Undead,207,Crypt Fiend,Blocked,58,protected-rank
10413,Crypt Beast,Undead,207,Crypt Fiend,Blocked,59,protected-rank
10414,Patchwork Horror,Undead,203,Abomination,Blocked,57,protected-rank
10416,Bile Spewer,Undead,203,Abomination,Blocked,59,protected-rank
10417,Venom Belcher,Undead,203,Abomination,Blocked,60,protected-rank
10432,Vectus,Undead,233,Skeletal Mage,Blocked,60,protected-rank; protected-npc-vehicle-script
10433,Marduk Blackpool,Undead,,Unassigned,Blocked,58,protected-rank; protected-npc-vehicle-script; missing-or-ambiguous-model-assignment
10435,Magistrate Barthilas,Undead,228,Wight,Blocked,58,protected-rank
10436,Baroness Anastari,Undead,204,Banshee,Blocked,59,protected-rank; protected-npc-vehicle-script
10437,Nerub'enkan,Undead,207,Crypt Fiend,Blocked,60,protected-rank
10439,Ramstein the Gorger,Undead,203,Abomination,Blocked,61,protected-rank
10440,Baron Rivendare,Undead,,Unassigned,Blocked,62,protected-rank; missing-or-ambiguous-model-assignment
10442,Chromatic Whelp,Dragonkin,,Unassigned,Blocked,57,missing-or-ambiguous-model-assignment
10447,Chromatic Dragonspawn,Dragonkin,,Unassigned,Blocked,59,protected-rank; missing-or-ambiguous-model-assignment
10459,Rend on Drake Visual,Dragonkin,,Unassigned,Blocked,62,missing-or-ambiguous-model-assignment
10463,Shrieking Banshee,Undead,204,Banshee,Blocked,57,protected-rank
10464,Wailing Banshee,Undead,204,Banshee,Blocked,58,protected-rank
10478,Splintered Skeleton,Undead,225,Skeleton,Blocked,59,protected-rank
10479,Skulking Corpse,Undead,230,Zombie,Active,58,Enabled mapping; runtime eligibility still applies.
10480,Unstable Corpse,Undead,230,Zombie,Active,58,Enabled mapping; runtime eligibility still applies.
10481,Reanimated Corpse,Undead,230,Zombie,Active,58,Enabled mapping; runtime eligibility still applies.
10482,Risen Lackey,Undead,225,Skeleton,Active,58,Enabled mapping; runtime eligibility still applies.
10483,Risen Flayer,Undead,225,Skeleton,Active,57,Enabled mapping; runtime eligibility still applies.
10484,Risen Terror,Undead,225,Skeleton,Active,57,Enabled mapping; runtime eligibility still applies.
10485,Risen Aberration,Undead,225,Skeleton,Active,57,Enabled mapping; runtime eligibility still applies.
10486,Risen Warrior,Undead,225,Skeleton,Blocked,59,protected-rank
10487,Risen Protector,Undead,225,Skeleton,Blocked,58,protected-rank
10488,Risen Construct,Undead,205,Bone Golem,Blocked,58,protected-rank
10489,Risen Guard,Undead,225,Skeleton,Blocked,57,protected-rank
10491,Risen Bonewarder,Undead,233,Skeletal Mage,Blocked,58,protected-rank
10492,Risen Shadowmage,Undead,233,Skeletal Mage,Blocked,58,protected-rank
10493,Risen Sorcerer,Undead,233,Skeletal Mage,Active,58,Enabled mapping; runtime eligibility still applies.
10494,Decrepit Ghoul,Undead,218,Ghoul,Active,40,Enabled mapping; runtime eligibility still applies.
10495,Diseased Ghoul,Undead,218,Ghoul,Blocked,58,protected-rank
10497,Ragged Ghoul,Undead,218,Ghoul,Blocked,58,protected-rank
10498,Spectral Tutor,Undead,217,Ghost,Blocked,58,protected-rank; no-ability-profile
10499,Spectral Researcher,Undead,217,Ghost,Blocked,58,protected-rank; no-ability-profile
10500,Spectral Teacher,Undead,217,Ghost,Blocked,58,protected-rank; no-ability-profile
10502,Lady Illucia Barov,Undead,,Unassigned,Blocked,60,protected-rank; missing-or-ambiguous-model-assignment
10503,Jandice Barov,Undead,,Unassigned,Blocked,61,protected-rank; missing-or-ambiguous-model-assignment
10504,Lord Alexei Barov,Undead,,Unassigned,Blocked,60,protected-rank; missing-or-ambiguous-model-assignment
10506,Kirtonos the Herald,Undead,215,Gargoyle,Blocked,60,protected-rank; protected-npc-vehicle-script
10507,The Ravenian,Undead,228,Wight,Blocked,60,protected-rank
10508,Ras Frostwhisper,Undead,219,Lich,Blocked,62,protected-rank
10516,The Unforgiven,Undead,217,Ghost,Blocked,57,protected-rank; no-ability-profile
10538,Vaelastrasz,Dragonkin,,Unassigned,Blocked,60,protected-rank; missing-or-ambiguous-model-assignment
10558,Hearthsinger Forresten,Undead,,Unassigned,Blocked,57,protected-rank; missing-or-ambiguous-model-assignment
10579,Kirtonos the Herald (Spell Visual),Undead,,Unassigned,Blocked,60,protected-rank; missing-or-ambiguous-model-assignment
10580,Fetid Zombie,Undead,230,Zombie,Active,54,Enabled mapping; runtime eligibility still applies.
10641,Branch Snapper,Elementals,355,Bog Beast,Blocked,25,protected-rank; no-ability-profile
10642,Eck'alom,Elementals,304,Water Elemental,Blocked,27,protected-rank; no-supported-skills
10647,Prince Raze,Demons,134,Satyr,Blocked,32,protected-rank
10648,Xavaric,Demons,134,Satyr,Active,55,Enabled mapping; runtime eligibility still applies.
10656,Guardian Felhunter,Demons,110,Felhunter (reference: Felhound),Staged,30,Assignment candidate; profile/build/effect validation pending.
10659,Cobalt Whelp,Dragonkin,414,Blue Whelp,Blocked,55,Assignment proposed; server spell definitions missing: 91762
10660,Cobalt Broodling,Dragonkin,414,Blue Whelp,Blocked,55,Assignment proposed; server spell definitions missing: 91762
10661,Spell Eater,Dragonkin,414,Blue Whelp,Blocked,54,Assignment proposed; server spell definitions missing: 91762
10662,Spellmaw,Dragonkin,415,Blue Drake,Blocked,56,protected-rank
10663,Manaclaw,Dragonkin,415,Blue Drake,Blocked,58,protected-rank
10664,Scryer,Dragonkin,415,Blue Drake,Blocked,60,protected-rank
10665,Junior Apothecary Holland,Undead,,Unassigned,Blocked,20,protected-npc-vehicle-script; missing-or-ambiguous-model-assignment
10666,Gordo,Undead,203,Abomination,Blocked,30,protected-npc-vehicle-script
10667,Chromie,Dragonkin,,Unassigned,Blocked,63,protected-npc-vehicle-script; missing-or-ambiguous-model-assignment
10678,Plagued Hatchling,Dragonkin,,Unassigned,Blocked,57,missing-or-ambiguous-model-assignment
10683,Rookery Hatcher,Dragonkin,,Unassigned,Blocked,58,protected-rank; protected-npc-vehicle-script; missing-or-ambiguous-model-assignment
10684,Remorseful Highborne,Undead,204,Banshee,Blocked,56,protected-npc-vehicle-script
10698,Summoned Zombie,Undead,230,Zombie,Active,56,Enabled mapping; runtime eligibility still applies.
10699,Carrion Scarab,Undead,,Unassigned,Blocked,57,missing-or-ambiguous-model-assignment
10740,Awbee,Dragonkin,414,Blue Whelp,Blocked,57,protected-rank; protected-npc-vehicle-script
10756,Scalding Elemental,Elementals,304,Water Elemental,Blocked,28,no-supported-skills
10757,Boiling Elemental,Elementals,304,Water Elemental,Blocked,27,no-supported-skills
10778,Janice Felstone,Undead,,Unassigned,Blocked,5,protected-npc-vehicle-script; missing-or-ambiguous-model-assignment
10801,Jabbering Ghoul,Undead,218,Ghoul,Active,54,Enabled mapping; runtime eligibility still applies.
10808,Timmy the Cruel,Undead,218,Ghoul,Blocked,58,protected-rank
10809,Stonespine,Undead,215,Gargoyle,Blocked,60,protected-rank
10810,[UNUSED] Deathcaller Majestis,Undead,355,Bog Beast,Blocked,59,protected-rank; no-ability-profile
10813,Balnazzar,Demons,128,Nathrezim,Blocked,62,protected-rank
10814,Chromatic Elite Guard,Dragonkin,,Unassigned,Blocked,59,protected-rank; missing-or-ambiguous-model-assignment
10816,Wandering Skeleton,Undead,225,Skeleton,Active,55,Enabled mapping; runtime eligibility still applies.
10818,Death Knight Soulbearer,Undead,,Unassigned,Blocked,43,protected-rank; missing-or-ambiguous-model-assignment
10819,Baron Bloodbane,Undead,,Unassigned,Blocked,59,protected-rank; missing-or-ambiguous-model-assignment
10820,Duke Ragereaver,Undead,,Unassigned,Blocked,45,protected-rank; missing-or-ambiguous-model-assignment
10821,Hed'mush the Rotting,Undead,,Unassigned,Blocked,57,protected-rank; missing-or-ambiguous-model-assignment
10825,Gish the Unmoving,Undead,215,Gargoyle,Blocked,56,protected-rank
10826,Lord Darkscythe,Undead,225,Skeleton,Blocked,57,protected-rank
10836,Farmer Dalson,Undead,218,Ghoul,Active,56,Enabled mapping; runtime eligibility still applies.
10876,Undead Scarab,Undead,,Unassigned,Blocked,60,missing-or-ambiguous-model-assignment
10901,Lorekeeper Polkelt,Undead,230,Zombie,Blocked,60,protected-rank
10926,Pamela Redpath,Undead,,Unassigned,Blocked,1,protected-npc-vehicle-script; missing-or-ambiguous-model-assignment
10927,Marlene Redpath,Undead,,Unassigned,Blocked,10,protected-npc-vehicle-script; missing-or-ambiguous-model-assignment
10928,Succubus Minion,Demons,135,Succubus,Staged,63,Assignment candidate; profile/build/effect validation pending.
10929,Haleh,Dragonkin,,Unassigned,Blocked,62,protected-rank; protected-npc-vehicle-script; missing-or-ambiguous-model-assignment
10936,Joseph Redpath,Undead,,Unassigned,Blocked,60,protected-npc-vehicle-script; missing-or-ambiguous-model-assignment
10937,Captain Redpath,Undead,,Unassigned,Blocked,60,protected-rank; missing-or-ambiguous-model-assignment
10938,Redpath the Corrupted,Undead,,Unassigned,Blocked,60,protected-rank; missing-or-ambiguous-model-assignment
10939,Marduk the Black,Undead,,Unassigned,Blocked,58,protected-rank; missing-or-ambiguous-model-assignment
10940,Ghost of the Past,Undead,,Unassigned,Blocked,55,missing-or-ambiguous-model-assignment
10943,Decrepit Guardian,Undead,218,Ghoul,Active,55,Enabled mapping; runtime eligibility still applies.
10944,Davil Lightfire,Undead,,Unassigned,Blocked,60,protected-rank; missing-or-ambiguous-model-assignment
10945,Davil Crokford,Undead,,Unassigned,Blocked,60,missing-or-ambiguous-model-assignment
10946,Horgus the Ravager,Undead,218,Ghoul,Blocked,60,protected-rank
10947,Darrowshire Betrayer,Undead,,Unassigned,Blocked,57,missing-or-ambiguous-model-assignment
10948,Darrowshire Defender,Undead,,Unassigned,Blocked,57,missing-or-ambiguous-model-assignment
10949,Silver Hand Disciple,Undead,,Unassigned,Blocked,57,protected-rank; missing-or-ambiguous-model-assignment
10950,Redpath Militia,Undead,,Unassigned,Blocked,56,missing-or-ambiguous-model-assignment
10951,Marauding Corpse,Undead,230,Zombie,Active,56,Enabled mapping; runtime eligibility still applies.
10952,Marauding Skeleton,Undead,225,Skeleton,Active,56,Enabled mapping; runtime eligibility still applies.
10953,Servant of Horgus,Undead,218,Ghoul,Active,57,Enabled mapping; runtime eligibility still applies.
10954,Bloodletter,Undead,,Unassigned,Blocked,57,protected-rank; protected-npc-vehicle-script; missing-or-ambiguous-model-assignment
10955,Summoned Water Elemental,Elementals,304,Water Elemental,Blocked,57,no-supported-skills
10989,Blizzard Elemental,Elementals,301,Air Elemental,Blocked,1,protected-rank; no-supported-skills
10996,Fallen Hero,Undead,,Unassigned,Blocked,58,protected-rank; missing-or-ambiguous-model-assignment
11027,Illusory Wraith,Undead,,Unassigned,Blocked,61,missing-or-ambiguous-model-assignment
11030,Mindless Undead,Undead,,Unassigned,Blocked,56,missing-or-ambiguous-model-assignment
11058,Fras Siabi,Undead,,Unassigned,Blocked,61,protected-rank; missing-or-ambiguous-model-assignment
11064,Darrowshire Spirit,Undead,,Unassigned,Blocked,56,protected-npc-vehicle-script; missing-or-ambiguous-model-assignment
11075,Cauldron Lord Bilemaw,Undead,218,Ghoul,Active,53,Enabled mapping; runtime eligibility still applies.
11076,Cauldron Lord Razarch,Undead,233,Skeletal Mage,Active,56,Enabled mapping; runtime eligibility still applies.
11077,Cauldron Lord Malvinious,Undead,225,Skeleton,Active,55,Enabled mapping; runtime eligibility still applies.
11078,Cauldron Lord Soulwrath,Undead,217,Ghost,Blocked,58,no-ability-profile
11082,Stratholme Courier,Undead,,Unassigned,Blocked,57,protected-rank; missing-or-ambiguous-model-assignment
11121,Black Guard Swordsmith,Undead,225,Skeleton,Blocked,61,protected-rank
11141,Spirit of Trey Lightforge,Undead,,Unassigned,Blocked,53,missing-or-ambiguous-model-assignment
11142,Undead Postman,Undead,,Unassigned,Blocked,57,protected-rank; missing-or-ambiguous-model-assignment
11143,Postmaster Malown,Undead,,Unassigned,Blocked,60,protected-rank; missing-or-ambiguous-model-assignment
11153,Red Skeletal Horse,Undead,,Unassigned,Blocked,1,missing-or-ambiguous-model-assignment
11154,Blue Skeletal Horse,Undead,,Unassigned,Blocked,1,missing-or-ambiguous-model-assignment
11155,Brown Skeletal Horse,Undead,,Unassigned,Blocked,1,missing-or-ambiguous-model-assignment
11156,Green Skeletal Warhorse,Undead,,Unassigned,Blocked,1,missing-or-ambiguous-model-assignment
11195,Deathcharger,Undead,,Unassigned,Blocked,40,missing-or-ambiguous-model-assignment
11197,Mindless Skeleton,Undead,225,Skeleton,Active,62,Enabled mapping; runtime eligibility still applies.
11200,Summoned Skeleton,Undead,225,Skeleton,Active,60,Enabled mapping; runtime eligibility still applies.
11216,Eva Sarkhoff,Undead,,Unassigned,Blocked,54,protected-npc-vehicle-script; missing-or-ambiguous-model-assignment
11217,Lucien Sarkhoff,Undead,,Unassigned,Blocked,55,protected-npc-vehicle-script; missing-or-ambiguous-model-assignment
11256,Manifestation of Water,Elementals,304,Water Elemental,Blocked,60,protected-rank; no-supported-skills
11258,Frail Skeleton,Undead,225,Skeleton,Active,58,Enabled mapping; runtime eligibility still applies.
11262,Onyxian Whelp,Dragonkin,402,Black Whelp,Blocked,80,no-supported-skills
11263,Spectral Projection,Undead,217,Ghost,Blocked,59,no-ability-profile
11277,Caer Darrow Citizen,Undead,,Unassigned,Blocked,43,protected-npc-vehicle-script; missing-or-ambiguous-model-assignment
11278,Magnus Frostwake,Undead,,Unassigned,Blocked,50,protected-npc-vehicle-script; missing-or-ambiguous-model-assignment
11279,Caer Darrow Guardsman,Undead,,Unassigned,Blocked,51,protected-npc-vehicle-script; missing-or-ambiguous-model-assignment
11280,Caer Darrow Cannoneer,Undead,,Unassigned,Blocked,54,missing-or-ambiguous-model-assignment
11281,Caer Darrow Horseman,Undead,,Unassigned,Blocked,52,protected-npc-vehicle-script; missing-or-ambiguous-model-assignment
11282,Melia,Undead,,Unassigned,Blocked,1,missing-or-ambiguous-model-assignment
11283,Sammy,Undead,,Unassigned,Blocked,1,missing-or-ambiguous-model-assignment
11284,Dark Shade,Undead,224,Shade,Blocked,60,protected-rank
11285,Rory,Undead,,Unassigned,Blocked,35,missing-or-ambiguous-model-assignment
11286,Magistrate Marduke,Undead,,Unassigned,Blocked,57,protected-npc-vehicle-script; missing-or-ambiguous-model-assignment
11287,Baker Masterson,Undead,,Unassigned,Blocked,37,protected-npc-vehicle-script; missing-or-ambiguous-model-assignment
11288,Spectral Betrayer,Undead,,Unassigned,Blocked,57,missing-or-ambiguous-model-assignment
11289,Spectral Defender,Undead,,Unassigned,Blocked,57,missing-or-ambiguous-model-assignment
11290,Mossflayer Zombie,Undead,,Unassigned,Blocked,53,missing-or-ambiguous-model-assignment
11291,Unliving Mossflayer,Undead,,Unassigned,Blocked,54,missing-or-ambiguous-model-assignment
11292,Mossflayer Berserker,Undead,,Unassigned,Blocked,55,missing-or-ambiguous-model-assignment
11296,Darrowshire Poltergeist,Undead,,Unassigned,Blocked,56,missing-or-ambiguous-model-assignment
11316,Joseph Dirte,Undead,,Unassigned,Blocked,31,protected-npc-vehicle-script; missing-or-ambiguous-model-assignment
11321,Molten Elemental,Elementals,302,Earth Elemental,Blocked,13,protected-rank; no-supported-skills
11412,Danielle Koppen,Undead,,Unassigned,Blocked,30,missing-or-ambiguous-model-assignment
11414,Nicole Tarlow,Undead,,Unassigned,Blocked,40,missing-or-ambiguous-model-assignment
11415,Amber Provost,Undead,,Unassigned,Blocked,60,missing-or-ambiguous-model-assignment
11437,Minor Infernal,Demons,118,Infernal,Active,29,Enabled mapping; runtime eligibility still applies.
11439,Illusion of Jandice Barov,Undead,,Unassigned,Blocked,61,protected-rank; missing-or-ambiguous-model-assignment
11446,Gordok Spirit,Undead,,Unassigned,Blocked,60,protected-rank; missing-or-ambiguous-model-assignment
11447,Mushgog,Elementals,355,Bog Beast,Blocked,60,protected-rank; no-ability-profile
11451,Wildspawn Satyr,Demons,134,Satyr,Blocked,55,protected-rank
11452,Wildspawn Rogue,Demons,134,Satyr,Blocked,56,protected-rank
11453,Wildspawn Trickster,Demons,134,Satyr,Blocked,56,protected-rank
11454,Wildspawn Betrayer,Demons,134,Satyr,Blocked,55,protected-rank
11455,Wildspawn Felsworn,Demons,134,Satyr,Blocked,55,protected-rank
11456,Wildspawn Shadowstalker,Demons,134,Satyr,Blocked,56,protected-rank
11457,Wildspawn Hellcaller,Demons,134,Satyr,Blocked,56,protected-rank
11458,Petrified Treant,Elementals,394,Treant,Blocked,57,protected-rank; no-ability-profile
11459,Ironbark Protector,Elementals,,Unassigned,Blocked,57,protected-rank; missing-or-ambiguous-model-assignment
11460,Alzzin's Minion,Demons,,Unassigned,Blocked,56,missing-or-ambiguous-model-assignment
11461,Warpwood Guardian,Elementals,394,Treant,Blocked,57,protected-rank; no-ability-profile
11462,Warpwood Treant,Elementals,394,Treant,Blocked,54,protected-rank; no-ability-profile
11463,[UNUSED] Warpwood Scrabbler,Elementals,394,Treant,Blocked,60,protected-rank; no-ability-profile
11464,Warpwood Tangler,Elementals,394,Treant,Blocked,55,protected-rank; no-ability-profile
11465,Warpwood Stomper,Elementals,394,Treant,Blocked,57,protected-rank; no-ability-profile
11466,Highborne Summoner,Undead,,Unassigned,Blocked,55,protected-rank; missing-or-ambiguous-model-assignment
11467,Tsu'zee,Undead,,Unassigned,Blocked,59,protected-rank; missing-or-ambiguous-model-assignment
11468,[UNUSED] Eldreth Lichling,Undead,,Unassigned,Blocked,59,protected-rank; missing-or-ambiguous-model-assignment
11469,Eldreth Seether,Undead,,Unassigned,Blocked,58,protected-rank; protected-npc-vehicle-script; missing-or-ambiguous-model-assignment
11470,Eldreth Sorcerer,Undead,,Unassigned,Blocked,58,protected-rank; protected-npc-vehicle-script; missing-or-ambiguous-model-assignment
11471,Eldreth Apparition,Undead,217,Ghost,Blocked,57,protected-rank; no-ability-profile
11472,Eldreth Spirit,Undead,204,Banshee,Blocked,57,protected-rank
11473,Eldreth Spectre,Undead,217,Ghost,Blocked,58,protected-rank; no-ability-profile
11474,Eldreth Wraith,Undead,224,Shade,Blocked,59,protected-rank
11475,Eldreth Phantasm,Undead,217,Ghost,Blocked,58,protected-rank; no-ability-profile
11476,Skeletal Highborne,Undead,225,Skeleton,Active,57,Enabled mapping; runtime eligibility still applies.
11477,Rotting Highborne,Undead,225,Skeleton,Active,58,Enabled mapping; runtime eligibility still applies.
11478,[UNUSED] Mana Beast,Elementals,,Unassigned,Blocked,60,protected-rank; missing-or-ambiguous-model-assignment
11479,Arcane Horror,Elementals,,Unassigned,Blocked,58,protected-rank; missing-or-ambiguous-model-assignment
11480,Arcane Aberration,Elementals,,Unassigned,Blocked,59,protected-rank; missing-or-ambiguous-model-assignment
11481,[UNUSED] Arcane Terror,Elementals,303,Fire Elemental,Blocked,60,protected-rank; no-supported-skills
11483,Mana Remnant,Elementals,,Unassigned,Blocked,57,protected-rank; missing-or-ambiguous-model-assignment
11484,Residual Monstrosity,Elementals,,Unassigned,Blocked,59,protected-rank; missing-or-ambiguous-model-assignment
11487,Magister Kalendris,Undead,,Unassigned,Blocked,60,protected-rank; missing-or-ambiguous-model-assignment
11488,Illyanna Ravenoak,Undead,,Unassigned,Blocked,60,protected-rank; missing-or-ambiguous-model-assignment
11489,Tendris Warpwood,Elementals,,Unassigned,Blocked,60,protected-rank; missing-or-ambiguous-model-assignment
11490,Zevrim Thornhoof,Demons,134,Satyr,Blocked,57,protected-rank
11491,Old Ironbark,Elementals,,Unassigned,Blocked,58,protected-rank; protected-npc-vehicle-script; missing-or-ambiguous-model-assignment
11492,Alzzin the Wildshaper,Demons,134,Satyr,Blocked,58,protected-rank
11493,[UNUSED] Sentius,Elementals,304,Water Elemental,Blocked,60,protected-rank; no-supported-skills
11495,[UNUSED] Avidus,Elementals,301,Air Elemental,Blocked,60,protected-rank; no-supported-skills
11496,Immol'thar,Demons,140,Void Terror,Blocked,61,protected-rank
11502,Ragnaros,Elementals,,Unassigned,Blocked,63,protected-rank; protected-npc-vehicle-script; missing-or-ambiguous-model-assignment
11547,Skeletal Scholomance Student,Undead,225,Skeleton,Active,1,Enabled mapping; runtime eligibility still applies.
11551,Necrofiend,Undead,207,Crypt Fiend,Blocked,58,protected-rank
11560,Magrami Spectre,Undead,,Unassigned,Blocked,38,missing-or-ambiguous-model-assignment
11561,Undead Ravager,Undead,225,Skeleton,Active,37,Enabled mapping; runtime eligibility still applies.
11576,Whirlwind Ripper,Elementals,301,Air Elemental,Blocked,32,no-supported-skills
11577,Whirlwind Stormwalker,Elementals,301,Air Elemental,Blocked,35,no-supported-skills
11578,Whirlwind Shredder,Elementals,301,Air Elemental,Blocked,32,no-supported-skills
11579,Tempest,Elementals,301,Air Elemental,Blocked,41,no-supported-skills
11580,Kelemis the Lifeless,Undead,217,Ghost,Blocked,41,protected-rank; no-ability-profile
11583,Nefarian,Dragonkin,,Unassigned,Blocked,63,protected-rank; protected-npc-vehicle-script; missing-or-ambiguous-model-assignment
11598,Risen Guardian,Undead,,Unassigned,Blocked,59,protected-npc-vehicle-script; missing-or-ambiguous-model-assignment
11620,Spectral Marauder,Undead,,Unassigned,Blocked,57,missing-or-ambiguous-model-assignment
11621,Spectral Corpse,Undead,,Unassigned,Blocked,57,missing-or-ambiguous-model-assignment
11622,Rattlegore,Undead,205,Bone Golem,Blocked,61,protected-rank
11628,Decaying Corpse,Undead,230,Zombie,Active,40,Enabled mapping; runtime eligibility still applies.
11665,Lava Annihilator,Elementals,302,Earth Elemental,Blocked,61,protected-rank; no-supported-skills
11666,Firewalker,Elementals,303,Fire Elemental,Blocked,61,protected-rank; no-supported-skills
11667,Flameguard,Elementals,303,Fire Elemental,Blocked,61,protected-rank; no-supported-skills
11668,Firelord,Elementals,303,Fire Elemental,Blocked,61,protected-rank; no-supported-skills
11669,Flame Imp,Elementals,115,Imp,Blocked,61,protected-rank; creature-type-mismatch
11670,[UNUSED] Flame Shrieker,Elementals,115,Imp,Blocked,62,creature-type-mismatch
11686,Ghostly Raider,Undead,,Unassigned,Blocked,40,missing-or-ambiguous-model-assignment
11687,Ghostly Marauder,Undead,,Unassigned,Blocked,41,missing-or-ambiguous-model-assignment
11697,Mannoroc Lasher,Demons,135,Succubus,Staged,29,Assignment candidate; profile/build/effect validation pending.
11744,Dust Stormer,Elementals,301,Air Elemental,Blocked,55,no-supported-skills
11745,Cyclone Warrior,Elementals,301,Air Elemental,Blocked,57,no-supported-skills
11746,Desert Rumbler,Elementals,302,Earth Elemental,Blocked,56,no-supported-skills
11747,Desert Rager,Elementals,302,Earth Elemental,Blocked,58,no-supported-skills
11777,Shadowshard Rumbler,Elementals,302,Earth Elemental,Blocked,40,no-supported-skills
11778,Shadowshard Smasher,Elementals,302,Earth Elemental,Blocked,41,no-supported-skills
11779,Shadowshard Thunderer,Elementals,302,Earth Elemental,Blocked,47,protected-rank; no-supported-skills
11780,Ambershard Rager,Elementals,302,Earth Elemental,Blocked,45,protected-rank; no-supported-skills
11781,Ambershard Crusher,Elementals,302,Earth Elemental,Blocked,40,no-supported-skills
11782,Ambershard Destroyer,Elementals,302,Earth Elemental,Blocked,42,no-supported-skills
11783,Theradrim Shardling,Elementals,302,Earth Elemental,Blocked,45,no-supported-skills
11784,Theradrim Guardian,Elementals,302,Earth Elemental,Blocked,46,protected-rank; no-supported-skills
11790,Putridus Satyr,Demons,134,Satyr,Blocked,42,protected-rank
11791,Putridus Trickster,Demons,134,Satyr,Blocked,43,protected-rank
11792,Putridus Shadowstalker,Demons,134,Satyr,Blocked,42,protected-rank
11859,Doomguard,Demons,106,Doomguard,Active,57,Enabled mapping; runtime eligibility still applies.
11862,Tsunaman,Elementals,304,Water Elemental,Blocked,25,protected-npc-vehicle-script; no-supported-skills
11873,Spectral Attendant,Undead,217,Ghost,Blocked,60,no-ability-profile
11876,Demon Spirit,Demons,106,Doomguard,Active,37,Enabled mapping; runtime eligibility still applies.
11936,Artist Renfray,Undead,,Unassigned,Blocked,12,protected-npc-vehicle-script; missing-or-ambiguous-model-assignment
11937,Demon Portal Guardian,Demons,126,Felguard,Staged,38,Assignment candidate; profile/build/effect validation pending.
11959,[UNUSED] Obsidian Watcher,Elementals,,Unassigned,Blocked,61,protected-rank; missing-or-ambiguous-model-assignment
11978,[NOT USED] Neltharion,Dragonkin,,Unassigned,Blocked,60,protected-rank; missing-or-ambiguous-model-assignment
11981,Flamegor,Dragonkin,403,Black Drake,Blocked,63,protected-rank; protected-npc-vehicle-script
11983,Firemaw,Dragonkin,403,Black Drake,Blocked,63,protected-rank; protected-npc-vehicle-script
12017,Broodlord Lashlayer,Dragonkin,,Unassigned,Blocked,63,protected-rank; protected-npc-vehicle-script; missing-or-ambiguous-model-assignment
12056,Baron Geddon,Elementals,303,Fire Elemental,Blocked,63,protected-rank; protected-npc-vehicle-script; no-supported-skills
12057,Garr,Elementals,302,Earth Elemental,Blocked,63,protected-rank; protected-npc-vehicle-script; no-supported-skills
12076,Lava Elemental,Elementals,302,Earth Elemental,Blocked,61,protected-rank; no-supported-skills
12099,Firesworn,Elementals,302,Earth Elemental,Blocked,60,protected-rank; protected-npc-vehicle-script; no-supported-skills
12100,Lava Reaver,Elementals,302,Earth Elemental,Blocked,62,protected-rank; no-supported-skills
12101,Lava Surger,Elementals,302,Earth Elemental,Blocked,61,protected-rank; no-supported-skills
12129,Onyxian Warder,Dragonkin,,Unassigned,Blocked,80,protected-rank; missing-or-ambiguous-model-assignment
12143,Son of Flame,Elementals,303,Fire Elemental,Blocked,60,protected-rank; no-supported-skills
12178,Tortured Druid,Undead,,Unassigned,Blocked,55,missing-or-ambiguous-model-assignment
12179,Tortured Sentinel,Undead,,Unassigned,Blocked,56,missing-or-ambiguous-model-assignment
12199,Shade of Ambermoon,Undead,,Unassigned,Blocked,58,missing-or-ambiguous-model-assignment
12200,Cobaltine Wyrmkin,Dragonkin,,Unassigned,Blocked,49,protected-rank; missing-or-ambiguous-model-assignment
12201,Princess Theradras,Elementals,,Unassigned,Blocked,48,protected-rank; missing-or-ambiguous-model-assignment
12208,Conquered Soul of the Blightcaller,Undead,225,Skeleton,Active,62,Enabled mapping; runtime eligibility still applies.
12216,Poison Sprite,Demons,,Unassigned,Blocked,42,missing-or-ambiguous-model-assignment
12217,Corruptor,Demons,,Unassigned,Blocked,42,missing-or-ambiguous-model-assignment
12219,Barbed Lasher,Elementals,,Unassigned,Blocked,45,protected-rank; missing-or-ambiguous-model-assignment
12220,Constrictor Vine,Elementals,,Unassigned,Blocked,44,protected-rank; missing-or-ambiguous-model-assignment
12223,Cavern Lurker,Elementals,355,Bog Beast,Blocked,44,protected-rank; no-ability-profile
12224,Cavern Shambler,Elementals,355,Bog Beast,Blocked,45,protected-rank; no-ability-profile
12236,Lord Vyletongue,Demons,134,Satyr,Blocked,44,protected-rank
12237,Meshlok the Harvester,Elementals,355,Bog Beast,Blocked,46,protected-rank; no-ability-profile
12238,Zaetar's Spirit,Undead,,Unassigned,Blocked,60,protected-rank; protected-npc-vehicle-script; missing-or-ambiguous-model-assignment
12239,Spirit of Gelk,Undead,,Unassigned,Blocked,42,protected-rank; missing-or-ambiguous-model-assignment
12240,Spirit of Kolk,Undead,,Unassigned,Blocked,43,protected-rank; missing-or-ambiguous-model-assignment
12241,Spirit of Magra,Undead,,Unassigned,Blocked,43,protected-rank; missing-or-ambiguous-model-assignment
12242,Spirit of Maraudos,Undead,,Unassigned,Blocked,44,protected-rank; missing-or-ambiguous-model-assignment
12243,Spirit of Veng,Undead,,Unassigned,Blocked,44,protected-rank; missing-or-ambiguous-model-assignment
12248,Infiltrator Hameya,Undead,,Unassigned,Blocked,60,missing-or-ambiguous-model-assignment
12250,Zaeldarr the Outcast,Undead,,Unassigned,Blocked,55,missing-or-ambiguous-model-assignment
12258,Razorlash,Elementals,,Unassigned,Blocked,46,protected-rank; missing-or-ambiguous-model-assignment
12260,Onyxian Drake,Dragonkin,403,Black Drake,Blocked,59,protected-rank
12261,Infected Mossflayer,Undead,,Unassigned,Blocked,57,missing-or-ambiguous-model-assignment
12262,Ziggurat Protector,Undead,218,Ghoul,Active,58,Enabled mapping; runtime eligibility still applies.
12263,Slaughterhouse Protector,Undead,203,Abomination,Blocked,58,"Assignment proposed; server spell definitions missing: 80186, 80190"
12265,Lava Spawn,Elementals,303,Fire Elemental,Blocked,60,protected-rank; protected-npc-vehicle-script; no-supported-skills
12341,Blue Skeletal Horse,Undead,,Unassigned,Blocked,1,missing-or-ambiguous-model-assignment
12342,Brown Skeletal Horse,Undead,,Unassigned,Blocked,1,missing-or-ambiguous-model-assignment
12343,Red Skeletal Horse,Undead,,Unassigned,Blocked,1,missing-or-ambiguous-model-assignment
12344,Swift Green Skeletal Horse,Undead,,Unassigned,Blocked,1,missing-or-ambiguous-model-assignment
12377,Wailing Spectre,Undead,217,Ghost,Blocked,69,no-ability-profile
12378,Damned Soul,Undead,217,Ghost,Blocked,68,no-ability-profile
12379,Unliving Caretaker,Undead,,Unassigned,Blocked,69,missing-or-ambiguous-model-assignment
12380,Unliving Resident,Undead,,Unassigned,Blocked,70,missing-or-ambiguous-model-assignment
12396,Doomguard Commander,Demons,106,Doomguard,Blocked,61,protected-rank
12397,Lord Kazzak,Demons,,Unassigned,Blocked,73,protected-rank; missing-or-ambiguous-model-assignment
12417,[NOT USED] Death Talon Whelp,Dragonkin,402,Black Whelp,Blocked,60,no-supported-skills
12422,Death Talon Dragonspawn,Dragonkin,,Unassigned,Blocked,60,protected-rank; missing-or-ambiguous-model-assignment
12435,Razorgore the Untamed,Dragonkin,,Unassigned,Blocked,63,protected-rank; protected-npc-vehicle-script; missing-or-ambiguous-model-assignment
12457,Blackwing Spellbinder,Dragonkin,,Unassigned,Blocked,62,protected-rank; missing-or-ambiguous-model-assignment
12460,Death Talon Wyrmguard,Dragonkin,,Unassigned,Blocked,63,protected-rank; missing-or-ambiguous-model-assignment
12461,Death Talon Overseer,Dragonkin,,Unassigned,Blocked,62,protected-rank; missing-or-ambiguous-model-assignment
12463,Death Talon Flamescale,Dragonkin,,Unassigned,Blocked,62,protected-rank; missing-or-ambiguous-model-assignment
12464,Death Talon Seether,Dragonkin,,Unassigned,Blocked,62,protected-rank; missing-or-ambiguous-model-assignment
12465,Death Talon Wyrmkin,Dragonkin,,Unassigned,Blocked,61,protected-rank; missing-or-ambiguous-model-assignment
12466,[NOT USED] Death Talon Scalebane,Dragonkin,,Unassigned,Blocked,60,protected-rank; missing-or-ambiguous-model-assignment
12467,Death Talon Captain,Dragonkin,,Unassigned,Blocked,62,protected-rank; missing-or-ambiguous-model-assignment
12468,Death Talon Hatcher,Dragonkin,,Unassigned,Blocked,61,protected-rank; missing-or-ambiguous-model-assignment
12469,[NOT USED] Death Talon Earthshaker,Dragonkin,,Unassigned,Blocked,62,protected-rank; missing-or-ambiguous-model-assignment
12474,Emeraldon Boughguard,Dragonkin,,Unassigned,Blocked,62,protected-rank; missing-or-ambiguous-model-assignment
12475,Emeraldon Tree Warder,Dragonkin,,Unassigned,Blocked,60,protected-rank; missing-or-ambiguous-model-assignment
12476,Emeraldon Oracle,Dragonkin,,Unassigned,Blocked,61,protected-rank; missing-or-ambiguous-model-assignment
12477,Verdantine Boughguard,Dragonkin,,Unassigned,Blocked,62,protected-rank; missing-or-ambiguous-model-assignment
12478,Verdantine Oracle,Dragonkin,,Unassigned,Blocked,61,protected-rank; missing-or-ambiguous-model-assignment
12479,Verdantine Tree Warder,Dragonkin,,Unassigned,Blocked,60,protected-rank; missing-or-ambiguous-model-assignment
12496,Dreamtracker,Dragonkin,439,Green Drake,Blocked,62,protected-rank; no-supported-skills
12497,Dreamroarer,Dragonkin,439,Green Drake,Blocked,62,protected-rank; no-supported-skills
12498,Dreamstalker,Dragonkin,439,Green Drake,Blocked,62,protected-rank; no-supported-skills
12536,Illusion: Black Dragonkin,Dragonkin,,Unassigned,Blocked,60,missing-or-ambiguous-model-assignment
12739,Onyxia's Elite Guard,Dragonkin,,Unassigned,Blocked,58,protected-rank; missing-or-ambiguous-model-assignment
12741,Warrior 40 (More Leash),Dragonkin,,Unassigned,Blocked,40,missing-or-ambiguous-model-assignment
12756,Lady Onyxia,Dragonkin,,Unassigned,Blocked,63,protected-rank; missing-or-ambiguous-model-assignment
12759,Tideress,Elementals,304,Water Elemental,Blocked,27,no-supported-skills
12804,[PH] TEST Fire God,Elementals,,Unassigned,Blocked,63,protected-rank; missing-or-ambiguous-model-assignment
12806,Magmakin,Elementals,302,Earth Elemental,Blocked,60,protected-rank; no-supported-skills
12865,Ambassador Malcin,Undead,,Unassigned,Blocked,35,missing-or-ambiguous-model-assignment
12876,Baron Aquanis,Elementals,304,Water Elemental,Blocked,24,protected-rank; no-supported-skills
12898,Phantim Illusion,Dragonkin,439,Green Drake,Blocked,62,no-supported-skills
12899,Axtroz,Dragonkin,451,Red Drake,Blocked,62,protected-rank
12900,Somnus,Dragonkin,439,Green Drake,Blocked,62,protected-rank; no-supported-skills
12922,Imp Minion,Demons,115,Imp,Staged,66,Assignment candidate; profile/build/effect validation pending.
13020,Vaelastrasz the Corrupt,Dragonkin,,Unassigned,Blocked,63,protected-rank; protected-npc-vehicle-script; missing-or-ambiguous-model-assignment
13021,Warpwood Crusher,Elementals,,Unassigned,Blocked,56,protected-rank; missing-or-ambiguous-model-assignment
13022,Whip Lasher,Elementals,,Unassigned,Blocked,54,missing-or-ambiguous-model-assignment
13083,Echo of Archimonde,Demons,128,Nathrezim,Active,60,Enabled mapping; runtime eligibility still applies.
13141,Deeprot Stomper,Elementals,394,Treant,Blocked,42,protected-rank; no-ability-profile
13142,Deeprot Tangler,Elementals,394,Treant,Blocked,43,protected-rank; no-ability-profile
13145,Lieutenant Grummus,Undead,203,Abomination,Blocked,59,protected-rank
13146,Lieutenant Murp <old>,Undead,203,Abomination,Blocked,59,protected-rank
13196,Phase Lasher,Elementals,,Unassigned,Blocked,54,protected-rank; missing-or-ambiguous-model-assignment
13197,Fel Lash,Elementals,,Unassigned,Blocked,56,protected-rank; missing-or-ambiguous-model-assignment
13256,Lokholar the Ice Lord,Elementals,302,Earth Elemental,Blocked,61,protected-rank; protected-npc-vehicle-script; no-supported-skills
13276,Wildspawn Imp,Demons,,Unassigned,Blocked,56,missing-or-ambiguous-model-assignment
13278,Duke Hydraxis,Elementals,304,Water Elemental,Blocked,60,protected-rank; protected-npc-vehicle-script; no-supported-skills
13279,Discordant Surge,Elementals,304,Water Elemental,Blocked,54,no-supported-skills
13280,Hydrospawn,Elementals,304,Water Elemental,Blocked,57,protected-rank; no-supported-skills
13281,Furis,Demons,129,Felsteed,Blocked,1,"Assignment proposed; server spell definitions missing: 80166, 80167, 891894"
13282,Noxxion,Elementals,304,Water Elemental,Blocked,46,protected-rank; no-supported-skills
13285,Death Lash,Elementals,,Unassigned,Blocked,57,protected-rank; missing-or-ambiguous-model-assignment
13322,Hydraxian Honor Guard,Elementals,304,Water Elemental,Blocked,57,protected-rank; protected-npc-vehicle-script; no-supported-skills
13339,Warrior 60,Dragonkin,,Unassigned,Blocked,60,missing-or-ambiguous-model-assignment
13456,Noxxion's Spawn,Elementals,304,Water Elemental,Blocked,44,no-supported-skills
13696,Noxxious Scion,Elementals,304,Water Elemental,Blocked,44,no-supported-skills
13736,Noxxious Essence,Elementals,304,Water Elemental,Blocked,44,no-supported-skills
13738,Veng,Undead,,Unassigned,Blocked,47,protected-rank; missing-or-ambiguous-model-assignment
13739,Maraudos,Undead,,Unassigned,Blocked,46,protected-rank; missing-or-ambiguous-model-assignment
13740,Magra,Undead,,Unassigned,Blocked,43,protected-rank; missing-or-ambiguous-model-assignment
13741,Gelk,Undead,,Unassigned,Blocked,42,protected-rank; missing-or-ambiguous-model-assignment
13742,Kolk,Undead,,Unassigned,Blocked,43,protected-rank; missing-or-ambiguous-model-assignment
13743,Corrupt Force of Nature,Elementals,394,Treant,Blocked,42,no-ability-profile
13836,Burning Blade Nightmare,Demons,129,Felsteed,Blocked,40,"Assignment proposed; server spell definitions missing: 80166, 80167, 891894"
13976,Tortured Drake,Dragonkin,,Unassigned,Blocked,60,protected-rank; missing-or-ambiguous-model-assignment
14020,Chromaggus,Dragonkin,,Unassigned,Blocked,63,protected-rank; protected-npc-vehicle-script; missing-or-ambiguous-model-assignment
14022,Corrupted Red Whelp,Dragonkin,450,Red Whelp,Blocked,60,no-supported-skills
14023,Corrupted Green Whelp,Dragonkin,438,Green Whelp,Blocked,60,no-supported-skills
14024,Corrupted Blue Whelp,Dragonkin,414,Blue Whelp,Blocked,60,Assignment proposed; server spell definitions missing: 91762
14025,Corrupted Bronze Whelp,Dragonkin,426,Bronze Whelp,Blocked,60,Assignment proposed; server spell definitions missing: 91767
14061,Phase Lasher (Fire),Elementals,,Unassigned,Blocked,37,protected-rank; missing-or-ambiguous-model-assignment
14062,Phase Lasher (Nature),Elementals,,Unassigned,Blocked,37,protected-rank; missing-or-ambiguous-model-assignment
14063,Phase Lasher (Arcane),Elementals,,Unassigned,Blocked,37,protected-rank; missing-or-ambiguous-model-assignment
14101,Enraged Felguard,Demons,126,Felguard,Blocked,60,protected-rank
14184,Phase Lasher (Frost),Elementals,,Unassigned,Blocked,37,protected-rank; missing-or-ambiguous-model-assignment
14225,Prince Kellen,Demons,134,Satyr,Blocked,33,protected-rank
14226,Kaskk,Demons,126,Felguard,Blocked,40,protected-rank
14231,Drogoth the Roamer,Elementals,355,Bog Beast,Blocked,37,protected-rank; no-ability-profile
14241,Ironbark the Redeemed,Elementals,,Unassigned,Blocked,58,protected-rank; protected-npc-vehicle-script; missing-or-ambiguous-model-assignment
14261,Blue Drakonid,Dragonkin,,Unassigned,Blocked,60,protected-rank; missing-or-ambiguous-model-assignment
14262,Green Drakonid,Dragonkin,,Unassigned,Blocked,60,protected-rank; missing-or-ambiguous-model-assignment
14263,Bronze Drakonid,Dragonkin,,Unassigned,Blocked,60,protected-rank; missing-or-ambiguous-model-assignment
14264,Red Drakonid,Dragonkin,,Unassigned,Blocked,60,protected-rank; missing-or-ambiguous-model-assignment
14265,Black Drakonid,Dragonkin,,Unassigned,Blocked,60,protected-rank; missing-or-ambiguous-model-assignment
14269,Seeker Aqualon,Elementals,304,Water Elemental,Blocked,21,protected-rank; no-supported-skills
14272,Snarlflare,Dragonkin,402,Black Whelp,Blocked,18,protected-rank; no-supported-skills
14302,Chromatic Drakonid,Dragonkin,,Unassigned,Blocked,60,protected-rank; missing-or-ambiguous-model-assignment
14303,Petrified Guardian,Elementals,394,Treant,Blocked,57,protected-rank; no-ability-profile
14331,Red Skeletal Warhorse,Undead,,Unassigned,Blocked,1,missing-or-ambiguous-model-assignment
14340,Alshirr Banebreath,Demons,134,Satyr,Blocked,54,protected-rank
14346,Captain Greshkil,Demons,106,Doomguard,Blocked,52,protected-rank
14350,Hydroling,Elementals,304,Water Elemental,Blocked,57,no-supported-skills
14352,Duke Landressar,Elementals,302,Earth Elemental,Blocked,63,protected-rank; no-supported-skills
14354,Pusillin,Demons,115,Imp,Blocked,57,protected-rank; protected-npc-vehicle-script
14358,Shen'dralar Ancient,Undead,,Unassigned,Blocked,60,protected-rank; protected-npc-vehicle-script; missing-or-ambiguous-model-assignment
14362,Thornling,Elementals,,Unassigned,Blocked,60,missing-or-ambiguous-model-assignment
14364,Shen'dralar Spirit,Undead,,Unassigned,Blocked,56,protected-rank; protected-npc-vehicle-script; missing-or-ambiguous-model-assignment
14385,Doomguard Minion,Demons,106,Doomguard,Active,59,Enabled mapping; runtime eligibility still applies.
14386,Wandering Eye of Kilrogg,Demons,,Unassigned,Blocked,60,missing-or-ambiguous-model-assignment
14388,Rogue Black Drake,Dragonkin,403,Black Drake,Blocked,50,Assignment proposed; server spell definitions missing: 91836
14389,Netherwalker,Demons,143,Voidwalker,Blocked,60,protected-rank
14397,Mana Burst,Elementals,,Unassigned,Blocked,59,missing-or-ambiguous-model-assignment
14398,Eldreth Darter,Dragonkin,541,Faerie Dragon,Blocked,58,protected-rank; no-supported-skills
14399,Arcane Torrent,Elementals,301,Air Elemental,Blocked,59,protected-rank; no-supported-skills
14400,Arcane Feedback,Elementals,301,Air Elemental,Blocked,59,no-supported-skills
14424,Mirelow,Elementals,355,Bog Beast,Blocked,25,protected-rank; no-ability-profile
14432,Threggil,Demons,,Unassigned,Blocked,6,protected-rank; missing-or-ambiguous-model-assignment
14435,Prince Thunderaan,Elementals,,Unassigned,Blocked,63,protected-rank; missing-or-ambiguous-model-assignment
14445,Lord Captain Wyrmak,Dragonkin,,Unassigned,Blocked,45,protected-rank; missing-or-ambiguous-model-assignment
14448,Molt Thorn,Elementals,355,Bog Beast,Blocked,42,protected-rank; no-ability-profile
14452,Enslaved Doomguard Commander,Demons,106,Doomguard,Blocked,61,protected-rank
14454,The Windreaver,Elementals,301,Air Elemental,Blocked,60,protected-rank; no-supported-skills
14455,Whirling Invader,Elementals,301,Air Elemental,Blocked,57,no-supported-skills
14457,Princess Tempestria,Elementals,304,Water Elemental,Blocked,60,protected-rank; no-supported-skills
14458,Watery Invader,Elementals,304,Water Elemental,Blocked,56,no-supported-skills
14460,Blazing Invader,Elementals,303,Fire Elemental,Blocked,54,no-supported-skills
14461,Baron Charr,Elementals,303,Fire Elemental,Blocked,58,protected-rank; no-supported-skills
14462,Thundering Invader,Elementals,302,Earth Elemental,Blocked,55,no-supported-skills
14464,Avalanchion,Elementals,302,Earth Elemental,Blocked,58,protected-rank; no-supported-skills
14467,Kroshius,Demons,118,Infernal,Active,55,Enabled mapping; runtime eligibility still applies.
14470,Impsy,Demons,115,Imp,Blocked,56,protected-npc-vehicle-script
14478,Huricanian,Elementals,301,Air Elemental,Blocked,58,protected-rank; no-supported-skills
14482,Xorothian Imp,Demons,115,Imp,Staged,59,Assignment candidate; profile/build/effect validation pending.
14483,Dread Guard,Demons,126,Felguard,Blocked,60,protected-rank
14484,Injured Peasant,Undead,,Unassigned,Blocked,51,protected-npc-vehicle-script; missing-or-ambiguous-model-assignment
14485,Plagued Peasant,Undead,,Unassigned,Blocked,52,protected-npc-vehicle-script; missing-or-ambiguous-model-assignment
14486,Scourge Footsoldier,Undead,225,Skeleton,Active,57,Enabled mapping; runtime eligibility still applies.
14489,Scourge Archer,Undead,225,Skeleton,Blocked,60,protected-npc-vehicle-script
14494,Eris Havenfire,Undead,,Unassigned,Blocked,60,protected-rank; protected-npc-vehicle-script; missing-or-ambiguous-model-assignment
14500,J'eevee,Demons,115,Imp,Staged,58,Assignment candidate; profile/build/effect validation pending.
14501,"Warlock Mount Ritual Mob Type 3, Infernal (DND)",Demons,118,Infernal,Active,50,Enabled mapping; runtime eligibility still applies.
14502,Xorothian Dreadsteed,Demons,130,Dreadsteed,Blocked,62,protected-rank
14503,The Cleaner,Demons,,Unassigned,Blocked,63,protected-rank; missing-or-ambiguous-model-assignment
14504,Dreadsteed Spirit,Demons,130,Dreadsteed,Blocked,60,protected-npc-vehicle-script
14505,Dreadsteed,Demons,130,Dreadsteed,Blocked,1,"Assignment proposed; server spell definitions missing: 80168, 80169, 80170, 891894"
14506,Lord Hel'nurath,Demons,128,Nathrezim,Blocked,62,protected-rank
14511,Shadowed Spirit,Undead,217,Ghost,Blocked,60,protected-rank; no-ability-profile
14512,Corrupted Spirit,Undead,217,Ghost,Blocked,59,protected-rank; no-ability-profile
14513,Malicious Spirit,Undead,217,Ghost,Blocked,59,protected-rank; no-ability-profile
14514,Banal Spirit,Undead,217,Ghost,Blocked,60,no-ability-profile
14516,Death Knight Darkreaver,Undead,,Unassigned,Blocked,62,protected-rank; missing-or-ambiguous-model-assignment
14518,Aspect of Banality,Undead,217,Ghost,Blocked,60,protected-rank; no-ability-profile
14519,Aspect of Corruption,Undead,217,Ghost,Blocked,60,protected-rank; no-ability-profile
14520,Aspect of Malice,Undead,217,Ghost,Blocked,60,protected-rank; no-ability-profile
14521,Aspect of Shadow,Undead,217,Ghost,Blocked,60,protected-rank; no-ability-profile
14527,Simone the Inconspicuous,Demons,,Unassigned,Blocked,60,protected-rank; protected-npc-vehicle-script; missing-or-ambiguous-model-assignment
14528,Precious,Demons,,Unassigned,Blocked,60,protected-rank; protected-npc-vehicle-script; missing-or-ambiguous-model-assignment
14529,Franklin the Friendly,Demons,,Unassigned,Blocked,60,protected-rank; protected-npc-vehicle-script; missing-or-ambiguous-model-assignment
14530,Solenor the Slayer,Demons,128,Nathrezim,Blocked,60,protected-rank
14531,Artorius the Amiable,Demons,,Unassigned,Blocked,60,protected-rank; protected-npc-vehicle-script; missing-or-ambiguous-model-assignment
14533,Simone the Seductress,Demons,135,Succubus,Blocked,60,protected-rank
14534,Klinfran the Crazed,Demons,126,Felguard,Blocked,60,protected-rank
14535,Artorius the Doombringer,Demons,106,Doomguard,Blocked,60,protected-rank
14536,Nelson the Nice,Demons,,Unassigned,Blocked,60,protected-rank; protected-npc-vehicle-script; missing-or-ambiguous-model-assignment
14538,Precious the Devourer,Demons,110,Felhunter (reference: Felhound),Blocked,60,protected-rank
14558,Purple Skeletal Warhorse,Undead,,Unassigned,Blocked,1,missing-or-ambiguous-model-assignment
14564,Terrordale Spirit,Undead,217,Ghost,Blocked,59,no-ability-profile
14601,Ebonroc,Dragonkin,403,Black Drake,Blocked,63,protected-rank; protected-npc-vehicle-script
14605,Bone Construct,Undead,205,Bone Golem,Blocked,60,protected-rank
14668,Corrupted Infernal,Demons,118,Infernal,Active,60,Enabled mapping; runtime eligibility still applies.
14682,Sever,Undead,203,Abomination,Blocked,21,protected-rank
14683,Baron Titus Rivendare,Undead,,Unassigned,Blocked,60,protected-rank; missing-or-ambiguous-model-assignment
14684,Balzaphon,Undead,219,Lich,Blocked,60,protected-rank
14685,Morbus,Undead,203,Abomination,Blocked,61,protected-rank
14686,Lady Falther'ess,Undead,204,Banshee,Blocked,37,protected-rank
14687,Soulless,Undead,224,Shade,Blocked,61,protected-rank
14688,Prince Sandoval,Undead,,Unassigned,Blocked,80,protected-rank; missing-or-ambiguous-model-assignment
14689,Mana Elemental,Elementals,,Unassigned,Blocked,59,protected-rank; missing-or-ambiguous-model-assignment
14690,Revanchion,Undead,217,Ghost,Blocked,60,protected-rank; no-ability-profile
14691,Basalt,Undead,215,Gargoyle,Blocked,61,protected-rank
14692,Wollstonecraft,Undead,228,Wight,Blocked,61,protected-rank
14693,Scorn,Undead,219,Lich,Blocked,34,protected-rank
14694,Necrosis,Undead,207,Crypt Fiend,Blocked,61,protected-rank
14695,Lord Blackwood,Undead,225,Skeleton,Blocked,60,protected-rank
14696,Stitched Behemoth,Undead,203,Abomination,Blocked,60,"Assignment proposed; server spell definitions missing: 80186, 80190"
14697,Lumbering Horror,Undead,203,Abomination,Blocked,71,protected-rank
14698,Silent Stalker,Undead,224,Shade,Active,57,Enabled mapping; runtime eligibility still applies.
14699,Spectral Soldier UNUSED,Undead,217,Ghost,Blocked,54,protected-rank; no-ability-profile
14700,Unclean Spirit,Undead,217,Ghost,Blocked,57,no-ability-profile
14701,Doom Wraith,Undead,224,Shade,Blocked,54,protected-rank
14702,Wailing Widow,Undead,204,Banshee,Active,57,Enabled mapping; runtime eligibility still applies.
14703,Death Siren,Undead,204,Banshee,Blocked,56,protected-rank
14704,Skittering Dread,Undead,207,Crypt Fiend,Blocked,54,protected-rank
14705,Nerubian Webspinner,Undead,207,Crypt Fiend,Active,57,Enabled mapping; runtime eligibility still applies.
14706,Skeletal Shocktrooper UNUSED,Undead,205,Bone Golem,Blocked,54,protected-rank
14707,Bone Warder,Undead,205,Bone Golem,Active,57,Enabled mapping; runtime eligibility still applies.
14708,Decaying Warrior,Undead,230,Zombie,Active,57,Enabled mapping; runtime eligibility still applies.
14709,Blighted Dead,Undead,230,Zombie,Blocked,54,protected-rank
14710,Dread Sorcerer,Undead,233,Skeletal Mage,Blocked,55,protected-rank
14711,Plagued Eater UNUSED,Undead,218,Ghoul,Active,57,Enabled mapping; runtime eligibility still applies.
14712,Midden Ghoul,Undead,218,Ghoul,Blocked,55,protected-rank
14713,Putrid Flyer,Undead,215,Gargoyle,Active,57,Enabled mapping; runtime eligibility still applies.
14714,Winged Horror,Undead,215,Gargoyle,Blocked,56,protected-rank
14825,Withered Mistress,Undead,,Unassigned,Blocked,60,protected-rank; missing-or-ambiguous-model-assignment
14826,Sacrificed Troll,Undead,225,Skeleton,Active,60,Enabled mapping; runtime eligibility still applies.
14861,Blood Steward of Kirtonos,Demons,135,Succubus,Blocked,61,protected-rank
14887,Ysondre,Dragonkin,,Unassigned,Blocked,63,protected-rank; protected-npc-vehicle-script; missing-or-ambiguous-model-assignment
14888,Lethon,Dragonkin,,Unassigned,Blocked,63,protected-rank; protected-npc-vehicle-script; missing-or-ambiguous-model-assignment
14889,Emeriss,Dragonkin,,Unassigned,Blocked,63,protected-rank; protected-npc-vehicle-script; missing-or-ambiguous-model-assignment
14890,Taerar,Dragonkin,,Unassigned,Blocked,63,protected-rank; protected-npc-vehicle-script; missing-or-ambiguous-model-assignment
14986,Shade of Jin'do,Undead,,Unassigned,Blocked,60,protected-npc-vehicle-script; missing-or-ambiguous-model-assignment
15081,Gri'lek [UNUSED],Undead,,Unassigned,Blocked,45,protected-rank; missing-or-ambiguous-model-assignment
15082,Gri'lek,Undead,,Unassigned,Blocked,63,protected-rank; protected-npc-vehicle-script; missing-or-ambiguous-model-assignment
15083,Hazza'rah,Undead,,Unassigned,Blocked,63,protected-rank; protected-npc-vehicle-script; missing-or-ambiguous-model-assignment
15084,Renataki,Undead,,Unassigned,Blocked,63,protected-rank; protected-npc-vehicle-script; missing-or-ambiguous-model-assignment
15085,Wushoolay,Undead,,Unassigned,Blocked,63,protected-rank; protected-npc-vehicle-script; missing-or-ambiguous-model-assignment
15111,Mad Servant,Demons,,Unassigned,Blocked,61,protected-rank; missing-or-ambiguous-model-assignment
15117,Chained Spirit,Undead,217,Ghost,Blocked,60,protected-npc-vehicle-script; no-ability-profile
15121,Skeletal Magelord,Undead,233,Skeletal Mage,Active,51,Enabled mapping; runtime eligibility still applies.
15135,Chromatic Drake Mount,Dragonkin,,Unassigned,Blocked,1,missing-or-ambiguous-model-assignment
15146,Mad Voidwalker,Demons,143,Voidwalker,Blocked,60,protected-rank
15163,Nightmare Illusion,Undead,,Unassigned,Blocked,63,missing-or-ambiguous-model-assignment
15185,Brood of Nozdormu,Dragonkin,427,Bronze Drake,Blocked,62,protected-rank; no-supported-skills
15192,Anachronos,Dragonkin,,Unassigned,Blocked,63,protected-rank; protected-npc-vehicle-script; missing-or-ambiguous-model-assignment
15195,Wickerman Guardian,Undead,203,Abomination,Blocked,60,protected-rank
15209,Crimson Templar,Elementals,303,Fire Elemental,Blocked,60,no-supported-skills
15211,Azure Templar,Elementals,304,Water Elemental,Blocked,60,no-supported-skills
15212,Hoary Templar,Elementals,301,Air Elemental,Blocked,60,no-supported-skills
15271,Tender,Elementals,394,Treant,Blocked,2,no-ability-profile
15273,Arcane Wraith,Elementals,,Unassigned,Blocked,3,missing-or-ambiguous-model-assignment
15294,Feral Tender,Elementals,394,Treant,Blocked,3,no-ability-profile
15298,Tainted Arcane Wraith,Elementals,,Unassigned,Blocked,4,missing-or-ambiguous-model-assignment
15302,Shade of Taerar,Dragonkin,,Unassigned,Blocked,63,protected-rank; missing-or-ambiguous-model-assignment
15307,Earthen Templar,Elementals,302,Earth Elemental,Blocked,60,no-supported-skills
15338,Obsidian Destroyer,Elementals,,Unassigned,Blocked,61,protected-rank; protected-npc-vehicle-script; missing-or-ambiguous-model-assignment
15342,[UNUSED] Sphinx,Elementals,,Unassigned,Blocked,61,protected-rank; missing-or-ambiguous-model-assignment
15352,Greater Earth Elemental,Elementals,302,Earth Elemental,Blocked,66,protected-npc-vehicle-script; no-supported-skills
15374,Halloween Undead Pirate,Undead,,Unassigned,Blocked,30,missing-or-ambiguous-model-assignment
15376,Halloween Male Ghost,Undead,,Unassigned,Blocked,56,protected-rank; missing-or-ambiguous-model-assignment
15377,Halloween Female Ghost,Undead,,Unassigned,Blocked,56,protected-rank; missing-or-ambiguous-model-assignment
15378,Merithra of the Dream,Dragonkin,,Unassigned,Blocked,63,protected-rank; protected-npc-vehicle-script; missing-or-ambiguous-model-assignment
15379,Caelestrasz,Dragonkin,,Unassigned,Blocked,63,protected-rank; protected-npc-vehicle-script; missing-or-ambiguous-model-assignment
15380,Arygos,Dragonkin,,Unassigned,Blocked,63,protected-rank; protected-npc-vehicle-script; missing-or-ambiguous-model-assignment
15381,Anachronos the Ancient,Dragonkin,,Unassigned,Blocked,63,protected-rank; protected-npc-vehicle-script; missing-or-ambiguous-model-assignment
15409,Old Whitebark,Elementals,394,Treant,Blocked,10,no-ability-profile
15410,Anachronos Dragon Form,Dragonkin,,Unassigned,Blocked,60,protected-rank; missing-or-ambiguous-model-assignment
15411,Arygos Dragon Form,Dragonkin,,Unassigned,Blocked,60,protected-rank; missing-or-ambiguous-model-assignment
15412,Caelestrasz Dragon Form,Dragonkin,,Unassigned,Blocked,60,protected-rank; missing-or-ambiguous-model-assignment
15413,Merithra Dragon Form,Dragonkin,,Unassigned,Blocked,60,protected-rank; missing-or-ambiguous-model-assignment
15428,Sand Vortex,Elementals,,Unassigned,Blocked,60,missing-or-ambiguous-model-assignment
15438,Greater Fire Elemental,Elementals,303,Fire Elemental,Blocked,68,protected-npc-vehicle-script; no-supported-skills
15466,Minion of Omen,Demons,,Unassigned,Blocked,59,missing-or-ambiguous-model-assignment
15467,Omen,Demons,,Unassigned,Blocked,83,protected-rank; protected-npc-vehicle-script; missing-or-ambiguous-model-assignment
15481,Spirit of Azuregos,Dragonkin,,Unassigned,Blocked,63,protected-rank; protected-npc-vehicle-script; missing-or-ambiguous-model-assignment
15491,"Eranikus, Tyrant of the Dream",Dragonkin,,Unassigned,Blocked,63,protected-rank; missing-or-ambiguous-model-assignment
15527,Mana Fiend,Elementals,,Unassigned,Blocked,63,protected-rank; missing-or-ambiguous-model-assignment
15547,Spectral Charger,Undead,,Unassigned,Blocked,71,protected-rank; missing-or-ambiguous-model-assignment
15548,Spectral Stallion,Undead,,Unassigned,Blocked,71,protected-rank; missing-or-ambiguous-model-assignment
15550,Attumen the Huntsman,Undead,,Unassigned,Blocked,73,protected-rank; protected-npc-vehicle-script; missing-or-ambiguous-model-assignment
15551,Spectral Stable Hand,Undead,,Unassigned,Blocked,70,protected-rank; missing-or-ambiguous-model-assignment
15623,Xandivious,Demons,134,Satyr,Blocked,62,protected-rank
15625,Twilight Corrupter,Demons,134,Satyr,Blocked,63,protected-rank; protected-npc-vehicle-script
15628,Eranikus the Redeemed,Dragonkin,,Unassigned,Blocked,63,protected-rank; missing-or-ambiguous-model-assignment
15635,Eversong Tender,Elementals,394,Treant,Blocked,5,no-ability-profile
15636,Eversong Green Keeper,Elementals,394,Treant,Blocked,7,no-ability-profile
15637,Withered Green Keeper,Elementals,394,Treant,Blocked,9,no-ability-profile
15638,Arcane Patroller,Elementals,,Unassigned,Blocked,5,missing-or-ambiguous-model-assignment
15639,Arcane Warder,Elementals,,Unassigned,Blocked,5,missing-or-ambiguous-model-assignment
15640,Arcane Enforcer,Elementals,,Unassigned,Blocked,67,missing-or-ambiguous-model-assignment
15647,Mana Stalker,Elementals,,Unassigned,Blocked,5,missing-or-ambiguous-model-assignment
15648,Manawraith,Elementals,,Unassigned,Blocked,6,missing-or-ambiguous-model-assignment
15654,Plaguebone Pillager,Undead,225,Skeleton,Active,5,Enabled mapping; runtime eligibility still applies.
15655,Rotlimb Cannibal,Undead,218,Ghoul,Active,6,Enabled mapping; runtime eligibility still applies.
15656,Angershade,Undead,224,Shade,Active,7,Enabled mapping; runtime eligibility still applies.
15657,Darkwraith,Undead,224,Shade,Active,9,Enabled mapping; runtime eligibility still applies.
15658,Rotlimb Marauder,Undead,218,Ghoul,Active,8,Enabled mapping; runtime eligibility still applies.
15665,Mounted Reindeer,Undead,,Unassigned,Blocked,1,missing-or-ambiguous-model-assignment
15687,Moroes,Undead,,Unassigned,Blocked,73,protected-rank; protected-npc-vehicle-script; missing-or-ambiguous-model-assignment
15688,Terestian Illhoof,Demons,134,Satyr,Blocked,70,protected-rank; protected-npc-vehicle-script
15689,Netherspite,Dragonkin,,Unassigned,Blocked,70,protected-rank; protected-npc-vehicle-script; missing-or-ambiguous-model-assignment
15690,Prince Malchezaar,Demons,,Unassigned,Blocked,73,protected-rank; protected-npc-vehicle-script; missing-or-ambiguous-model-assignment
15720,Timbermaw Ancestor,Undead,,Unassigned,Blocked,60,missing-or-ambiguous-model-assignment
15928,Thaddius,Undead,,Unassigned,Blocked,83,protected-rank; protected-npc-vehicle-script; missing-or-ambiguous-model-assignment
15929,Stalagg,Undead,228,Wight,Blocked,83,protected-rank; protected-npc-vehicle-script
15930,Feugen,Undead,228,Wight,Blocked,83,protected-rank; protected-npc-vehicle-script
15931,Grobbulus,Undead,,Unassigned,Blocked,83,protected-rank; protected-npc-vehicle-script; missing-or-ambiguous-model-assignment
15932,Gluth,Undead,,Unassigned,Blocked,83,protected-rank; protected-npc-vehicle-script; missing-or-ambiguous-model-assignment
15936,Heigan the Unclean,Undead,,Unassigned,Blocked,83,protected-rank; protected-npc-vehicle-script; missing-or-ambiguous-model-assignment
15954,Noth the Plaguebringer,Undead,,Unassigned,Blocked,83,protected-rank; protected-npc-vehicle-script; missing-or-ambiguous-model-assignment
15956,Anub'Rekhan,Undead,208,Crypt Lord,Blocked,83,protected-rank; protected-npc-vehicle-script
15958,Gharsul the Remorseless,Undead,233,Skeletal Mage,Active,8,Enabled mapping; runtime eligibility still applies.
15967,Ether Fiend,Elementals,,Unassigned,Blocked,9,missing-or-ambiguous-model-assignment
15978,Crypt Reaver,Undead,207,Crypt Fiend,Blocked,81,protected-rank
15979,Tomb Horror,Undead,207,Crypt Fiend,Blocked,81,protected-rank
15989,Sapphiron,Undead,,Unassigned,Blocked,83,protected-rank; protected-npc-vehicle-script; missing-or-ambiguous-model-assignment
15990,Kel'Thuzad,Undead,,Unassigned,Blocked,83,protected-rank; protected-npc-vehicle-script; missing-or-ambiguous-model-assignment
16011,Loatheb,Undead,,Unassigned,Blocked,83,protected-rank; protected-npc-vehicle-script; missing-or-ambiguous-model-assignment
16017,Patchwork Golem,Undead,203,Abomination,Blocked,81,protected-rank
16018,Bile Retcher,Undead,203,Abomination,Blocked,81,protected-rank
16020,Mad Scientist,Undead,,Unassigned,Blocked,81,protected-rank; missing-or-ambiguous-model-assignment
16021,Living Monstrosity,Undead,228,Wight,Blocked,82,protected-rank
16022,Surgical Assistant,Undead,,Unassigned,Blocked,80,protected-rank; missing-or-ambiguous-model-assignment
16025,Stitched Giant,Undead,,Unassigned,Blocked,82,protected-rank; missing-or-ambiguous-model-assignment
16026,Flesh Giant B [PH],Undead,,Unassigned,Blocked,82,protected-rank; missing-or-ambiguous-model-assignment
16027,Living Poison,Undead,,Unassigned,Blocked,81,protected-rank; protected-npc-vehicle-script; missing-or-ambiguous-model-assignment
16028,Patchwerk,Undead,203,Abomination,Blocked,83,protected-rank; protected-npc-vehicle-script
16029,Sludge Belcher,Undead,203,Abomination,Blocked,82,protected-rank
16034,Plague Beast,Undead,,Unassigned,Blocked,81,protected-rank; missing-or-ambiguous-model-assignment
16035,[UNUSED] Bog Beast B [PH],Elementals,355,Bog Beast,Blocked,60,protected-rank; no-ability-profile
16039,Pack Trainer [PH],Undead,,Unassigned,Blocked,81,protected-rank; missing-or-ambiguous-model-assignment
16040,Pack Handler [PH],Undead,,Unassigned,Blocked,81,protected-rank; missing-or-ambiguous-model-assignment
16042,Lord Valthalak,Dragonkin,,Unassigned,Blocked,63,protected-rank; protected-npc-vehicle-script; missing-or-ambiguous-model-assignment
16043,Magma Lord Bokk,Elementals,302,Earth Elemental,Blocked,60,no-supported-skills
16060,Gothik the Harvester,Undead,,Unassigned,Blocked,83,protected-rank; protected-npc-vehicle-script; missing-or-ambiguous-model-assignment
16061,Instructor Razuvious,Undead,,Unassigned,Blocked,83,protected-rank; protected-npc-vehicle-script; missing-or-ambiguous-model-assignment
16062,Highlord Mograine,Undead,,Unassigned,Blocked,83,protected-rank; missing-or-ambiguous-model-assignment
16063,Sir Zeliek,Undead,,Unassigned,Blocked,83,protected-rank; protected-npc-vehicle-script; missing-or-ambiguous-model-assignment
16064,Thane Korth'azz,Undead,,Unassigned,Blocked,83,protected-rank; protected-npc-vehicle-script; missing-or-ambiguous-model-assignment
16065,Lady Blaumeux,Undead,,Unassigned,Blocked,83,protected-rank; protected-npc-vehicle-script; missing-or-ambiguous-model-assignment
16066,Spectral Assassin,Undead,,Unassigned,Blocked,60,missing-or-ambiguous-model-assignment
16067,Deathcharger Steed,Undead,,Unassigned,Blocked,81,protected-rank; missing-or-ambiguous-model-assignment
16077,[PH] Alex's Test DPS Mob,Demons,106,Doomguard,Blocked,63,protected-rank
16089,Omar the Test Dragon,Dragonkin,,Unassigned,Blocked,1,protected-rank; missing-or-ambiguous-model-assignment
16093,Spectral Stalker,Undead,,Unassigned,Blocked,60,missing-or-ambiguous-model-assignment
16099,[PH] Naxxramas Test Boss,Undead,230,Zombie,Active,63,Enabled mapping; runtime eligibility still applies.
16101,Jarien,Undead,,Unassigned,Blocked,60,protected-rank; protected-npc-vehicle-script; missing-or-ambiguous-model-assignment
16102,Sothos,Undead,,Unassigned,Blocked,60,protected-rank; protected-npc-vehicle-script; missing-or-ambiguous-model-assignment
16103,Spirit of Jarien,Undead,,Unassigned,Blocked,60,missing-or-ambiguous-model-assignment
16104,Spirit of Sothos,Undead,,Unassigned,Blocked,60,missing-or-ambiguous-model-assignment
16119,Bone Minion,Undead,225,Skeleton,Active,60,Enabled mapping; runtime eligibility still applies.
16120,Bone Mage,Undead,233,Skeletal Mage,Blocked,60,protected-rank
16125,Unrelenting Death Knight,Undead,,Unassigned,Blocked,81,protected-rank; protected-npc-vehicle-script; missing-or-ambiguous-model-assignment
16126,Unrelenting Rider,Undead,,Unassigned,Blocked,81,protected-rank; protected-npc-vehicle-script; missing-or-ambiguous-model-assignment
16127,Spectral Trainee,Undead,217,Ghost,Blocked,80,protected-rank; protected-npc-vehicle-script; no-ability-profile
16138,[UNUSED] Scourge Invasion Guardian,Undead,218,Ghoul,Active,1,Enabled mapping; runtime eligibility still applies.
16141,Ghoul Berserker,Undead,218,Ghoul,Active,69,Enabled mapping; runtime eligibility still applies.
16143,Shadow of Doom,Undead,224,Shade,Blocked,70,protected-rank
16145,Death Knight Captain,Undead,,Unassigned,Blocked,81,protected-rank; missing-or-ambiguous-model-assignment
16146,Death Knight,Undead,,Unassigned,Blocked,81,protected-rank; missing-or-ambiguous-model-assignment
16148,Spectral Death Knight,Undead,,Unassigned,Blocked,81,protected-rank; protected-npc-vehicle-script; missing-or-ambiguous-model-assignment
16149,Spectral Horse,Undead,,Unassigned,Blocked,81,protected-rank; protected-npc-vehicle-script; missing-or-ambiguous-model-assignment
16150,Spectral Rider,Undead,,Unassigned,Blocked,81,protected-rank; protected-npc-vehicle-script; missing-or-ambiguous-model-assignment
16151,Midnight,Undead,,Unassigned,Blocked,73,protected-rank; protected-npc-vehicle-script; missing-or-ambiguous-model-assignment
16152,Attumen the Huntsman,Undead,,Unassigned,Blocked,73,protected-rank; protected-npc-vehicle-script; missing-or-ambiguous-model-assignment
16153,Berthold,Undead,,Unassigned,Blocked,70,protected-rank; protected-npc-vehicle-script; missing-or-ambiguous-model-assignment
16154,Risen Squire,Undead,,Unassigned,Blocked,81,protected-rank; missing-or-ambiguous-model-assignment
16159,Calliard,Undead,,Unassigned,Blocked,70,protected-rank; protected-npc-vehicle-script; missing-or-ambiguous-model-assignment
16163,Death Knight Cavalier,Undead,,Unassigned,Blocked,81,protected-rank; missing-or-ambiguous-model-assignment
16164,Shade of Naxxramas,Undead,224,Shade,Blocked,81,protected-rank
16165,Necro Knight,Undead,229,Wraith,Blocked,81,protected-rank; no-supported-skills
16167,Bony Construct,Undead,205,Bone Golem,Blocked,81,protected-rank
16168,Stoneskin Gargoyle,Undead,215,Gargoyle,Blocked,81,protected-rank
16169,Hastings,Undead,,Unassigned,Blocked,70,protected-rank; protected-npc-vehicle-script; missing-or-ambiguous-model-assignment
16176,Shadowbeast,Demons,105,Darkhound,Blocked,69,protected-rank
16177,Dreadbeast,Demons,105,Darkhound,Blocked,71,protected-rank
16178,Phase Hound,Demons,105,Darkhound,Blocked,70,protected-rank
16181,Rokad the Ravager,Demons,105,Darkhound,Blocked,73,protected-rank; protected-npc-vehicle-script
16184,Nerubian Overseer,Undead,207,Crypt Fiend,Blocked,60,protected-rank
16193,Skeletal Smith,Undead,225,Skeleton,Blocked,81,protected-rank
16194,Unholy Axe,Undead,,Unassigned,Blocked,81,protected-rank; missing-or-ambiguous-model-assignment
16215,Unholy Staff,Undead,,Unassigned,Blocked,81,protected-rank; missing-or-ambiguous-model-assignment
16216,Unholy Swords,Undead,,Unassigned,Blocked,81,protected-rank; missing-or-ambiguous-model-assignment
16244,Infectious Ghoul,Undead,218,Ghoul,Blocked,81,protected-rank
16245,Luzran,Undead,203,Abomination,Blocked,21,protected-rank
16246,Knucklerot,Undead,203,Abomination,Blocked,21,protected-rank
16247,Borgoth the Bloodletter,Undead,203,Abomination,Blocked,20,"Assignment proposed; server spell definitions missing: 80186, 80190"
16248,Jurion the Deceiver,Undead,224,Shade,Active,20,Enabled mapping; runtime eligibility still applies.
16249,Masophet the Black,Undead,233,Skeletal Mage,Active,20,Enabled mapping; runtime eligibility still applies.
16250,Mirdoran the Fallen,Undead,,Unassigned,Blocked,20,missing-or-ambiguous-model-assignment
16292,Aquantion,Elementals,304,Water Elemental,Blocked,13,no-supported-skills
16298,Spectral Soldier,Undead,217,Ghost,Blocked,69,no-ability-profile
16299,Skeletal Shocktrooper,Undead,205,Bone Golem,Active,69,Enabled mapping; runtime eligibility still applies.
16300,Risen Creeper,Undead,230,Zombie,Active,9,Enabled mapping; runtime eligibility still applies.
16301,Risen Hungerer,Undead,230,Zombie,Active,13,Enabled mapping; runtime eligibility still applies.
16302,Risen Stalker,Undead,230,Zombie,Active,16,Enabled mapping; runtime eligibility still applies.
16303,Dreadbone Skeleton,Undead,225,Skeleton,Active,10,Enabled mapping; runtime eligibility still applies.
16304,Arcane Devourer,Elementals,,Unassigned,Blocked,11,missing-or-ambiguous-model-assignment
16305,Dreadbone Sentinel,Undead,225,Skeleton,Active,17,Enabled mapping; runtime eligibility still applies.
16307,Deathcage Scryer,Undead,233,Skeletal Mage,Active,9,Enabled mapping; runtime eligibility still applies.
16308,Deathcage Sorcerer,Undead,233,Skeletal Mage,Active,16,Enabled mapping; runtime eligibility still applies.
16309,Gangled Cannibal,Undead,218,Ghoul,Active,12,Enabled mapping; runtime eligibility still applies.
16311,Phantasmal Watcher,Undead,224,Shade,Active,12,Enabled mapping; runtime eligibility still applies.
16312,Spectral Screamer,Undead,204,Banshee,Active,14,Enabled mapping; runtime eligibility still applies.
16313,Nerubis Guard,Undead,207,Crypt Fiend,Active,9,Enabled mapping; runtime eligibility still applies.
16314,Fallen Ranger,Undead,204,Banshee,Active,15,Enabled mapping; runtime eligibility still applies.
16316,Stonewing Tracker,Undead,215,Gargoyle,Active,16,Enabled mapping; runtime eligibility still applies.
16319,Nerubis Centurion,Undead,207,Crypt Fiend,Active,18,Enabled mapping; runtime eligibility still applies.
16320,Eye of Dar'Khan,Undead,224,Shade,Active,19,Enabled mapping; runtime eligibility still applies.
16321,Wailer,Undead,204,Banshee,Active,18,Enabled mapping; runtime eligibility still applies.
16322,Gangled Flesheater,Undead,218,Ghoul,Active,10,Enabled mapping; runtime eligibility still applies.
16323,Phantasmal Seeker,Undead,224,Shade,Active,12,Enabled mapping; runtime eligibility still applies.
16324,Stonewing Slayer,Undead,215,Gargoyle,Active,13,Enabled mapping; runtime eligibility still applies.
16325,Quel'dorei Ghost,Undead,,Unassigned,Blocked,10,missing-or-ambiguous-model-assignment
16326,Quel'dorei Wraith,Undead,,Unassigned,Blocked,11,missing-or-ambiguous-model-assignment
16327,Ravening Apparition,Undead,217,Ghost,Blocked,11,no-ability-profile
16328,Vengeful Apparition,Undead,217,Ghost,Blocked,12,no-ability-profile
16329,Dar'Khan Drathir,Undead,,Unassigned,Blocked,21,protected-rank; missing-or-ambiguous-model-assignment
16339,Arcane Reaver,Elementals,,Unassigned,Blocked,15,missing-or-ambiguous-model-assignment
16342,Mummified Headhunter,Undead,,Unassigned,Blocked,16,missing-or-ambiguous-model-assignment
16357,Anok'suten,Undead,207,Crypt Fiend,Blocked,11,protected-rank
16360,Zombie Chow,Undead,230,Zombie,Blocked,80,protected-rank
16379,Spirit of the Damned,Undead,224,Shade,Blocked,71,protected-rank
16380,Bone Witch,Undead,233,Skeletal Mage,Blocked,71,protected-rank
16382,Patchwork Terror,Undead,203,Abomination,Blocked,70,protected-rank; protected-npc-vehicle-script
16383,Flameshocker,Undead,225,Skeleton,Blocked,63,protected-rank; protected-npc-vehicle-script
16387,Atiesh,Demons,,Unassigned,Blocked,63,protected-rank; missing-or-ambiguous-model-assignment
16388,Koren,Undead,,Unassigned,Blocked,70,protected-rank; protected-npc-vehicle-script; missing-or-ambiguous-model-assignment
16389,Spectral Apprentice,Undead,,Unassigned,Blocked,70,protected-rank; missing-or-ambiguous-model-assignment
16390,Deathchill Servant,Undead,218,Ghoul,Active,81,Enabled mapping; runtime eligibility still applies.
16393,Cold Wraith [FILMING],Undead,224,Shade,Active,52,Enabled mapping; runtime eligibility still applies.
16394,Pallid Horror,Undead,228,Wight,Blocked,70,protected-rank; protected-npc-vehicle-script
16402,Zombified Grimscale,Undead,,Unassigned,Blocked,12,missing-or-ambiguous-model-assignment
16403,Withered Grimscale,Undead,,Unassigned,Blocked,12,missing-or-ambiguous-model-assignment
16406,Phantom Attendant,Undead,,Unassigned,Blocked,71,protected-rank; missing-or-ambiguous-model-assignment
16407,Spectral Servant,Undead,,Unassigned,Blocked,69,protected-rank; missing-or-ambiguous-model-assignment
16408,Phantom Valet,Undead,,Unassigned,Blocked,72,protected-rank; missing-or-ambiguous-model-assignment
16409,Phantom Guest,Undead,,Unassigned,Blocked,70,missing-or-ambiguous-model-assignment
16410,Spectral Retainer,Undead,,Unassigned,Blocked,72,protected-rank; missing-or-ambiguous-model-assignment
16411,Spectral Chef,Undead,,Unassigned,Blocked,71,protected-rank; missing-or-ambiguous-model-assignment
16412,Ghostly Baker,Undead,,Unassigned,Blocked,71,protected-rank; missing-or-ambiguous-model-assignment
16414,Ghostly Steward,Undead,,Unassigned,Blocked,71,protected-rank; missing-or-ambiguous-model-assignment
16415,Skeletal Waiter,Undead,225,Skeleton,Blocked,71,protected-rank
16422,Skeletal Soldier,Undead,205,Bone Golem,Active,6,Enabled mapping; runtime eligibility still applies.
16423,Spectral Apparition,Undead,217,Ghost,Blocked,6,no-ability-profile
16424,Spectral Sentry,Undead,,Unassigned,Blocked,71,protected-rank; missing-or-ambiguous-model-assignment
16425,Phantom Guardsman,Undead,,Unassigned,Blocked,71,protected-rank; missing-or-ambiguous-model-assignment
16426,Bennett,Undead,,Unassigned,Blocked,70,protected-rank; protected-npc-vehicle-script; missing-or-ambiguous-model-assignment
16427,Soldier of the Frozen Wastes,Undead,225,Skeleton,Blocked,80,protected-rank; protected-npc-vehicle-script
16428,Unstoppable Abomination,Undead,203,Abomination,Blocked,80,protected-rank; protected-npc-vehicle-script
16429,Soul Weaver,Undead,204,Banshee,Blocked,80,protected-rank; protected-npc-vehicle-script
16432,Undercity Elite Guardian,Undead,203,Abomination,Blocked,70,protected-rank
16437,Spectral Spirit,Undead,217,Ghost,Blocked,9,no-ability-profile
16438,Skeletal Trooper,Undead,205,Bone Golem,Active,9,Enabled mapping; runtime eligibility still applies.
16439,Fairbanks Transformed,Undead,,Unassigned,Blocked,40,protected-rank; missing-or-ambiguous-model-assignment
16440,Highlord Mograine Transform,Undead,,Unassigned,Blocked,80,protected-rank; missing-or-ambiguous-model-assignment
16441,Guardian of Icecrown,Undead,208,Crypt Lord,Blocked,80,protected-rank; protected-npc-vehicle-script
16446,Plagued Gargoyle,Undead,215,Gargoyle,Blocked,70,protected-rank
16447,Plagued Ghoul,Undead,218,Ghoul,Blocked,81,protected-rank
16449,Spirit of Naxxramas,Undead,224,Shade,Blocked,61,protected-rank
16451,[UNUSED] Death Knight Vindicator,Undead,,Unassigned,Blocked,62,protected-rank; missing-or-ambiguous-model-assignment
16452,Necro Knight Guardian,Undead,233,Skeletal Mage,Blocked,62,protected-rank
16459,Wanton Hostess,Undead,,Unassigned,Blocked,71,protected-rank; missing-or-ambiguous-model-assignment
16460,Night Mistress,Undead,,Unassigned,Blocked,71,protected-rank; missing-or-ambiguous-model-assignment
16461,Concubine,Demons,,Unassigned,Blocked,71,protected-rank; missing-or-ambiguous-model-assignment
16468,Spectral Patron,Undead,,Unassigned,Blocked,70,missing-or-ambiguous-model-assignment
16470,Ghostly Philanthropist,Undead,,Unassigned,Blocked,72,protected-rank; missing-or-ambiguous-model-assignment
16471,Skeletal Usher,Undead,233,Skeletal Mage,Blocked,72,protected-rank
16472,Phantom Stagehand,Undead,,Unassigned,Blocked,71,protected-rank; missing-or-ambiguous-model-assignment
16473,Spectral Performer,Undead,,Unassigned,Blocked,71,protected-rank; missing-or-ambiguous-model-assignment
16481,Ghastly Haunt,Undead,217,Ghost,Blocked,72,protected-rank; no-ability-profile
16482,Trapped Soul,Undead,217,Ghost,Blocked,72,protected-rank; no-ability-profile
16488,Arcane Anomaly,Elementals,,Unassigned,Blocked,71,protected-rank; missing-or-ambiguous-model-assignment
16489,Chaotic Sentience,Elementals,,Unassigned,Blocked,70,protected-rank; missing-or-ambiguous-model-assignment
16512,Argent Deathsteed,Demons,129,Felsteed,Blocked,60,"Assignment proposed; server spell definitions missing: 80166, 80167, 891894"
16513,Argent Deathcharger,Demons,130,Dreadsteed,Blocked,60,"Assignment proposed; server spell definitions missing: 80168, 80169, 80170, 891894"
16516,Volatile Mutation,Elementals,,Unassigned,Blocked,1,missing-or-ambiguous-model-assignment
16517,Mutated Root Lasher,Elementals,,Unassigned,Blocked,3,missing-or-ambiguous-model-assignment
16524,Shade of Aran,Undead,,Unassigned,Blocked,73,protected-rank; protected-npc-vehicle-script; missing-or-ambiguous-model-assignment
16525,Spell Shade,Undead,,Unassigned,Blocked,71,protected-rank; missing-or-ambiguous-model-assignment
16526,Sorcerous Shade,Undead,,Unassigned,Blocked,72,protected-rank; missing-or-ambiguous-model-assignment
16529,Magical Horror,Elementals,,Unassigned,Blocked,71,protected-rank; missing-or-ambiguous-model-assignment
16530,Mana Warp,Elementals,,Unassigned,Blocked,70,protected-rank; missing-or-ambiguous-model-assignment
16533,Inoculated Root Lasher,Elementals,,Unassigned,Blocked,1,missing-or-ambiguous-model-assignment
16539,Homunculus,Demons,,Unassigned,Blocked,70,protected-rank; missing-or-ambiguous-model-assignment
16562,Summoned Daemon UNUSED,Demons,106,Doomguard,Blocked,70,protected-rank
16564,Myconite,Elementals,,Unassigned,Blocked,65,missing-or-ambiguous-model-assignment
16565,Fungal Beast,Elementals,,Unassigned,Blocked,65,missing-or-ambiguous-model-assignment
16566,Myconite Worker (PH),Elementals,,Unassigned,Blocked,65,missing-or-ambiguous-model-assignment
16570,Crazed Water Spirit,Elementals,304,Water Elemental,Blocked,75,no-supported-skills
16573,Crypt Guard,Undead,207,Crypt Fiend,Blocked,81,protected-rank
16597,Riding Nether Drake,Dragonkin,499,Netherwing Drake,Active,10,Enabled mapping; runtime eligibility still applies.
16775,Spirit of Mograine,Undead,,Unassigned,Blocked,73,protected-rank; missing-or-ambiguous-model-assignment
16776,Spirit of Blaumeux,Undead,,Unassigned,Blocked,63,protected-rank; missing-or-ambiguous-model-assignment
16777,Spirit of Zeliek,Undead,,Unassigned,Blocked,63,protected-rank; missing-or-ambiguous-model-assignment
16778,Spirit of Korth'azz,Undead,,Unassigned,Blocked,63,protected-rank; missing-or-ambiguous-model-assignment
16805,Broken Skeleton,Undead,,Unassigned,Blocked,64,missing-or-ambiguous-model-assignment
16806,Ebonlocke,Undead,,Unassigned,Blocked,70,protected-rank; protected-npc-vehicle-script; missing-or-ambiguous-model-assignment
16811,Sebastian,Undead,,Unassigned,Blocked,70,protected-rank; protected-npc-vehicle-script; missing-or-ambiguous-model-assignment
16812,Barnes,Undead,,Unassigned,Blocked,70,protected-rank; protected-npc-vehicle-script; missing-or-ambiguous-model-assignment
16813,Wravien,Undead,,Unassigned,Blocked,70,protected-rank; protected-npc-vehicle-script; missing-or-ambiguous-model-assignment
16814,Gradav,Undead,,Unassigned,Blocked,70,protected-rank; protected-npc-vehicle-script; missing-or-ambiguous-model-assignment
16815,Kamsis,Undead,,Unassigned,Blocked,70,protected-rank; protected-npc-vehicle-script; missing-or-ambiguous-model-assignment
16816,Echo of Medivh,Undead,,Unassigned,Blocked,70,protected-rank; protected-npc-vehicle-script; missing-or-ambiguous-model-assignment
16854,Eldinarcus,Elementals,,Unassigned,Blocked,11,protected-rank; missing-or-ambiguous-model-assignment
16861,[UNUSED] Death Lord,Undead,,Unassigned,Blocked,61,protected-rank; missing-or-ambiguous-model-assignment
16863,Deranged Helboar,Demons,,Unassigned,Blocked,60,missing-or-ambiguous-model-assignment
16879,Starving Helboar,Demons,,Unassigned,Blocked,58,missing-or-ambiguous-model-assignment
16880,Hulking Helboar,Demons,,Unassigned,Blocked,61,missing-or-ambiguous-model-assignment
16881,Felblood Horror,Elementals,304,Water Elemental,Blocked,61,no-supported-skills
16882,Felblood Flayer,Elementals,304,Water Elemental,Blocked,54,no-supported-skills
16883,Felblood Hungerer,Elementals,304,Water Elemental,Blocked,61,no-supported-skills
16904,Unyielding Footman,Undead,,Unassigned,Blocked,59,missing-or-ambiguous-model-assignment
16905,Unyielding Sorcerer,Undead,,Unassigned,Blocked,59,missing-or-ambiguous-model-assignment
16906,Unyielding Knight,Undead,,Unassigned,Blocked,59,missing-or-ambiguous-model-assignment
16939,Void Baron Galaxis,Demons,,Unassigned,Blocked,63,missing-or-ambiguous-model-assignment
16941,Phasing Voidcaller,Demons,,Unassigned,Blocked,61,missing-or-ambiguous-model-assignment
16942,Infernal Crafter,Demons,144,Mo'arg Engineer,Blocked,54,"Assignment proposed; server spell definitions missing: 80183, 80184, 80185"
16943,Cyber-Rage Forgelord,Demons,,Unassigned,Blocked,68,missing-or-ambiguous-model-assignment
16944,Mo'arg Doomsmith,Demons,144,Mo'arg Engineer,Blocked,68,"Assignment proposed; server spell definitions missing: 80183, 80184, 80185"
16945,Mo'arg Engineer,Demons,,Unassigned,Blocked,67,protected-rank; missing-or-ambiguous-model-assignment
16946,Mo'arg Forgefiend,Demons,144,Mo'arg Engineer,Blocked,61,"Assignment proposed; server spell definitions missing: 80183, 80184, 80185"
16947,Gan'arg Servant,Demons,124,Gan'arg,Active,60,Enabled mapping; runtime eligibility still applies.
16948,Gan'arg Engineer,Demons,124,Gan'arg,Active,68,Enabled mapping; runtime eligibility still applies.
16949,Gan'arg Mekgineer,Demons,124,Gan'arg,Active,68,Enabled mapping; runtime eligibility still applies.
16950,Netherhound,Demons,110,Felhunter (reference: Felhound),Staged,58,Assignment candidate; profile/build/effect validation pending.
16951,Terrorfiend,Demons,106,Doomguard,Active,61,Enabled mapping; runtime eligibility still applies.
16952,Anger Guard,Demons,126,Felguard,Staged,67,Assignment candidate; profile/build/effect validation pending.
16953,Forge Camp Patroller,Demons,126,Felguard,Staged,54,Assignment candidate; profile/build/effect validation pending.
16954,Forge Camp Legionnaire,Demons,126,Felguard,Staged,60,Assignment candidate; profile/build/effect validation pending.
16955,Chained Trickster,Demons,115,Imp,Staged,54,Assignment candidate; profile/build/effect validation pending.
16956,Dust Hopper,Demons,115,Imp,Staged,54,Assignment candidate; profile/build/effect validation pending.
16957,Nether Imp,Demons,115,Imp,Staged,54,Assignment candidate; profile/build/effect validation pending.
16958,Dread Interrogator,Demons,128,Nathrezim,Active,54,Enabled mapping; runtime eligibility still applies.
16959,Dread Tactician,Demons,128,Nathrezim,Blocked,70,protected-rank
16960,Sister of Grief,Demons,135,Succubus,Staged,60,Assignment candidate; profile/build/effect validation pending.
16961,Maiden of Grief UNUSED,Demons,135,Succubus,Blocked,70,protected-rank
16962,Griefbringer,Demons,135,Succubus,Staged,54,Assignment candidate; profile/build/effect validation pending.
16963,Infernal Destroyer,Demons,118,Infernal,Blocked,70,protected-rank
16974,Rogue Voidwalker,Demons,143,Voidwalker,Staged,60,Assignment candidate; profile/build/effect validation pending.
16975,Uncontrolled Voidwalker,Demons,143,Voidwalker,Staged,60,Assignment candidate; profile/build/effect validation pending.
16976,Ghostly Denizen,Undead,,Unassigned,Blocked,59,missing-or-ambiguous-model-assignment
16977,Arch Mage Xintor,Undead,,Unassigned,Blocked,61,missing-or-ambiguous-model-assignment
16978,Lieutenant Commander Thalvos,Undead,,Unassigned,Blocked,61,missing-or-ambiguous-model-assignment
16981,Plagued Guardian,Undead,229,Wraith,Blocked,81,protected-rank; no-supported-skills
16982,Plagued Construct,Undead,205,Bone Golem,Blocked,81,protected-rank
16983,Plagued Champion,Undead,,Unassigned,Blocked,81,protected-rank; missing-or-ambiguous-model-assignment
16984,Plagued Warrior,Undead,,Unassigned,Blocked,81,protected-rank; missing-or-ambiguous-model-assignment
16992,Dreadtusk,Demons,,Unassigned,Blocked,61,missing-or-ambiguous-model-assignment
17000,Aggonis,Demons,126,Felguard,Staged,63,Assignment candidate; profile/build/effect validation pending.
17003,Cinder Elemental,Elementals,303,Fire Elemental,Blocked,60,no-supported-skills
17004,Jir'see,Demons,110,Felhunter (reference: Felhound),Staged,54,Assignment candidate; profile/build/effect validation pending.
17007,Lady Keira Berrybuck,Undead,,Unassigned,Blocked,70,protected-rank; missing-or-ambiguous-model-assignment
17014,Collapsing Voidwalker,Demons,143,Voidwalker,Staged,61,Assignment candidate; profile/build/effect validation pending.
17058,Illidari Taskmaster,Demons,106,Doomguard,Active,63,Enabled mapping; runtime eligibility still applies.
17063,Wanton Hostess Transform Visual,Undead,204,Banshee,Blocked,69,protected-rank
17064,Night Mistress Transform Visual,Undead,,Unassigned,Blocked,69,protected-rank; missing-or-ambiguous-model-assignment
17065,Concubine Transform Visual,Demons,135,Succubus,Blocked,69,protected-rank
17067,Phantom Hound,Undead,,Unassigned,Blocked,71,missing-or-ambiguous-model-assignment
17085,Aeranas,Elementals,301,Air Elemental,Blocked,63,protected-npc-vehicle-script; no-supported-skills
17086,Enraged Wraith,Undead,224,Shade,Active,9,Enabled mapping; runtime eligibility still applies.
17087,Spirit of the Vale,Elementals,302,Earth Elemental,Blocked,70,protected-rank; protected-npc-vehicle-script; no-supported-skills
17151,Gan'arg Tinkerer,Demons,124,Gan'arg,Active,66,Enabled mapping; runtime eligibility still applies.
17152,Felguard Legionnaire,Demons,126,Felguard,Blocked,67,protected-rank
17153,Lake Spirit,Elementals,304,Water Elemental,Blocked,64,no-supported-skills
17154,Muck Spawn,Elementals,304,Water Elemental,Blocked,64,no-supported-skills
17155,Lake Surger,Elementals,304,Water Elemental,Blocked,65,no-supported-skills
17156,Tortured Earth Spirit,Elementals,302,Earth Elemental,Blocked,64,no-supported-skills
17157,Shattered Rumbler,Elementals,302,Earth Elemental,Blocked,66,no-supported-skills
17158,Dust Howler,Elementals,301,Air Elemental,Blocked,64,no-supported-skills
17159,Storm Rager,Elementals,301,Air Elemental,Blocked,65,no-supported-skills
17160,Living Cyclone,Elementals,301,Air Elemental,Blocked,66,no-supported-skills
17165,,Elementals,304,Water Elemental,Blocked,50,no-supported-skills
17167,Conjured Elemental,Elementals,304,Water Elemental,Blocked,73,protected-rank; no-supported-skills
17179,Restless Spirit of Earth,Elementals,302,Earth Elemental,Blocked,4,no-supported-skills
17180,Spirit of Air,Elementals,301,Air Elemental,Blocked,3,no-supported-skills
17181,Spirit of Water,Elementals,304,Water Elemental,Blocked,3,no-supported-skills
17182,Spirit of Fire,Elementals,303,Fire Elemental,Blocked,3,no-supported-skills
17196,Root Trapper,Elementals,,Unassigned,Blocked,5,missing-or-ambiguous-model-assignment
17197,Root Thresher,Elementals,,Unassigned,Blocked,7,missing-or-ambiguous-model-assignment
17205,Temper,Elementals,303,Fire Elemental,Blocked,70,protected-rank; protected-npc-vehicle-script; no-supported-skills
17206,Hauteur,Elementals,303,Fire Elemental,Blocked,10,no-supported-skills
17207,Naias,Elementals,304,Water Elemental,Blocked,37,no-supported-skills
17220,Hauteur Reborn,Elementals,303,Fire Elemental,Blocked,12,no-supported-skills
17225,Nightbane,Undead,,Unassigned,Blocked,73,protected-rank; protected-npc-vehicle-script; missing-or-ambiguous-model-assignment
17229,Kil'rek,Demons,,Unassigned,Blocked,70,protected-rank; protected-npc-vehicle-script; missing-or-ambiguous-model-assignment
17252,Felguard,Demons,126,Felguard,Staged,80,Assignment candidate; profile/build/effect validation pending.
17257,Magtheridon,Demons,,Unassigned,Blocked,73,protected-rank; protected-npc-vehicle-script; missing-or-ambiguous-model-assignment
17261,Restless Skeleton,Undead,205,Bone Golem,Active,68,Enabled mapping; runtime eligibility still applies.
17267,Fiendish Imp,Demons,,Unassigned,Blocked,69,missing-or-ambiguous-model-assignment
17272,Flaming Aspect,Elementals,303,Fire Elemental,Blocked,13,no-supported-skills
17275,Aqueous,Elementals,304,Water Elemental,Blocked,70,protected-rank; protected-npc-vehicle-script; no-supported-skills
17276,Watery Aspect,Elementals,304,Water Elemental,Blocked,33,no-supported-skills
17300,Gorgannon,Demons,128,Nathrezim,Active,32,Enabled mapping; runtime eligibility still applies.
17307,Vazruden the Herald,Dragonkin,,Unassigned,Blocked,62,protected-rank; protected-npc-vehicle-script; missing-or-ambiguous-model-assignment
17308,Omor the Unscarred,Demons,106,Doomguard,Blocked,62,protected-rank; protected-npc-vehicle-script
17337,Nazzivus Satyr,Demons,134,Satyr,Active,12,Enabled mapping; runtime eligibility still applies.
17338,Nazzivus Rogue,Demons,134,Satyr,Active,13,Enabled mapping; runtime eligibility still applies.
17339,Nazzivus Felsworn,Demons,134,Satyr,Active,12,Enabled mapping; runtime eligibility still applies.
17340,Axxarien Shadowstalker,Demons,134,Satyr,Active,15,Enabled mapping; runtime eligibility still applies.
17341,Axxarien Trickster,Demons,134,Satyr,Active,16,Enabled mapping; runtime eligibility still applies.
17342,Axxarien Hellcaller,Demons,134,Satyr,Active,15,Enabled mapping; runtime eligibility still applies.
17343,Thistle Lasher,Elementals,,Unassigned,Blocked,11,missing-or-ambiguous-model-assignment
17344,Mutated Constrictor,Elementals,,Unassigned,Blocked,14,missing-or-ambiguous-model-assignment
17346,Mutated Tangler,Elementals,,Unassigned,Blocked,17,missing-or-ambiguous-model-assignment
17352,Corrupted Treant,Elementals,394,Treant,Blocked,11,no-ability-profile
17353,Corrupted Stomper,Elementals,394,Treant,Blocked,16,no-ability-profile
17358,Fouled Water Spirit,Elementals,304,Water Elemental,Blocked,18,no-supported-skills
17380,Broggok,Demons,131,Observer,Blocked,63,protected-rank; protected-npc-vehicle-script
17381,The Maker,Demons,,Unassigned,Blocked,62,protected-rank; protected-npc-vehicle-script; missing-or-ambiguous-model-assignment
17399,Seductress,Demons,135,Succubus,Staged,61,Assignment candidate; profile/build/effect validation pending.
17400,Felguard Annihilator,Demons,126,Felguard,Blocked,62,protected-rank
17401,Felhound Manastalker,Demons,110,Felhunter (reference: Felhound),Staged,60,Assignment candidate; profile/build/effect validation pending.
17415,Lordaeron Mage,Undead,,Unassigned,Blocked,60,missing-or-ambiguous-model-assignment
17435,Susurrus,Elementals,301,Air Elemental,Blocked,70,protected-rank; protected-npc-vehicle-script; no-supported-skills
17436,Aspect of Air,Elementals,301,Air Elemental,Blocked,43,no-supported-skills
17454,Burning Abyssal,Demons,119,Abyssal,Blocked,70,protected-rank
17466,Lordaeron Spirit,Undead,,Unassigned,Blocked,60,missing-or-ambiguous-model-assignment
17477,Hellfire Imp,Demons,116,Fel Imp,Staged,61,Assignment candidate; profile/build/effect validation pending.
17494,Zevrax,Demons,134,Satyr,Active,18,Enabled mapping; runtime eligibility still applies.
17503,Woeful Healer,Undead,,Unassigned,Blocked,70,missing-or-ambiguous-model-assignment
17524,Nazzivus Summoner,Demons,134,Satyr,Active,13,Enabled mapping; runtime eligibility still applies.
17528,Tzerak,Demons,126,Felguard,Staged,14,Assignment candidate; profile/build/effect validation pending.
17533,Romulo,Undead,,Unassigned,Blocked,73,protected-rank; protected-npc-vehicle-script; missing-or-ambiguous-model-assignment
17534,Julianne,Undead,,Unassigned,Blocked,73,protected-rank; protected-npc-vehicle-script; missing-or-ambiguous-model-assignment
17535,Dorothee,Undead,,Unassigned,Blocked,73,protected-rank; protected-npc-vehicle-script; missing-or-ambiguous-model-assignment
17536,Nazan,Dragonkin,,Unassigned,Blocked,62,protected-rank; protected-npc-vehicle-script; missing-or-ambiguous-model-assignment
17540,Fiendish Hound,Demons,110,Felhunter (reference: Felhound),Staged,60,Assignment candidate; profile/build/effect validation pending.
17550,Void Anomaly,Demons,143,Voidwalker,Staged,15,Assignment candidate; profile/build/effect validation pending.
17568,Outland Doomguard (Default),Demons,106,Doomguard,Active,60,Enabled mapping; runtime eligibility still applies.
17569,Outland Doomguard (Black),Demons,106,Doomguard,Active,60,Enabled mapping; runtime eligibility still applies.
17570,Outland Doomguard (Blue),Demons,106,Doomguard,Active,60,Enabled mapping; runtime eligibility still applies.
17571,Outland Doomguard (Green),Demons,106,Doomguard,Active,60,Enabled mapping; runtime eligibility still applies.
17572,Outland Doomguard (Purple),Demons,106,Doomguard,Active,60,Enabled mapping; runtime eligibility still applies.
17573,Outland Doomguard (Yellow),Demons,106,Doomguard,Active,60,Enabled mapping; runtime eligibility still applies.
17588,Veridian Whelp,Undead,438,Green Whelp,Blocked,16,creature-type-mismatch
17589,Veridian Broodling,Undead,438,Green Whelp,Blocked,17,creature-type-mismatch
17592,Razormaw,Undead,,Unassigned,Blocked,20,protected-rank; missing-or-ambiguous-model-assignment
17612,Quel'dorei Magewraith,Undead,,Unassigned,Blocked,10,missing-or-ambiguous-model-assignment
17646,Netherspite Infernal,Demons,119,Abyssal,Blocked,75,protected-npc-vehicle-script
17648,Felhunter Minion,Demons,110,Felhunter (reference: Felhound),Staged,20,Assignment candidate; profile/build/effect validation pending.
17652,Image of Arcanagos,Dragonkin,,Unassigned,Blocked,70,protected-rank; missing-or-ambiguous-model-assignment
17660,Skeletal Gryphon,Undead,,Unassigned,Blocked,70,missing-or-ambiguous-model-assignment
17672,Deadwind Villager,Undead,,Unassigned,Blocked,70,missing-or-ambiguous-model-assignment
17674,Prince Toreth,Undead,,Unassigned,Blocked,23,protected-npc-vehicle-script; missing-or-ambiguous-model-assignment
17678,Sironas,Demons,,Unassigned,Blocked,20,protected-rank; missing-or-ambiguous-model-assignment
17679,Man'ari Abomination,Demons,,Unassigned,Blocked,20,protected-rank; missing-or-ambiguous-model-assignment
17714,Bloodcursed Voyager,Undead,,Unassigned,Blocked,16,missing-or-ambiguous-model-assignment
17725,Underbog Lurker,Elementals,,Unassigned,Blocked,62,protected-rank; missing-or-ambiguous-model-assignment
17746,"Outland Doomguard, Black",Demons,106,Doomguard,Active,1,Enabled mapping; runtime eligibility still applies.
17747,"Outland Doomguard, Blue",Demons,106,Doomguard,Active,1,Enabled mapping; runtime eligibility still applies.
17748,"Outland Doomguard, Orange",Demons,106,Doomguard,Active,1,Enabled mapping; runtime eligibility still applies.
17749,"Outland Doomguard, Green",Demons,106,Doomguard,Active,1,Enabled mapping; runtime eligibility still applies.
17750,"Outland Doomguard, Purple",Demons,106,Doomguard,Active,1,Enabled mapping; runtime eligibility still applies.
17751,"Outland Doomguard, Yellow",Demons,106,Doomguard,Active,1,Enabled mapping; runtime eligibility still applies.
17752,"Outland Mtn. Giant, Zangarmarsh",Elementals,,Unassigned,Blocked,1,missing-or-ambiguous-model-assignment
17753,"Outland Mtn. Giant, Blades Edge",Elementals,,Unassigned,Blocked,1,missing-or-ambiguous-model-assignment
17754,"Outland Mtn. Giant, Netherstorm",Elementals,,Unassigned,Blocked,1,missing-or-ambiguous-model-assignment
17755,Pit Lord,Demons,101,Pit Lord,Blocked,1,"Assignment proposed; server spell definitions missing: 80134, 80135, 80136"
17767,Rage Winterchill,Undead,219,Lich,Blocked,73,protected-rank; protected-npc-vehicle-script
17779,"Outland Imp, Gray",Demons,116,Fel Imp,Staged,1,Assignment candidate; profile/build/effect validation pending.
17780,"Outland Imp, Orange",Demons,116,Fel Imp,Staged,1,Assignment candidate; profile/build/effect validation pending.
17781,"Outland Imp, Purple",Demons,116,Fel Imp,Staged,1,Assignment candidate; profile/build/effect validation pending.
17782,"Outland Imp, Yellow",Demons,116,Fel Imp,Staged,1,Assignment candidate; profile/build/effect validation pending.
17808,Anetheron,Demons,128,Nathrezim,Blocked,73,protected-rank; protected-npc-vehicle-script
17818,Towering Infernal,Demons,118,Infernal,Blocked,72,protected-rank
17830,Zelemar the Wrathful,Demons,106,Doomguard,Blocked,20,protected-rank
17835,Infinite Assassin,Dragonkin,,Unassigned,Blocked,70,protected-npc-vehicle-script; missing-or-ambiguous-model-assignment
17839,Rift Lord,Dragonkin,,Unassigned,Blocked,70,protected-rank; missing-or-ambiguous-model-assignment
17842,Azgalor,Demons,101,Pit Lord,Blocked,73,protected-rank; protected-npc-vehicle-script
17864,Lesser Doomguard,Demons,106,Doomguard,Blocked,72,protected-rank
17870,Angered Nether-wraith,Elementals,,Unassigned,Blocked,70,missing-or-ambiguous-model-assignment
17871,Underbog Shambler,Elementals,,Unassigned,Blocked,62,protected-rank; missing-or-ambiguous-model-assignment
17878,Scourge Siege Engineer,Undead,225,Skeleton,Active,60,Enabled mapping; runtime eligibility still applies.
17879,Chrono Lord Deja,Dragonkin,478,Infinite Drakonid,Blocked,72,protected-rank; protected-npc-vehicle-script; no-supported-skills
17880,Temporus,Dragonkin,,Unassigned,Blocked,72,protected-rank; protected-npc-vehicle-script; missing-or-ambiguous-model-assignment
17881,Aeonus,Dragonkin,,Unassigned,Blocked,72,protected-rank; protected-npc-vehicle-script; missing-or-ambiguous-model-assignment
17887,Void Critter,Demons,143,Voidwalker,Staged,3,Assignment candidate; profile/build/effect validation pending.
17888,Kaz'rogal,Demons,,Unassigned,Blocked,73,protected-rank; protected-npc-vehicle-script; missing-or-ambiguous-model-assignment
17892,Infinite Chronomancer,Dragonkin,480,Infinite Wyrmkin,Blocked,70,protected-npc-vehicle-script; no-supported-skills
17895,Ghoul,Undead,218,Ghoul,Blocked,70,protected-rank; protected-npc-vehicle-script
17897,Crypt Fiend,Undead,207,Crypt Fiend,Blocked,70,protected-rank; protected-npc-vehicle-script
17898,Abomination,Undead,203,Abomination,Blocked,71,protected-rank; protected-npc-vehicle-script
17902,Skeleton Invader,Undead,225,Skeleton,Blocked,69,protected-rank
17903,Skeleton Mage,Undead,233,Skeletal Mage,Blocked,69,protected-rank
17905,Banshee,Undead,204,Banshee,Blocked,70,protected-rank; protected-npc-vehicle-script
17906,Gargoyle,Undead,215,Gargoyle,Blocked,70,protected-rank; protected-npc-vehicle-script
17907,Frost Wyrm,Undead,,Unassigned,Blocked,72,protected-rank; protected-npc-vehicle-script; missing-or-ambiguous-model-assignment
17908,Giant Infernal,Demons,118,Infernal,Blocked,71,protected-rank
17916,Fel Stalker,Demons,110,Felhunter (reference: Felhound),Blocked,70,protected-rank; protected-npc-vehicle-script
17917,Coilfang Water Elemental,Elementals,304,Water Elemental,Blocked,70,protected-rank; no-supported-skills
17918,Time Keeper,Dragonkin,427,Bronze Drake,Blocked,70,protected-rank; no-supported-skills
17968,Archimonde,Demons,,Unassigned,Blocked,73,protected-rank; protected-npc-vehicle-script; missing-or-ambiguous-model-assignment
17977,Warp Splinter,Elementals,,Unassigned,Blocked,72,protected-rank; protected-npc-vehicle-script; missing-or-ambiguous-model-assignment
17978,Thorngrin the Tender,Demons,134,Satyr,Blocked,72,protected-rank; protected-npc-vehicle-script
17980,Laj,Elementals,,Unassigned,Blocked,72,protected-rank; protected-npc-vehicle-script; missing-or-ambiguous-model-assignment
17981,Voidspawn,Demons,143,Voidwalker,Staged,65,Assignment candidate; profile/build/effect validation pending.
18001,Guardian Water Elemental,Elementals,304,Water Elemental,Blocked,73,no-supported-skills
18040,Lich,Undead,219,Lich,Blocked,73,protected-rank
18041,Doomguard Lord,Demons,,Unassigned,Blocked,73,protected-rank; missing-or-ambiguous-model-assignment
18043,Agitated Orc Spirit,Undead,,Unassigned,Blocked,66,missing-or-ambiguous-model-assignment
18056,Fiendish Hound (1),Demons,110,Felhunter (reference: Felhound),Staged,72,Assignment candidate; profile/build/effect validation pending.
18061,Felguard Netherstorm,Demons,126,Felguard,Staged,50,Assignment candidate; profile/build/effect validation pending.
18062,Enraged Crusher,Elementals,302,Earth Elemental,Blocked,65,no-supported-skills
18075,Mannoroth,Demons,,Unassigned,Blocked,73,protected-rank; missing-or-ambiguous-model-assignment
18081,Atsun of the Air,Elementals,301,Air Elemental,Blocked,70,no-supported-skills
18082,Rokh of the Earth,Elementals,302,Earth Elemental,Blocked,70,no-supported-skills
18083,Far'hir of the Flame,Elementals,303,Fire Elemental,Blocked,70,no-supported-skills
18084,Watoosun of the Water,Elementals,304,Water Elemental,Blocked,70,no-supported-skills
18096,Epoch Hunter,Dragonkin,,Unassigned,Blocked,68,protected-rank; protected-npc-vehicle-script; missing-or-ambiguous-model-assignment
18100,Incineratus,Elementals,303,Fire Elemental,Blocked,73,protected-rank; no-supported-skills
18101,Aborius,Elementals,304,Water Elemental,Blocked,73,protected-rank; no-supported-skills
18102,Kalandrios,Elementals,301,Air Elemental,Blocked,73,protected-rank; no-supported-skills
18103,Arcane Guardian,Elementals,,Unassigned,Blocked,65,missing-or-ambiguous-model-assignment
18109,Living Fire,Elementals,303,Fire Elemental,Blocked,70,no-supported-skills
18136,Marsh Lurker,Elementals,355,Bog Beast,Blocked,61,no-ability-profile
18137,Marsh Dredger,Elementals,355,Bog Beast,Blocked,61,no-ability-profile
18145,Watoosun's Polluted Essence,Elementals,304,Water Elemental,Blocked,66,no-supported-skills
18148,Outland Wrathguard PH Test Size/Model/NoAnim,Demons,123,Wrathguard,Active,65,Enabled mapping; runtime eligibility still applies.
18149,Outland Shivan,Demons,136,Shivarra,Active,65,Enabled mapping; runtime eligibility still applies.
18170,Infinite Slayer,Dragonkin,,Unassigned,Blocked,68,protected-rank; missing-or-ambiguous-model-assignment
18171,Infinite Defiler,Dragonkin,480,Infinite Wyrmkin,Blocked,68,protected-rank; no-supported-skills
18172,Infinite Saboteur,Dragonkin,479,Infinite Scalebane,Blocked,68,protected-rank
18181,Minion of Gurok,Elementals,302,Earth Elemental,Blocked,64,no-supported-skills
18182,Gurok the Usurper,Elementals,,Unassigned,Blocked,67,protected-rank; missing-or-ambiguous-model-assignment
18184,Mo'arg Engineer Transform (Magnetic Mode),Demons,,Unassigned,Blocked,66,missing-or-ambiguous-model-assignment
18232,Nimrida,Demons,135,Succubus,Staged,23,Assignment candidate; profile/build/effect validation pending.
18237,Tiny Arcane Construct,Elementals,,Unassigned,Blocked,15,missing-or-ambiguous-model-assignment
18254,Shadow of Aran,Undead,,Unassigned,Blocked,63,protected-rank; missing-or-ambiguous-model-assignment
18282,Lord Klaq,Elementals,355,Bog Beast,Blocked,62,no-ability-profile
18287,Brian Birmingham,Undead,123,Wrathguard,Blocked,73,creature-type-mismatch
18319,Time-Lost Scryer,Undead,,Unassigned,Blocked,67,protected-rank; missing-or-ambiguous-model-assignment
18320,Time-Lost Shadowmage,Undead,,Unassigned,Blocked,69,protected-rank; missing-or-ambiguous-model-assignment
18327,Time-Lost Controller,Undead,,Unassigned,Blocked,67,protected-rank; missing-or-ambiguous-model-assignment
18338,Highlord Kruul,Demons,,Unassigned,Blocked,63,protected-rank; missing-or-ambiguous-model-assignment
18341,Pandemonius,Demons,,Unassigned,Blocked,66,protected-rank; protected-npc-vehicle-script; missing-or-ambiguous-model-assignment
18355,[UNUSED] Dusty Skeleton [PH],Undead,225,Skeleton,Active,64,Enabled mapping; runtime eligibility still applies.
18367,[UNUSED] Draenei Spirit [PH],Undead,217,Ghost,Blocked,64,no-ability-profile
18368,Voidcaller,Demons,,Unassigned,Blocked,70,missing-or-ambiguous-model-assignment
18371,Shirrak the Dead Watcher,Undead,131,Observer,Blocked,66,protected-rank; protected-npc-vehicle-script; creature-type-mismatch
18372,Rough Stone Statue,Elementals,,Unassigned,Blocked,5,missing-or-ambiguous-model-assignment
18394,Ethereal Wraith,Elementals,,Unassigned,Blocked,65,missing-or-ambiguous-model-assignment
18400,Rokdar the Sundered Lord,Elementals,,Unassigned,Blocked,66,protected-rank; missing-or-ambiguous-model-assignment
18401,Skra'gath,Demons,,Unassigned,Blocked,66,protected-rank; missing-or-ambiguous-model-assignment
18418,Nethrandamus,Dragonkin,499,Netherwing Drake,Blocked,70,protected-rank
18429,Arcane Fiend,Elementals,,Unassigned,Blocked,64,missing-or-ambiguous-model-assignment
18432,Nazan (1),Dragonkin,,Unassigned,Blocked,72,protected-rank; missing-or-ambiguous-model-assignment
18433,Omor the Unscarred (1),Demons,106,Doomguard,Blocked,72,protected-rank
18435,Vazruden the Herald (1),Dragonkin,,Unassigned,Blocked,72,protected-rank; missing-or-ambiguous-model-assignment
18441,Stolen Soul,Undead,,Unassigned,Blocked,67,protected-npc-vehicle-script; missing-or-ambiguous-model-assignment
18460,Lost Spirit,Undead,,Unassigned,Blocked,64,missing-or-ambiguous-model-assignment
18478,Avatar of the Martyred,Undead,,Unassigned,Blocked,67,protected-rank; missing-or-ambiguous-model-assignment
18498,Unliving Soldier,Undead,,Unassigned,Blocked,65,missing-or-ambiguous-model-assignment
18499,Unliving Sorcerer,Undead,,Unassigned,Blocked,65,missing-or-ambiguous-model-assignment
18500,Unliving Cleric,Undead,,Unassigned,Blocked,65,missing-or-ambiguous-model-assignment
18501,Unliving Stalker,Undead,,Unassigned,Blocked,65,missing-or-ambiguous-model-assignment
18503,Phantasmal Possessor,Undead,,Unassigned,Blocked,65,missing-or-ambiguous-model-assignment
18521,Raging Skeleton,Undead,,Unassigned,Blocked,66,protected-rank; missing-or-ambiguous-model-assignment
18524,Angered Skeleton,Undead,,Unassigned,Blocked,66,protected-rank; missing-or-ambiguous-model-assignment
18534,Soldier of Hate,Demons,106,Doomguard,Active,1,Enabled mapping; runtime eligibility still applies.
18535,"Demos, Overseer of Hate",Demons,,Unassigned,Blocked,68,protected-rank; missing-or-ambiguous-model-assignment
18536,"Xirkos, Overseer of Fear",Demons,101,Pit Lord,Blocked,68,protected-rank
18543,Nethrandamus Taxi,Dragonkin,499,Netherwing Drake,Blocked,70,protected-rank
18544,Veraku,Dragonkin,,Unassigned,Blocked,70,protected-rank; missing-or-ambiguous-model-assignment
18556,Phasing Soldier,Undead,,Unassigned,Blocked,65,missing-or-ambiguous-model-assignment
18557,Phasing Cleric,Undead,,Unassigned,Blocked,65,missing-or-ambiguous-model-assignment
18558,Phasing Sorcerer,Undead,,Unassigned,Blocked,65,missing-or-ambiguous-model-assignment
18559,Phasing Stalker,Undead,,Unassigned,Blocked,65,missing-or-ambiguous-model-assignment
18567,Mo'arg Master Planner,Demons,,Unassigned,Blocked,68,protected-rank; missing-or-ambiguous-model-assignment
18568,Scryer Arcane Guardian,Elementals,,Unassigned,Blocked,70,protected-npc-vehicle-script; missing-or-ambiguous-model-assignment
18584,Sal'salabim,Demons,,Unassigned,Blocked,68,protected-rank; protected-npc-vehicle-script; missing-or-ambiguous-model-assignment
18587,Frayer,Elementals,,Unassigned,Blocked,68,missing-or-ambiguous-model-assignment
18588,Floon,Undead,,Unassigned,Blocked,68,protected-rank; protected-npc-vehicle-script; missing-or-ambiguous-model-assignment
18601,Broggok (1),Demons,131,Observer,Blocked,72,protected-rank
18604,Felguard Annihilator (1),Demons,126,Felguard,Blocked,71,protected-rank
18605,Felhound Manastalker (1),Demons,110,Felhunter (reference: Felhound),Staged,70,Assignment candidate; profile/build/effect validation pending.
18606,Hellfire Imp (1),Demons,116,Fel Imp,Staged,70,Assignment candidate; profile/build/effect validation pending.
18614,Seductress (1),Demons,135,Succubus,Staged,71,Assignment candidate; profile/build/effect validation pending.
18621,The Maker (1),Demons,,Unassigned,Blocked,72,protected-rank; missing-or-ambiguous-model-assignment
18641,Cabal Familiar,Demons,116,Fel Imp,Staged,69,Assignment candidate; profile/build/effect validation pending.
18642,Fel Guardhound,Demons,110,Felhunter (reference: Felhound),Staged,69,Assignment candidate; profile/build/effect validation pending.
18643,Barnes (Tuxedo),Undead,,Unassigned,Blocked,70,protected-rank; missing-or-ambiguous-model-assignment
18659,Voidwraith,Demons,,Unassigned,Blocked,67,missing-or-ambiguous-model-assignment
18660,Subjugator Vaz'shir,Demons,136,Shivarra,Active,68,Enabled mapping; runtime eligibility still applies.
18661,Terrorguard,Demons,106,Doomguard,Active,67,Enabled mapping; runtime eligibility still applies.
18663,Maiden of Discipline,Demons,135,Succubus,Staged,70,Assignment candidate; profile/build/effect validation pending.
18676,Keb'ezil,Demons,115,Imp,Staged,63,Assignment candidate; profile/build/effect validation pending.
18679,Vorakem Doomspeaker,Demons,123,Wrathguard,Blocked,62,protected-rank
18682,Bog Lurker,Elementals,,Unassigned,Blocked,63,protected-rank; missing-or-ambiguous-model-assignment
18683,Voidhunter Yar,Demons,,Unassigned,Blocked,68,protected-rank; missing-or-ambiguous-model-assignment
18689,Crippler,Undead,205,Bone Golem,Blocked,65,protected-rank
18692,Hemathion,Dragonkin,,Unassigned,Blocked,68,protected-rank; missing-or-ambiguous-model-assignment
18694,Collidus the Warp-Watcher,Demons,131,Observer,Blocked,68,protected-rank
18695,Ambassador Jerrikar,Demons,134,Satyr,Blocked,69,protected-rank
18696,Kraator,Demons,119,Abyssal,Blocked,68,protected-rank
18698,Ever-Core the Punisher,Elementals,,Unassigned,Blocked,68,protected-rank; missing-or-ambiguous-model-assignment
18700,Reanimated Bones,Undead,225,Skeleton,Active,66,Enabled mapping; runtime eligibility still applies.
18701,Dark Vortex,Elementals,143,Voidwalker,Blocked,69,creature-type-mismatch
18708,Murmur,Elementals,,Unassigned,Blocked,72,protected-rank; protected-npc-vehicle-script; missing-or-ambiguous-model-assignment
18723,Erozion,Dragonkin,,Unassigned,Blocked,70,protected-rank; protected-npc-vehicle-script; missing-or-ambiguous-model-assignment
18725,Brazen,Dragonkin,427,Bronze Drake,Blocked,70,protected-rank; protected-npc-vehicle-script; no-supported-skills
18728,Doom Lord Kazzak,Demons,,Unassigned,Blocked,73,protected-rank; protected-npc-vehicle-script; missing-or-ambiguous-model-assignment
18730,Sirigna'no,Demons,135,Succubus,Staged,60,Assignment candidate; profile/build/effect validation pending.
18731,Ambassador Hellmaw,Demons,106,Doomguard,Blocked,72,protected-rank; protected-npc-vehicle-script
18734,Coarse Stone Statue,Elementals,,Unassigned,Blocked,15,missing-or-ambiguous-model-assignment
18735,Heavy Stone Statue,Elementals,,Unassigned,Blocked,25,missing-or-ambiguous-model-assignment
18736,Solid Stone Statue,Elementals,,Unassigned,Blocked,35,missing-or-ambiguous-model-assignment
18737,Dense Stone Statue,Elementals,,Unassigned,Blocked,45,missing-or-ambiguous-model-assignment
18738,Primal Stone Statue,Elementals,,Unassigned,Blocked,55,missing-or-ambiguous-model-assignment
18770,Soldier of Terror,Demons,106,Doomguard,Active,68,Enabled mapping; runtime eligibility still applies.
18796,Fel Overseer,Demons,126,Felguard,Blocked,70,protected-rank
18797,Tortured Skeleton,Undead,225,Skeleton,Active,69,Enabled mapping; runtime eligibility still applies.
18823,Minor Water Spirit,Elementals,304,Water Elemental,Blocked,10,no-supported-skills
18824,Minor Fire Spirit,Elementals,303,Fire Elemental,Blocked,10,no-supported-skills
18825,Minor Air Spirit,Elementals,301,Air Elemental,Blocked,10,no-supported-skills
18826,Minor Earth Spirit,Elementals,302,Earth Elemental,Blocked,10,no-supported-skills
18827,Gan'arg Sapper,Demons,124,Gan'arg,Active,59,Enabled mapping; runtime eligibility still applies.
18838,Nightlord Malphas,Demons,128,Nathrezim,Active,61,Enabled mapping; runtime eligibility still applies.
18847,Wild Fel Stalker,Demons,110,Felhunter (reference: Felhound),Blocked,73,protected-rank
18848,Malicious Instructor,Demons,136,Shivarra,Blocked,70,protected-rank
18856,Arcane Annihilator,Elementals,,Unassigned,Blocked,68,protected-rank; missing-or-ambiguous-model-assignment
18858,Wrathbringer,Demons,123,Wrathguard,Active,68,Enabled mapping; runtime eligibility still applies.
18859,Wrath Priestess,Demons,136,Shivarra,Active,68,Enabled mapping; runtime eligibility still applies.
18860,Daughter of Destiny,Demons,136,Shivarra,Active,70,Enabled mapping; runtime eligibility still applies.
18861,Eredar Tactician,Demons,,Unassigned,Blocked,68,missing-or-ambiguous-model-assignment
18862,Dread Overlord,Demons,128,Nathrezim,Active,68,Enabled mapping; runtime eligibility still applies.
18863,Manaspawn,Elementals,,Unassigned,Blocked,68,missing-or-ambiguous-model-assignment
18864,Mana Wraith,Elementals,,Unassigned,Blocked,67,missing-or-ambiguous-model-assignment
18865,Warp Aberration,Elementals,301,Air Elemental,Blocked,67,no-supported-skills
18866,Mageslayer,Elementals,,Unassigned,Blocked,68,missing-or-ambiguous-model-assignment
18867,Mana Seeker,Elementals,,Unassigned,Blocked,68,missing-or-ambiguous-model-assignment
18868,Voidfiend,Demons,143,Voidwalker,Staged,68,Assignment candidate; profile/build/effect validation pending.
18869,Unstable Voidwraith,Demons,,Unassigned,Blocked,68,missing-or-ambiguous-model-assignment
18870,Voidshrieker,Demons,,Unassigned,Blocked,68,missing-or-ambiguous-model-assignment
18871,Voidlord,Demons,,Unassigned,Blocked,68,missing-or-ambiguous-model-assignment
18872,Disembodied Vindicator,Undead,,Unassigned,Blocked,67,missing-or-ambiguous-model-assignment
18873,Disembodied Protector,Undead,,Unassigned,Blocked,67,missing-or-ambiguous-model-assignment
18876,Phase Hatchling,Dragonkin,,Unassigned,Blocked,68,missing-or-ambiguous-model-assignment
18877,Nether Drake,Dragonkin,,Unassigned,Blocked,68,missing-or-ambiguous-model-assignment
18881,Sundered Rumbler,Elementals,302,Earth Elemental,Blocked,67,no-supported-skills
18882,Sundered Thunderer,Elementals,302,Earth Elemental,Blocked,69,no-supported-skills
18894,Felguard Brute,Demons,126,Felguard,Blocked,61,protected-rank
18944,Fel Soldier,Demons,126,Felguard,Blocked,70,protected-rank
18945,Pit Commander,Demons,101,Pit Lord,Blocked,72,protected-rank
18946,Infernal Siegebreaker,Demons,118,Infernal,Blocked,70,protected-rank
18958,Giselda Transform,Demons,136,Shivarra,Active,65,Enabled mapping; runtime eligibility still applies.
18974,Z'kral,Demons,144,Mo'arg Engineer,Blocked,62,"Assignment proposed; server spell definitions missing: 80183, 80184, 80185"
18975,Wrathguard,Demons,123,Wrathguard,Active,58,Enabled mapping; runtime eligibility still applies.
18976,Urga'zz,Demons,144,Mo'arg Engineer,Blocked,62,"Assignment proposed; server spell definitions missing: 80183, 80184, 80185"
18977,Felguard Destroyer,Demons,126,Felguard,Blocked,60,protected-rank
18978,Heckling Fel Sprite,Demons,115,Imp,Staged,57,Assignment candidate; profile/build/effect validation pending.
18981,Doomwhisperer,Demons,136,Shivarra,Active,59,Enabled mapping; runtime eligibility still applies.
18994,Infinite Executioner,Dragonkin,479,Infinite Scalebane,Blocked,70,protected-npc-vehicle-script
18995,Infinite Vanquisher,Dragonkin,480,Infinite Wyrmkin,Blocked,70,protected-npc-vehicle-script; no-supported-skills
19005,Wrath Master,Demons,123,Wrathguard,Blocked,71,protected-rank
19016,Hellfire Familiar,Demons,116,Fel Imp,Staged,61,Assignment candidate; profile/build/effect validation pending.
19070,Holo-Imp,Elementals,115,Imp,Blocked,10,creature-type-mismatch
19136,Flamewaker Imp,Demons,116,Fel Imp,Staged,58,Assignment candidate; profile/build/effect validation pending.
19160,Wrathguard Defender,Demons,123,Wrathguard,Active,62,Enabled mapping; runtime eligibility still applies.
19190,Fel Handler,Demons,126,Felguard,Staged,58,Assignment candidate; profile/build/effect validation pending.
19191,Arazzius the Cruel,Demons,,Unassigned,Blocked,63,protected-rank; missing-or-ambiguous-model-assignment
19192,Mistress of Doom,Demons,136,Shivarra,Active,62,Enabled mapping; runtime eligibility still applies.
19199,Dread Overseer,Demons,128,Nathrezim,Blocked,71,protected-rank
19200,Shape of the Beast,Demons,,Unassigned,Blocked,69,missing-or-ambiguous-model-assignment
19203,Syth Fire Elemental,Elementals,303,Fire Elemental,Blocked,69,no-supported-skills
19204,Syth Frost Elemental,Elementals,304,Water Elemental,Blocked,69,no-supported-skills
19205,Syth Arcane Elemental,Elementals,301,Air Elemental,Blocked,69,no-supported-skills
19206,Syth Shadow Elemental,Elementals,143,Voidwalker,Blocked,69,creature-type-mismatch
19214,Hand of the Highlord,Demons,118,Infernal,Blocked,63,protected-rank
19218,Gatewatcher Gyro-Kill,Demons,144,Mo'arg Engineer,Blocked,72,protected-rank; protected-npc-vehicle-script
19226,Void Traveler,Demons,143,Voidwalker,Blocked,69,protected-npc-vehicle-script
19231,Mechanar Crusher,Demons,,Unassigned,Blocked,70,protected-rank; missing-or-ambiguous-model-assignment
19233,Flying Voidwalker,Demons,143,Voidwalker,Staged,60,Assignment candidate; profile/build/effect validation pending.
19259,Infernal Invader,Demons,118,Infernal,Active,60,Enabled mapping; runtime eligibility still applies.
19261,Infernal Warbringer,Demons,118,Infernal,Active,58,Enabled mapping; runtime eligibility still applies.
19262,Dreadcaller Ebuch'nizor,Demons,128,Nathrezim,Active,61,Enabled mapping; runtime eligibility still applies.
19282,Subjugator Shi'aziv,Demons,136,Shivarra,Active,62,Enabled mapping; runtime eligibility still applies.
19284,Invading Felguard,Demons,126,Felguard,Staged,60,Assignment candidate; profile/build/effect validation pending.
19285,Invading Infernal,Demons,118,Infernal,Active,62,Enabled mapping; runtime eligibility still applies.
19286,Invading Fel Stalker,Demons,110,Felhunter (reference: Felhound),Staged,60,Assignment candidate; profile/build/effect validation pending.
19287,Invading Voidwalker,Demons,143,Voidwalker,Staged,60,Assignment candidate; profile/build/effect validation pending.
19288,Dreadknight,Demons,128,Nathrezim,Blocked,63,protected-rank
19290,Invading Anguisher,Demons,135,Succubus,Staged,61,Assignment candidate; profile/build/effect validation pending.
19298,Warbringer Arix'Amal,Demons,123,Wrathguard,Active,62,Enabled mapping; runtime eligibility still applies.
19299,Deathwhisperer,Demons,136,Shivarra,Blocked,69,protected-rank
19307,Nexus Terror,Demons,,Unassigned,Blocked,64,protected-rank; missing-or-ambiguous-model-assignment
19311,Portal Hound,Demons,,Unassigned,Blocked,57,missing-or-ambiguous-model-assignment
19334,Dreadcaller Xaldonus,Demons,128,Nathrezim,Active,61,Enabled mapping; runtime eligibility still applies.
19335,Subjugator Yalqiz,Demons,136,Shivarra,Active,62,Enabled mapping; runtime eligibility still applies.
19354,Arzeth the Merciless,Demons,106,Doomguard,Blocked,63,protected-rank
19356,Void Wanderer,Demons,143,Voidwalker,Staged,68,Assignment candidate; profile/build/effect validation pending.
19357,Dimming Voidwraith,Demons,,Unassigned,Blocked,68,missing-or-ambiguous-model-assignment
19391,Felguard Lieutenant,Demons,126,Felguard,Blocked,60,protected-rank
19397,Mo'arg Overseer,Demons,,Unassigned,Blocked,70,protected-rank; missing-or-ambiguous-model-assignment
19398,Gan'arg Peon,Demons,124,Gan'arg,Blocked,68,protected-rank
19408,Maiden of Pain,Demons,135,Succubus,Staged,61,Assignment candidate; profile/build/effect validation pending.
19416,Ancient Draenei Spirit,Undead,,Unassigned,Blocked,1,missing-or-ambiguous-model-assignment
19417,Ramdor the Mad,Undead,,Unassigned,Blocked,66,protected-npc-vehicle-script; missing-or-ambiguous-model-assignment
19431,Test Elemental,Elementals,302,Earth Elemental,Blocked,70,no-supported-skills
19434,Dreadcaller,Demons,128,Nathrezim,Active,59,Enabled mapping; runtime eligibility still applies.
19438,Image of Erozion,Dragonkin,,Unassigned,Blocked,70,protected-rank; missing-or-ambiguous-model-assignment
19456,Whitebark's Spirit,Elementals,394,Treant,Blocked,10,protected-npc-vehicle-script; no-ability-profile
19460,Bleeding Hollow Skeleton,Undead,225,Skeleton,Active,60,Enabled mapping; runtime eligibility still applies.
19463,Orc Skeleton,Undead,225,Skeleton,Active,1,Enabled mapping; runtime eligibility still applies.
19464,Bleeding Hollow Soul,Undead,217,Ghost,Blocked,59,no-ability-profile
19488,Custodian Dieworth,Undead,,Unassigned,Blocked,68,protected-npc-vehicle-script; missing-or-ambiguous-model-assignment
19489,Lieutenant-Sorcerer Morran,Undead,,Unassigned,Blocked,67,protected-npc-vehicle-script; missing-or-ambiguous-model-assignment
19493,Ekkorash the Inquisitor,Demons,136,Shivarra,Active,68,Enabled mapping; runtime eligibility still applies.
19494,Ar'kelos,Elementals,,Unassigned,Blocked,68,missing-or-ambiguous-model-assignment
19511,Nethervine Inciter,Demons,134,Satyr,Blocked,70,protected-rank
19512,Nethervine Reaper,Demons,134,Satyr,Blocked,70,protected-rank
19514,Al'ar,Elementals,,Unassigned,Blocked,73,protected-rank; protected-npc-vehicle-script; missing-or-ambiguous-model-assignment
19527,Vacillating Voidcaller,Demons,,Unassigned,Blocked,61,missing-or-ambiguous-model-assignment
19543,Battle-Mage Dathric,Undead,,Unassigned,Blocked,68,missing-or-ambiguous-model-assignment
19544,Conjurer Luminrath,Undead,,Unassigned,Blocked,68,missing-or-ambiguous-model-assignment
19545,Cohlien Frostweaver,Undead,,Unassigned,Blocked,68,missing-or-ambiguous-model-assignment
19546,Abjurist Belmara,Undead,,Unassigned,Blocked,68,missing-or-ambiguous-model-assignment
19554,Dimensius the All-Devouring,Demons,,Unassigned,Blocked,70,protected-rank; missing-or-ambiguous-model-assignment
19557,Greater Frayer,Elementals,,Unassigned,Blocked,69,missing-or-ambiguous-model-assignment
19568,Unending Voidwraith,Demons,,Unassigned,Blocked,68,missing-or-ambiguous-model-assignment
19579,Cohlien Frostweaver with Hat,Undead,,Unassigned,Blocked,68,missing-or-ambiguous-model-assignment
19580,Luminrath with Cape,Undead,,Unassigned,Blocked,68,missing-or-ambiguous-model-assignment
19584,Frayer (Arcane),Elementals,,Unassigned,Blocked,68,missing-or-ambiguous-model-assignment
19585,Frayer (Fire),Elementals,,Unassigned,Blocked,68,missing-or-ambiguous-model-assignment
19586,Frayer (Frost),Elementals,,Unassigned,Blocked,68,missing-or-ambiguous-model-assignment
19587,Frayer (Shadow),Elementals,,Unassigned,Blocked,68,missing-or-ambiguous-model-assignment
19599,Void Servant,Demons,143,Voidwalker,Staged,63,Assignment candidate; profile/build/effect validation pending.
19608,Frayer Wildling,Elementals,,Unassigned,Blocked,70,missing-or-ambiguous-model-assignment
19609,Mo'arg Engineer Transform (Drill),Demons,,Unassigned,Blocked,66,missing-or-ambiguous-model-assignment
19653,Glacius,Elementals,304,Water Elemental,Blocked,67,no-supported-skills
19682,Emissary Mordiba,Undead,,Unassigned,Blocked,59,protected-npc-vehicle-script; missing-or-ambiguous-model-assignment
19688,Scryer Vault Guardian,Elementals,,Unassigned,Blocked,70,missing-or-ambiguous-model-assignment
19698,Greatfather Aldrimus,Undead,,Unassigned,Blocked,70,protected-npc-vehicle-script; missing-or-ambiguous-model-assignment
19710,Gatewatcher Iron-Hand,Demons,,Unassigned,Blocked,72,protected-rank; protected-npc-vehicle-script; missing-or-ambiguous-model-assignment
19711,Mechanar Ripper (UNUSED),Demons,144,Mo'arg Engineer,Blocked,1,protected-rank
19712,Mechanar Driller,Demons,144,Mo'arg Engineer,Blocked,70,protected-rank
19713,Mechanar Wrecker,Demons,,Unassigned,Blocked,70,protected-rank; missing-or-ambiguous-model-assignment
19714,Mechanar Pulverizer (UNUSED),Demons,,Unassigned,Blocked,1,protected-rank; missing-or-ambiguous-model-assignment
19716,Mechanar Tinkerer,Demons,124,Gan'arg,Active,69,Enabled mapping; runtime eligibility still applies.
19719,Ricole Nichie,Undead,,Unassigned,Blocked,61,missing-or-ambiguous-model-assignment
19736,Althen the Historian,Undead,,Unassigned,Blocked,59,protected-npc-vehicle-script; missing-or-ambiguous-model-assignment
19738,Doomclaw,Demons,,Unassigned,Blocked,69,missing-or-ambiguous-model-assignment
19739,Wrathflayer,Demons,123,Wrathguard,Active,68,Enabled mapping; runtime eligibility still applies.
19740,Wrathwalker,Demons,123,Wrathguard,Active,67,Enabled mapping; runtime eligibility still applies.
19741,Hatescreamer,Demons,136,Shivarra,Active,68,Enabled mapping; runtime eligibility still applies.
19742,Merciless Inciter,Demons,136,Shivarra,Active,68,Enabled mapping; runtime eligibility still applies.
19743,Nathrezim Councilor,Demons,128,Nathrezim,Active,68,Enabled mapping; runtime eligibility still applies.
19744,Dreadwarden,Demons,128,Nathrezim,Active,70,Enabled mapping; runtime eligibility still applies.
19745,Pit Obliterator,Demons,101,Pit Lord,Blocked,68,"Assignment proposed; server spell definitions missing: 80134, 80135, 80136"
19746,Pit Breaker,Demons,101,Pit Lord,Blocked,68,"Assignment proposed; server spell definitions missing: 80134, 80135, 80136"
19747,Baelmon the Hound-Master,Demons,,Unassigned,Blocked,68,protected-rank; missing-or-ambiguous-model-assignment
19748,Legionlord,Demons,,Unassigned,Blocked,68,missing-or-ambiguous-model-assignment
19749,Shadowmoon Specter,Undead,,Unassigned,Blocked,68,missing-or-ambiguous-model-assignment
19751,Vengeful Shadowmoon Wraith,Undead,,Unassigned,Blocked,68,missing-or-ambiguous-model-assignment
19752,Marauding Infernal,Demons,118,Infernal,Active,68,Enabled mapping; runtime eligibility still applies.
19753,Infernal Wrangler,Demons,124,Gan'arg,Active,68,Enabled mapping; runtime eligibility still applies.
19754,Deathforge Tinkerer,Demons,124,Gan'arg,Active,68,Enabled mapping; runtime eligibility still applies.
19755,Mo'arg Weaponsmith,Demons,144,Mo'arg Engineer,Blocked,66,"Assignment proposed; server spell definitions missing: 80183, 80184, 80185"
19756,Deathforge Smith,Demons,144,Mo'arg Engineer,Blocked,68,"Assignment proposed; server spell definitions missing: 80183, 80184, 80185"
19757,Infernal Soul,Demons,303,Fire Elemental,Blocked,68,creature-type-mismatch
19758,Infernal Animus,Demons,303,Fire Elemental,Blocked,68,creature-type-mismatch
19759,Newly Crafted Infernal,Demons,118,Infernal,Active,69,Enabled mapping; runtime eligibility still applies.
19760,Cooling Infernal,Demons,118,Infernal,Active,68,Enabled mapping; runtime eligibility still applies.
19761,Felspark Infernal,Demons,118,Infernal,Active,68,Enabled mapping; runtime eligibility still applies.
19790,Mud Lurker,Elementals,355,Bog Beast,Blocked,68,no-ability-profile
19791,Lightless Mud Flinger,Elementals,355,Bog Beast,Blocked,68,no-ability-profile
19799,Illidari Dreadbringer,Demons,128,Nathrezim,Active,69,Enabled mapping; runtime eligibility still applies.
19800,Illidari Painlasher,Demons,135,Succubus,Staged,68,Assignment candidate; profile/build/effect validation pending.
19801,Illidari Agonizer,Demons,116,Fel Imp,Staged,67,Assignment candidate; profile/build/effect validation pending.
19802,Illidari Shocktrooper,Demons,126,Felguard,Staged,68,Assignment candidate; profile/build/effect validation pending.
19803,Illidari Destroyer,Demons,126,Felguard,Staged,68,Assignment candidate; profile/build/effect validation pending.
19804,Hound of the Betrayer,Demons,110,Felhunter (reference: Felhound),Staged,68,Assignment candidate; profile/build/effect validation pending.
19812,Illidari Informant,Demons,136,Shivarra,Active,68,Enabled mapping; runtime eligibility still applies.
19819,[PH] Illidari Overseer,Demons,106,Doomguard,Active,71,Enabled mapping; runtime eligibility still applies.
19820,Illidari Executioner,Demons,106,Doomguard,Active,68,Enabled mapping; runtime eligibility still applies.
19821,Illidari Peacekeer,Demons,126,Felguard,Staged,71,Assignment candidate; profile/build/effect validation pending.
19822,Illidari Brute,Demons,126,Felguard,Staged,68,Assignment candidate; profile/build/effect validation pending.
19825,Dark Conclave Talonite,Undead,,Unassigned,Blocked,67,missing-or-ambiguous-model-assignment
19826,Dark Conclave Shadowmancer,Undead,,Unassigned,Blocked,67,missing-or-ambiguous-model-assignment
19827,Dark Conclave Ravenguard,Undead,,Unassigned,Blocked,68,missing-or-ambiguous-model-assignment
19843,Nethervine Trickster,Demons,134,Satyr,Blocked,70,protected-rank
19846,[PH] Horn Ghost,Undead,,Unassigned,Blocked,1,missing-or-ambiguous-model-assignment
19847,Levixus,Demons,,Unassigned,Blocked,66,protected-rank; missing-or-ambiguous-model-assignment
19852,Artifact Seeker,Demons,110,Felhunter (reference: Felhound),Staged,67,Assignment candidate; profile/build/effect validation pending.
19853,Felblade Doomguard,Demons,106,Doomguard,Active,67,Enabled mapping; runtime eligibility still applies.
19854,Nathrezim Surveyor,Demons,128,Nathrezim,Active,68,Enabled mapping; runtime eligibility still applies.
19863,Vengeful Unyielding,Undead,,Unassigned,Blocked,58,missing-or-ambiguous-model-assignment
19864,Vengeful Unyielding Captain,Undead,,Unassigned,Blocked,59,missing-or-ambiguous-model-assignment
19872,Lady Catriona Von'Indi,Undead,,Unassigned,Blocked,70,protected-rank; missing-or-ambiguous-model-assignment
19873,Lord Crispin Ference,Undead,,Unassigned,Blocked,70,protected-rank; missing-or-ambiguous-model-assignment
19874,Baron Rafe Dreuger,Undead,,Unassigned,Blocked,70,protected-rank; missing-or-ambiguous-model-assignment
19875,Baroness Dorothea Millstipe,Undead,,Unassigned,Blocked,70,protected-rank; missing-or-ambiguous-model-assignment
19876,Lord Robin Daris,Undead,,Unassigned,Blocked,70,protected-rank; missing-or-ambiguous-model-assignment
19878,Spirit of Exarch Maladaar,Undead,,Unassigned,Blocked,67,protected-rank; missing-or-ambiguous-model-assignment
19879,Horvon the Armorer,Undead,,Unassigned,Blocked,62,protected-npc-vehicle-script; missing-or-ambiguous-model-assignment
19881,Severed Spirit,Undead,,Unassigned,Blocked,68,missing-or-ambiguous-model-assignment
19918,Time Watcher,Dragonkin,,Unassigned,Blocked,70,protected-rank; missing-or-ambiguous-model-assignment
19919,Thorn Lasher,Elementals,,Unassigned,Blocked,70,missing-or-ambiguous-model-assignment
19920,Thorn Flayer,Elementals,,Unassigned,Blocked,70,missing-or-ambiguous-model-assignment
19922,Tornado,Elementals,,Unassigned,Blocked,63,missing-or-ambiguous-model-assignment
19927,Time Watcher Transform,Dragonkin,,Unassigned,Blocked,70,protected-rank; missing-or-ambiguous-model-assignment
19928,Laj (Arcane),Elementals,,Unassigned,Blocked,72,protected-rank; missing-or-ambiguous-model-assignment
19929,Laj (Fire),Elementals,,Unassigned,Blocked,72,protected-rank; missing-or-ambiguous-model-assignment
19930,Laj (Frost),Elementals,,Unassigned,Blocked,72,protected-rank; missing-or-ambiguous-model-assignment
19931,Laj (Nature),Elementals,,Unassigned,Blocked,72,protected-rank; missing-or-ambiguous-model-assignment
19932,Andormu,Dragonkin,,Unassigned,Blocked,70,protected-rank; protected-npc-vehicle-script; missing-or-ambiguous-model-assignment
19933,Nozari,Dragonkin,,Unassigned,Blocked,70,protected-rank; missing-or-ambiguous-model-assignment
19934,Zaladormu,Dragonkin,,Unassigned,Blocked,70,protected-rank; missing-or-ambiguous-model-assignment
19935,Soridormi,Dragonkin,,Unassigned,Blocked,73,protected-rank; protected-npc-vehicle-script; missing-or-ambiguous-model-assignment
19936,Arazmodu,Dragonkin,,Unassigned,Blocked,71,protected-rank; protected-npc-vehicle-script; missing-or-ambiguous-model-assignment
19937,Commander Hogarth,Undead,,Unassigned,Blocked,59,protected-npc-vehicle-script; missing-or-ambiguous-model-assignment
19949,Sapling,Elementals,394,Treant,Blocked,72,no-ability-profile
19950,Custodian of Time,Dragonkin,,Unassigned,Blocked,70,protected-rank; missing-or-ambiguous-model-assignment
19951,Warden of Time,Dragonkin,,Unassigned,Blocked,70,protected-rank; missing-or-ambiguous-model-assignment
19953,Frayer Protector,Elementals,,Unassigned,Blocked,70,missing-or-ambiguous-model-assignment
19954,Greater Sapling,Elementals,394,Treant,Blocked,70,no-ability-profile
19958,White Seedling,Elementals,,Unassigned,Blocked,68,missing-or-ambiguous-model-assignment
19959,Imprisoned Infinite Dragonspawn,Dragonkin,,Unassigned,Blocked,70,missing-or-ambiguous-model-assignment
19960,Doomforge Engineer,Demons,,Unassigned,Blocked,68,missing-or-ambiguous-model-assignment
19961,Doomforge Attendant,Demons,124,Gan'arg,Active,68,Enabled mapping; runtime eligibility still applies.
19962,Blue Seedling,Elementals,,Unassigned,Blocked,68,missing-or-ambiguous-model-assignment
19963,Doomcryer,Demons,136,Shivarra,Blocked,68,protected-rank
19964,Red Seedling,Elementals,,Unassigned,Blocked,68,missing-or-ambiguous-model-assignment
19965,Doomforge Constructor,Demons,,Unassigned,Blocked,68,missing-or-ambiguous-model-assignment
19966,Doomforge Laborer,Demons,124,Gan'arg,Active,68,Enabled mapping; runtime eligibility still applies.
19967,Terror Sentry,Demons,123,Wrathguard,Active,70,Enabled mapping; runtime eligibility still applies.
19968,Maiden of Nightmares,Demons,135,Succubus,Staged,68,Assignment candidate; profile/build/effect validation pending.
19969,Green Seedling,Elementals,,Unassigned,Blocked,68,missing-or-ambiguous-model-assignment
19970,Dreadforge Steam-Smith,Demons,,Unassigned,Blocked,68,missing-or-ambiguous-model-assignment
19971,Dreadforge Servant,Demons,124,Gan'arg,Active,68,Enabled mapping; runtime eligibility still applies.
19972,Night Walker,Demons,128,Nathrezim,Active,70,Enabled mapping; runtime eligibility still applies.
19973,Abyssal Flamebringer,Demons,119,Abyssal,Staged,70,Assignment candidate; profile/build/effect validation pending.
19974,Dreadforge Machinist,Demons,,Unassigned,Blocked,68,missing-or-ambiguous-model-assignment
19975,Dreadforge Worker,Demons,124,Gan'arg,Active,68,Enabled mapping; runtime eligibility still applies.
19976,Terrorslayer,Demons,106,Doomguard,Active,60,Enabled mapping; runtime eligibility still applies.
19978,Deathforge Over-Smith,Demons,,Unassigned,Blocked,68,missing-or-ambiguous-model-assignment
19979,Deathforge Technician,Demons,124,Gan'arg,Active,67,Enabled mapping; runtime eligibility still applies.
19980,Void Terror,Demons,140,Void Terror,Blocked,67,Assignment proposed; server spell definitions missing: 80180
19981,Eredar Fel-Lord,Demons,,Unassigned,Blocked,60,missing-or-ambiguous-model-assignment
20021,Nether Whelp,Dragonkin,,Unassigned,Blocked,67,protected-npc-vehicle-script; missing-or-ambiguous-model-assignment
20051,UNUSED - Golem Crafter,Demons,144,Mo'arg Engineer,Blocked,71,protected-rank
20052,Crystalcore Mechanic,Demons,144,Mo'arg Engineer,Blocked,71,protected-rank
20079,Darkcrest Sentry,Elementals,304,Water Elemental,Blocked,61,no-supported-skills
20090,Bloodscale Sentry,Elementals,304,Water Elemental,Blocked,62,no-supported-skills
20117,Vengeful Unyielding Knight,Undead,,Unassigned,Blocked,60,missing-or-ambiguous-model-assignment
20129,Custodian of Time,Dragonkin,,Unassigned,Blocked,70,protected-rank; protected-npc-vehicle-script; missing-or-ambiguous-model-assignment
20130,Andormu,Dragonkin,,Unassigned,Blocked,66,protected-rank; protected-npc-vehicle-script; missing-or-ambiguous-model-assignment
20131,Nozari,Dragonkin,,Unassigned,Blocked,60,protected-rank; missing-or-ambiguous-model-assignment
20132,Socrethar,Demons,,Unassigned,Blocked,72,protected-rank; missing-or-ambiguous-model-assignment
20133,Image of Socrethar,Demons,,Unassigned,Blocked,1,protected-rank; missing-or-ambiguous-model-assignment
20137,Vengeful Unyielding Footman,Undead,,Unassigned,Blocked,59,missing-or-ambiguous-model-assignment
20138,Culuthas,Demons,128,Nathrezim,Blocked,70,protected-rank
20141,Hound of Culuthas,Demons,140,Void Terror,Blocked,69,Assignment proposed; server spell definitions missing: 80180
20142,Steward of Time,Dragonkin,,Unassigned,Blocked,70,protected-rank; protected-npc-vehicle-script; missing-or-ambiguous-model-assignment
20145,Unstable Voidwalker,Demons,143,Voidwalker,Staged,60,Assignment candidate; profile/build/effect validation pending.
20148,Dead Doomguard,Demons,106,Doomguard,Active,1,Enabled mapping; runtime eligibility still applies.
20160,Infernal Defender,Demons,118,Infernal,Active,63,Enabled mapping; runtime eligibility still applies.
20188,Underbog Lurker (1),Elementals,,Unassigned,Blocked,70,protected-rank; missing-or-ambiguous-model-assignment
20190,Underbog Shambler (1),Elementals,,Unassigned,Blocked,70,protected-rank; missing-or-ambiguous-model-assignment
20195,Dagz,Demons,110,Felhunter (reference: Felhound),Staged,60,Assignment candidate; profile/build/effect validation pending.
20201,Sa'at,Dragonkin,,Unassigned,Blocked,73,protected-rank; protected-npc-vehicle-script; missing-or-ambiguous-model-assignment
20215,Pentatharon,Demons,128,Nathrezim,Active,69,Enabled mapping; runtime eligibility still applies.
20252,Arcane Fiend (1),Elementals,,Unassigned,Blocked,70,missing-or-ambiguous-model-assignment
20262,Ethereal Wraith (1),Elementals,,Unassigned,Blocked,69,missing-or-ambiguous-model-assignment
20265,Nexus Terror (1),Demons,,Unassigned,Blocked,70,protected-rank; missing-or-ambiguous-model-assignment
20267,Pandemonius (1),Demons,,Unassigned,Blocked,72,protected-rank; missing-or-ambiguous-model-assignment
20277,Root Lasher,Elementals,,Unassigned,Blocked,1,missing-or-ambiguous-model-assignment
20285,Gan'arg Warp-Tinker,Demons,124,Gan'arg,Active,68,Enabled mapping; runtime eligibility still applies.
20298,Angered Skeleton (1),Undead,,Unassigned,Blocked,70,protected-rank; missing-or-ambiguous-model-assignment
20303,Avatar of the Martyred (1),Undead,,Unassigned,Blocked,72,protected-rank; missing-or-ambiguous-model-assignment
20305,Stolen Soul (1),Undead,,Unassigned,Blocked,69,missing-or-ambiguous-model-assignment
20309,Phantasmal Possessor (1),Undead,,Unassigned,Blocked,71,missing-or-ambiguous-model-assignment
20310,Phasing Cleric (1),Undead,,Unassigned,Blocked,70,missing-or-ambiguous-model-assignment
20311,Phasing Soldier (1),Undead,,Unassigned,Blocked,70,missing-or-ambiguous-model-assignment
20312,Phasing Sorcerer (1),Undead,,Unassigned,Blocked,70,missing-or-ambiguous-model-assignment
20313,Phasing Stalker (1),Undead,,Unassigned,Blocked,70,missing-or-ambiguous-model-assignment
20315,Raging Skeleton (1),Undead,,Unassigned,Blocked,69,protected-rank; missing-or-ambiguous-model-assignment
20317,Reanimated Bones (1),Undead,225,Skeleton,Active,71,Enabled mapping; runtime eligibility still applies.
20318,Shirrak the Dead Watcher (1),Undead,131,Observer,Blocked,72,protected-rank; creature-type-mismatch
20319,Spirit of Exarch Maladaar (1),Undead,,Unassigned,Blocked,67,protected-rank; missing-or-ambiguous-model-assignment
20320,Unliving Cleric (1),Undead,,Unassigned,Blocked,70,missing-or-ambiguous-model-assignment
20321,Unliving Soldier (1),Undead,,Unassigned,Blocked,70,missing-or-ambiguous-model-assignment
20322,Unliving Sorcerer (1),Undead,,Unassigned,Blocked,71,missing-or-ambiguous-model-assignment
20323,Unliving Stalker (1),Undead,,Unassigned,Blocked,70,missing-or-ambiguous-model-assignment
20325,Pink Elemental,Elementals,302,Earth Elemental,Blocked,67,no-supported-skills
20326,Mo'arg Warp-Master,Demons,144,Mo'arg Engineer,Blocked,70,"Assignment proposed; server spell definitions missing: 80183, 80184, 80185"
20332,Nether Dragon,Dragonkin,,Unassigned,Blocked,70,missing-or-ambiguous-model-assignment
20394,Eye of Culuthas,Demons,131,Observer,Blocked,69,Assignment proposed; server spell definitions missing: 80171
20399,Terror Imp,Demons,116,Fel Imp,Staged,68,Assignment candidate; profile/build/effect validation pending.
20402,Legion Shocktrooper,Demons,106,Doomguard,Active,69,Enabled mapping; runtime eligibility still applies.
20403,Legion Destroyer,Demons,106,Doomguard,Active,70,Enabled mapping; runtime eligibility still applies.
20404,Warp-Gate Engineer,Demons,124,Gan'arg,Active,68,Enabled mapping; runtime eligibility still applies.
20409,Kirin'Var Apprentice,Undead,,Unassigned,Blocked,69,missing-or-ambiguous-model-assignment
20410,Rhonsus,Undead,,Unassigned,Blocked,69,missing-or-ambiguous-model-assignment
20427,Veneratus the Many,Demons,131,Observer,Blocked,70,Assignment proposed; server spell definitions missing: 80171
20438,Ara Technician,Demons,124,Gan'arg,Active,69,Enabled mapping; runtime eligibility still applies.
20439,Ara Engineer,Demons,144,Mo'arg Engineer,Blocked,70,"Assignment proposed; server spell definitions missing: 80183, 80184, 80185"
20460,Chief Engineer Gork'lonn,Demons,,Unassigned,Blocked,70,protected-rank; missing-or-ambiguous-model-assignment
20478,Arcane Servant,Elementals,,Unassigned,Blocked,70,missing-or-ambiguous-model-assignment
20480,Kirin'Var Ghost,Undead,217,Ghost,Blocked,68,no-ability-profile
20481,Raging Flames,Elementals,303,Fire Elemental,Blocked,72,protected-rank; protected-npc-vehicle-script; no-supported-skills
20483,Naberius,Undead,219,Lich,Blocked,69,protected-rank
20495,Skeletal Stallion,Undead,,Unassigned,Blocked,68,missing-or-ambiguous-model-assignment
20496,Kirin'Var Spectre,Undead,217,Ghost,Blocked,60,no-ability-profile
20498,Sundered Shard,Elementals,302,Earth Elemental,Blocked,67,no-supported-skills
20512,Tormented Soul,Undead,,Unassigned,Blocked,68,missing-or-ambiguous-model-assignment
20514,Searing Elemental,Elementals,303,Fire Elemental,Blocked,67,no-supported-skills
20516,Warp Monstrosity,Elementals,301,Air Elemental,Blocked,68,no-supported-skills
20531,Epoch Hunter (1),Dragonkin,,Unassigned,Blocked,72,protected-rank; missing-or-ambiguous-model-assignment
20532,Infinite Defiler (1),Dragonkin,480,Infinite Wyrmkin,Blocked,71,protected-rank; no-supported-skills
20533,Infinite Saboteur (1),Dragonkin,479,Infinite Scalebane,Blocked,72,protected-rank
20534,Infinite Slayer (1),Dragonkin,,Unassigned,Blocked,72,protected-rank; missing-or-ambiguous-model-assignment
20557,Wrath Hound,Demons,,Unassigned,Blocked,69,missing-or-ambiguous-model-assignment
20558,Forge Hound,Demons,,Unassigned,Blocked,69,missing-or-ambiguous-model-assignment
20627,Coilfang Water Elemental (1),Elementals,304,Water Elemental,Blocked,72,protected-rank; no-supported-skills
20636,Ambassador Hellmaw (1),Demons,106,Doomguard,Blocked,72,protected-rank
20643,Cabal Familiar (1),Demons,116,Fel Imp,Staged,70,Assignment candidate; profile/build/effect validation pending.
20651,Fel Guardhound (1),Demons,110,Felhunter (reference: Felhound),Blocked,70,protected-rank
20652,Fel Overseer (1),Demons,126,Felguard,Blocked,70,protected-rank
20655,Maiden of Discipline (1),Demons,135,Succubus,Staged,70,Assignment candidate; profile/build/effect validation pending.
20656,Malicious Instructor (1),Demons,136,Shivarra,Blocked,70,protected-rank
20657,Murmur (1),Elementals,,Unassigned,Blocked,72,protected-rank; missing-or-ambiguous-model-assignment
20658,Shape of the Beast (1),Demons,,Unassigned,Blocked,69,missing-or-ambiguous-model-assignment
20662,Tortured Skeleton (1),Undead,225,Skeleton,Active,70,Enabled mapping; runtime eligibility still applies.
20664,Void Traveler (1),Demons,143,Voidwalker,Staged,70,Assignment candidate; profile/build/effect validation pending.
20680,Arzeth the Powerless,Demons,106,Doomguard,Active,63,Enabled mapping; runtime eligibility still applies.
20683,Prophetess Cavrylin,Demons,136,Shivarra,Active,68,Enabled mapping; runtime eligibility still applies.
20685,Overseer Azarad,Demons,123,Wrathguard,Active,70,Enabled mapping; runtime eligibility still applies.
20689,Dark Vortex (1),Elementals,143,Voidwalker,Blocked,70,creature-type-mismatch
20691,Time-Lost Controller (1),Undead,,Unassigned,Blocked,70,protected-rank; missing-or-ambiguous-model-assignment
20697,Time-Lost Scryer (1),Undead,,Unassigned,Blocked,70,protected-rank; missing-or-ambiguous-model-assignment
20698,Time-Lost Shadowmage (1),Undead,,Unassigned,Blocked,72,protected-rank; missing-or-ambiguous-model-assignment
20702,Syth Arcane Elemental (1),Elementals,301,Air Elemental,Blocked,72,no-supported-skills
20703,Syth Fire Elemental (1),Elementals,303,Fire Elemental,Blocked,72,no-supported-skills
20704,Syth Frost Elemental (1),Elementals,304,Water Elemental,Blocked,72,no-supported-skills
20705,Syth Shadow Elemental (1),Elementals,143,Voidwalker,Blocked,72,creature-type-mismatch
20713,Fey Drake,Dragonkin,541,Faerie Dragon,Blocked,65,no-supported-skills
20737,Aeonus (1),Dragonkin,,Unassigned,Blocked,72,protected-rank; missing-or-ambiguous-model-assignment
20738,Chrono Lord Deja (1),Dragonkin,478,Infinite Drakonid,Blocked,72,protected-rank; no-supported-skills
20739,Imprisoned Infinite Dragonspawn (1),Dragonkin,,Unassigned,Blocked,70,missing-or-ambiguous-model-assignment
20740,Infinite Assassin (1),Dragonkin,,Unassigned,Blocked,70,missing-or-ambiguous-model-assignment
20741,Infinite Chronomancer (1),Dragonkin,480,Infinite Wyrmkin,Blocked,70,no-supported-skills
20742,Infinite Executioner (1),Dragonkin,479,Infinite Scalebane,Blocked,70,protected-rank
20743,Infinite Vanquisher (1),Dragonkin,480,Infinite Wyrmkin,Blocked,70,no-supported-skills
20744,Rift Lord (1),Dragonkin,,Unassigned,Blocked,71,protected-rank; missing-or-ambiguous-model-assignment
20745,Temporus (1),Dragonkin,,Unassigned,Blocked,72,protected-rank; missing-or-ambiguous-model-assignment
20746,Time Keeper (1),Dragonkin,427,Bronze Drake,Blocked,70,protected-rank; no-supported-skills
20774,Farahlon Lasher,Elementals,,Unassigned,Blocked,68,missing-or-ambiguous-model-assignment
20784,Armbreaker Huffaz,Demons,,Unassigned,Blocked,71,missing-or-ambiguous-model-assignment
20789,Wrathbringer Laz-tarash,Demons,123,Wrathguard,Active,71,Enabled mapping; runtime eligibility still applies.
20792,Bloodscale Elemental,Elementals,304,Water Elemental,Blocked,62,no-supported-skills
20794,Kaylaan the Lost,Demons,,Unassigned,Blocked,71,protected-rank; missing-or-ambiguous-model-assignment
20798,Razorsaw,Demons,144,Mo'arg Engineer,Blocked,61,"Assignment proposed; server spell definitions missing: 80183, 80184, 80185"
20800,Forgemaster Morug,Demons,144,Mo'arg Engineer,Blocked,68,protected-rank
20801,Silroth,Demons,101,Pit Lord,Blocked,68,protected-rank
20803,Overmaster Grindgarr,Demons,106,Doomguard,Active,70,Enabled mapping; runtime eligibility still applies.
20866,Soul Devourer,Demons,140,Void Terror,Blocked,70,protected-rank
20867,Death Watcher,Demons,131,Observer,Blocked,70,protected-rank
20868,Entropic Eye,Demons,131,Observer,Blocked,70,protected-rank
20870,Zereketh the Unbound,Demons,,Unassigned,Blocked,72,protected-rank; protected-npc-vehicle-script; missing-or-ambiguous-model-assignment
20873,Negaton Warp-Master,Demons,,Unassigned,Blocked,70,protected-rank; missing-or-ambiguous-model-assignment
20875,Negaton Screamer,Demons,,Unassigned,Blocked,70,protected-rank; missing-or-ambiguous-model-assignment
20879,Eredar Soul-Eater,Demons,,Unassigned,Blocked,70,protected-rank; missing-or-ambiguous-model-assignment
20880,Eredar Deathbringer,Demons,,Unassigned,Blocked,70,protected-rank; missing-or-ambiguous-model-assignment
20881,Unbound Devastator,Demons,126,Felguard,Blocked,70,protected-rank
20882,Skulking Witch,Demons,135,Succubus,Blocked,70,protected-rank
20883,Spiteful Temptress,Demons,135,Succubus,Blocked,70,protected-rank
20885,Dalliah the Doomsayer,Demons,136,Shivarra,Blocked,72,protected-rank; protected-npc-vehicle-script
20886,Wrath-Scryer Soccothrates,Demons,123,Wrathguard,Blocked,72,protected-rank; protected-npc-vehicle-script
20887,Deathforge Imp,Demons,116,Fel Imp,Staged,67,Assignment candidate; profile/build/effect validation pending.
20888,Solus the Eternal,Demons,,Unassigned,Blocked,72,protected-rank; missing-or-ambiguous-model-assignment
20898,Gargantuan Abyssal,Demons,119,Abyssal,Blocked,71,protected-rank
20900,Unchained Doombringer,Demons,106,Doomguard,Blocked,71,protected-rank
20901,Sargeron Archer,Demons,134,Satyr,Blocked,70,protected-rank
20902,Sargeron Hellcaller,Demons,134,Satyr,Blocked,70,protected-rank
20903,Protectorate Nether Drake,Dragonkin,499,Netherwing Drake,Blocked,70,protected-npc-vehicle-script
20905,Blazing Trickster,Demons,116,Fel Imp,Blocked,70,protected-rank
20908,Akkiris Lightning-Waker,Elementals,301,Air Elemental,Blocked,72,protected-rank; no-supported-skills
20910,Twilight Drakonaar,Dragonkin,,Unassigned,Blocked,72,protected-rank; missing-or-ambiguous-model-assignment
20911,Blackwing Drakonaar,Dragonkin,,Unassigned,Blocked,72,protected-rank; missing-or-ambiguous-model-assignment
20918,Deathforge Felstalker,Demons,110,Felhunter (reference: Felhound),Staged,67,Assignment candidate; profile/build/effect validation pending.
20919,Deathforge Doomguard,Demons,106,Doomguard,Active,65,Enabled mapping; runtime eligibility still applies.
20927,Gan'arg Technomancer,Demons,124,Gan'arg,Active,68,Enabled mapping; runtime eligibility still applies.
20928,Ironspine Forgelord,Demons,,Unassigned,Blocked,69,missing-or-ambiguous-model-assignment
20929,Wrath Lord,Demons,123,Wrathguard,Active,70,Enabled mapping; runtime eligibility still applies.
20930,Hatecryer,Demons,136,Shivarra,Active,70,Enabled mapping; runtime eligibility still applies.
20934,Severed Defender,Undead,,Unassigned,Blocked,68,missing-or-ambiguous-model-assignment
20983,Mutated Farahlon Lasher,Elementals,,Unassigned,Blocked,68,missing-or-ambiguous-model-assignment
21001,Kaylaan the Fallen,Demons,,Unassigned,Blocked,71,protected-rank; missing-or-ambiguous-model-assignment
21004,Lesser Nether Drake,Dragonkin,,Unassigned,Blocked,66,missing-or-ambiguous-model-assignment
21021,Scorch Imp,Demons,116,Fel Imp,Staged,67,Assignment candidate; profile/build/effect validation pending.
21023,Stronglimb Deeproot,Elementals,,Unassigned,Blocked,66,missing-or-ambiguous-model-assignment
21029,Captured Water Spirit,Elementals,304,Water Elemental,Blocked,60,no-supported-skills
21031,[PH] Arcane Guardian,Elementals,,Unassigned,Blocked,68,missing-or-ambiguous-model-assignment
21032,Dreadwing,Dragonkin,,Unassigned,Blocked,68,missing-or-ambiguous-model-assignment
21035,Dimensius the All-Devouring 000,Demons,,Unassigned,Blocked,70,protected-rank; missing-or-ambiguous-model-assignment
21040,Outraged Raven's Wood Sapling,Elementals,394,Treant,Blocked,66,no-ability-profile
21049,Spirit of the Past,Undead,,Unassigned,Blocked,60,missing-or-ambiguous-model-assignment
21050,Enraged Earth Spirit,Elementals,302,Earth Elemental,Blocked,68,protected-npc-vehicle-script; no-supported-skills
21058,Disembodied Exarch,Undead,,Unassigned,Blocked,67,missing-or-ambiguous-model-assignment
21059,Enraged Water Spirit,Elementals,304,Water Elemental,Blocked,68,protected-npc-vehicle-script; no-supported-skills
21060,Enraged Air Spirit,Elementals,301,Air Elemental,Blocked,69,protected-npc-vehicle-script; no-supported-skills
21061,Enraged Fire Spirit,Elementals,303,Fire Elemental,Blocked,68,protected-npc-vehicle-script; no-supported-skills
21062,Nether Wraith,Elementals,,Unassigned,Blocked,72,missing-or-ambiguous-model-assignment
21065,Tormented Citizen,Undead,,Unassigned,Blocked,68,missing-or-ambiguous-model-assignment
21067,Outland Wrathguard Black,Demons,123,Wrathguard,Active,1,Enabled mapping; runtime eligibility still applies.
21068,Outland Wrathguard Green,Demons,123,Wrathguard,Active,1,Enabled mapping; runtime eligibility still applies.
21069,Outland Wrathguard Red,Demons,123,Wrathguard,Active,1,Enabled mapping; runtime eligibility still applies.
21070,Outland Wrathguard Pink,Demons,123,Wrathguard,Active,1,Enabled mapping; runtime eligibility still applies.
21072,Living Grove Defender,Elementals,394,Treant,Blocked,65,no-ability-profile
21073,Enraged Earthen Soul,Elementals,,Unassigned,Blocked,68,protected-npc-vehicle-script; missing-or-ambiguous-model-assignment
21097,Enraged Fiery Soul,Elementals,,Unassigned,Blocked,68,protected-npc-vehicle-script; missing-or-ambiguous-model-assignment
21104,Rift Keeper,Dragonkin,480,Infinite Wyrmkin,Blocked,70,protected-rank; no-supported-skills
21109,Enraged Watery Soul,Elementals,,Unassigned,Blocked,68,missing-or-ambiguous-model-assignment
21116,Enraged Airy Soul,Elementals,,Unassigned,Blocked,68,protected-npc-vehicle-script; missing-or-ambiguous-model-assignment
21129,Scorned Spirit of Earth,Elementals,302,Earth Elemental,Blocked,70,no-supported-skills
21130,Scorned Spirit of Fire,Elementals,303,Fire Elemental,Blocked,70,no-supported-skills
21131,Scorned Spirit of Water,Elementals,304,Water Elemental,Blocked,70,no-supported-skills
21132,Scorned Spirit of Air,Elementals,301,Air Elemental,Blocked,70,no-supported-skills
21135,Fel Imp,Demons,116,Fel Imp,Staged,68,Assignment candidate; profile/build/effect validation pending.
21136,Infinite Chronomancer,Dragonkin,480,Infinite Wyrmkin,Blocked,70,protected-npc-vehicle-script; no-supported-skills
21137,Infinite Assassin,Dragonkin,,Unassigned,Blocked,70,protected-npc-vehicle-script; missing-or-ambiguous-model-assignment
21138,Infinite Executioner,Dragonkin,479,Infinite Scalebane,Blocked,70,protected-npc-vehicle-script
21139,Infinite Vanquisher,Dragonkin,480,Infinite Wyrmkin,Blocked,70,protected-npc-vehicle-script; no-supported-skills
21140,Rift Lord,Dragonkin,,Unassigned,Blocked,70,protected-rank; missing-or-ambiguous-model-assignment
21146,Legion Prototype Cannon 2 & 3 Felguard,Demons,,Unassigned,Blocked,68,missing-or-ambiguous-model-assignment
21148,Rift Keeper,Dragonkin,480,Infinite Wyrmkin,Blocked,70,protected-rank; no-supported-skills
21162,Deathforge Escort,Demons,116,Fel Imp,Staged,70,Assignment candidate; profile/build/effect validation pending.
21163,Spectral Arakkoa Melee [PH],Undead,,Unassigned,Blocked,67,missing-or-ambiguous-model-assignment
21166,Illidari Dreadlord,Demons,128,Nathrezim,Blocked,71,protected-rank
21169,Netharel - Metamorphosis,Demons,,Unassigned,Blocked,70,protected-rank; missing-or-ambiguous-model-assignment
21174,Magtheridon,Demons,,Unassigned,Blocked,73,protected-rank; missing-or-ambiguous-model-assignment
21181,Cyrukh the Firelord,Elementals,,Unassigned,Blocked,72,protected-rank; missing-or-ambiguous-model-assignment
21184,Arakkoa Bonewalker (Red),Undead,,Unassigned,Blocked,67,missing-or-ambiguous-model-assignment
21195,Domesticated Felboar,Demons,,Unassigned,Blocked,65,missing-or-ambiguous-model-assignment
21198,Deathtalon Spirit,Undead,,Unassigned,Blocked,64,missing-or-ambiguous-model-assignment
21199,Arakkoa Bonewalker (Green),Undead,,Unassigned,Blocked,67,missing-or-ambiguous-model-assignment
21200,Screeching Spirit,Undead,,Unassigned,Blocked,63,missing-or-ambiguous-model-assignment
21201,Arakkoa Bonewalker (Yellow),Undead,,Unassigned,Blocked,67,missing-or-ambiguous-model-assignment
21202,Arakkoa Bonewalker (Black),Undead,,Unassigned,Blocked,67,missing-or-ambiguous-model-assignment
21216,Hydross the Unstable,Elementals,304,Water Elemental,Blocked,73,protected-rank; protected-npc-vehicle-script; no-supported-skills
21222,Undersea Rager,Elementals,304,Water Elemental,Blocked,71,protected-rank; no-supported-skills
21223,Corrupted Rager,Elementals,304,Water Elemental,Blocked,71,no-supported-skills
21249,Wrathstalker,Demons,123,Wrathguard,Blocked,68,protected-rank
21253,Tainted Water Elemental,Elementals,304,Water Elemental,Blocked,71,protected-rank; no-supported-skills
21260,Purified Water Elemental,Elementals,304,Water Elemental,Blocked,71,protected-rank; no-supported-skills
21267,Mana Beast,Elementals,,Unassigned,Blocked,69,missing-or-ambiguous-model-assignment
21287,Warbringer Razuun,Demons,,Unassigned,Blocked,69,missing-or-ambiguous-model-assignment
21289,Inactive Infernal,Demons,118,Infernal,Active,68,Enabled mapping; runtime eligibility still applies.
21309,Painmistress Gabrissa,Demons,135,Succubus,Staged,70,Assignment candidate; profile/build/effect validation pending.
21314,Terrormaster,Demons,106,Doomguard,Active,67,Enabled mapping; runtime eligibility still applies.
21316,Deathforged Infernal,Demons,118,Infernal,Active,68,Enabled mapping; runtime eligibility still applies.
21324,Spirit Raven,Undead,,Unassigned,Blocked,63,missing-or-ambiguous-model-assignment
21325,Raven's Wood Stonebark,Elementals,,Unassigned,Blocked,67,protected-rank; missing-or-ambiguous-model-assignment
21326,Raven's Wood Leafbeard,Elementals,,Unassigned,Blocked,67,missing-or-ambiguous-model-assignment
21329,JAB Nether Serpent,Dragonkin,,Unassigned,Blocked,70,missing-or-ambiguous-model-assignment
21331,Thorny Growth,Elementals,,Unassigned,Blocked,68,missing-or-ambiguous-model-assignment
21337,Illidari Shadowstalker,Demons,134,Satyr,Active,69,Enabled mapping; runtime eligibility still applies.
21354,Fiery Warhorse,Undead,,Unassigned,Blocked,1,missing-or-ambiguous-model-assignment
21362,Phoenix,Elementals,,Unassigned,Blocked,70,protected-rank; missing-or-ambiguous-model-assignment
21378,[UNUSED]Test Nether Whelp,Dragonkin,,Unassigned,Blocked,65,missing-or-ambiguous-model-assignment
21384,Dark Conclave Harbinger,Undead,,Unassigned,Blocked,68,missing-or-ambiguous-model-assignment
21385,Dark Conclave Scorncrow,Undead,,Unassigned,Blocked,67,missing-or-ambiguous-model-assignment
21386,Dark Conclave Hawkeye,Undead,,Unassigned,Blocked,67,missing-or-ambiguous-model-assignment
21387,Wyrmcult Blackwhelp,Dragonkin,402,Black Whelp,Blocked,67,no-supported-skills
21389,Maxnar the Ashmaw,Dragonkin,,Unassigned,Blocked,68,missing-or-ambiguous-model-assignment
21406,Netherwing Drake,Dragonkin,,Unassigned,Blocked,69,missing-or-ambiguous-model-assignment
21407,Netherwing Dragon,Dragonkin,,Unassigned,Blocked,70,missing-or-ambiguous-model-assignment
21419,Infernal Attacker,Demons,,Unassigned,Blocked,67,protected-npc-vehicle-script; missing-or-ambiguous-model-assignment
21428,Corrupted Water Elemental,Elementals,304,Water Elemental,Blocked,70,no-supported-skills
21430,Unliving Draenei,Undead,,Unassigned,Blocked,65,missing-or-ambiguous-model-assignment
21435,Shadow Horror,Elementals,224,Shade,Blocked,68,creature-type-mismatch
21446,Bladespire Evil Spirit,Undead,217,Ghost,Blocked,66,no-ability-profile
21449,Cursed Spirit,Undead,217,Ghost,Blocked,66,no-ability-profile
21450,Skethyl Owl,Undead,,Unassigned,Blocked,68,missing-or-ambiguous-model-assignment
21452,Bloodmaul Evil Spirit,Undead,217,Ghost,Blocked,66,no-ability-profile
21492,Wyrmcult Blessed,Dragonkin,,Unassigned,Blocked,67,missing-or-ambiguous-model-assignment
21497,Blackscale,Dragonkin,,Unassigned,Blocked,70,protected-rank; missing-or-ambiguous-model-assignment
21499,Overseer Ripsaw,Demons,144,Mo'arg Engineer,Blocked,69,"Assignment proposed; server spell definitions missing: 80183, 80184, 80185"
21500,Morgroron,Demons,101,Pit Lord,Blocked,68,protected-rank
21501,Makazradon,Demons,101,Pit Lord,Blocked,68,protected-rank
21502,Image of Warbringer Razuun,Demons,,Unassigned,Blocked,69,missing-or-ambiguous-model-assignment
21506,Azaloth,Demons,101,Pit Lord,Blocked,70,protected-rank
21510,Swift Nether Drake,Dragonkin,,Unassigned,Blocked,10,missing-or-ambiguous-model-assignment
21516,Death's Watch,Demons,131,Observer,Blocked,68,Assignment proposed; server spell definitions missing: 80171
21519,Death's Might,Demons,126,Felguard,Staged,68,Assignment candidate; profile/build/effect validation pending.
21520,Illidari Jailor,Demons,134,Satyr,Active,70,Enabled mapping; runtime eligibility still applies.
21521,Arcane Servant (1),Elementals,,Unassigned,Blocked,70,missing-or-ambiguous-model-assignment
21525,Gatewatcher Gyro-Kill (1),Demons,144,Mo'arg Engineer,Blocked,72,protected-rank
21526,Gatewatcher Iron-Hand (1),Demons,,Unassigned,Blocked,72,protected-rank; missing-or-ambiguous-model-assignment
21527,Mechanar Crusher (1),Demons,,Unassigned,Blocked,71,protected-rank; missing-or-ambiguous-model-assignment
21528,Mechanar Driller (1),Demons,144,Mo'arg Engineer,Blocked,71,protected-rank
21529,Mechanar Pulverizer (UNUSED) (1),Demons,,Unassigned,Blocked,1,protected-rank; missing-or-ambiguous-model-assignment
21530,Mechanar Ripper (UNUSED) (1),Demons,144,Mo'arg Engineer,Blocked,1,protected-rank
21531,Mechanar Tinkerer (1),Demons,124,Gan'arg,Active,70,Enabled mapping; runtime eligibility still applies.
21532,Mechanar Wrecker (1),Demons,,Unassigned,Blocked,70,protected-rank; missing-or-ambiguous-model-assignment
21535,Nether Wraith (1),Elementals,,Unassigned,Blocked,72,missing-or-ambiguous-model-assignment
21538,Raging Flames (1),Elementals,303,Fire Elemental,Blocked,72,protected-rank; no-supported-skills
21550,Blue Seedling (1),Elementals,,Unassigned,Blocked,70,missing-or-ambiguous-model-assignment
21552,Frayer (1),Elementals,,Unassigned,Blocked,70,missing-or-ambiguous-model-assignment
21553,Frayer Protector (1),Elementals,,Unassigned,Blocked,70,missing-or-ambiguous-model-assignment
21554,Frayer Wildling (1),Elementals,,Unassigned,Blocked,70,missing-or-ambiguous-model-assignment
21555,Greater Frayer (1),Elementals,,Unassigned,Blocked,70,missing-or-ambiguous-model-assignment
21556,Greater Sapling (1),Elementals,394,Treant,Blocked,70,no-ability-profile
21557,Green Seedling (1),Elementals,,Unassigned,Blocked,70,missing-or-ambiguous-model-assignment
21559,Laj (1),Elementals,,Unassigned,Blocked,72,protected-rank; missing-or-ambiguous-model-assignment
21563,Nethervine Inciter (1),Demons,134,Satyr,Blocked,70,protected-rank
21564,Nethervine Reaper (1),Demons,134,Satyr,Blocked,70,protected-rank
21565,Nethervine Trickster (1),Demons,134,Satyr,Blocked,70,protected-rank
21566,Red Seedling (1),Elementals,,Unassigned,Blocked,70,missing-or-ambiguous-model-assignment
21567,Sapling (1),Elementals,394,Treant,Blocked,72,no-ability-profile
21579,Thorn Flayer (1),Elementals,,Unassigned,Blocked,70,missing-or-ambiguous-model-assignment
21580,Thorn Lasher (1),Elementals,,Unassigned,Blocked,70,missing-or-ambiguous-model-assignment
21581,Thorngrin the Tender (1),Demons,134,Satyr,Blocked,72,protected-rank
21582,Warp Splinter (1),Elementals,,Unassigned,Blocked,72,protected-rank; missing-or-ambiguous-model-assignment
21583,White Seedling (1),Elementals,,Unassigned,Blocked,70,missing-or-ambiguous-model-assignment
21588,Blackwing Drakonaar (1),Dragonkin,,Unassigned,Blocked,72,protected-rank; missing-or-ambiguous-model-assignment
21589,Blazing Trickster (1),Demons,116,Fel Imp,Blocked,70,protected-rank
21590,Dalliah the Doomsayer (1),Demons,136,Shivarra,Blocked,72,protected-rank
21591,Death Watcher (1),Demons,131,Observer,Blocked,70,protected-rank
21593,Entropic Eye (1),Demons,131,Observer,Blocked,70,protected-rank
21594,Eredar Deathbringer (1),Demons,,Unassigned,Blocked,70,protected-rank; missing-or-ambiguous-model-assignment
21595,Eredar Soul-Eater (1),Demons,,Unassigned,Blocked,70,protected-rank; missing-or-ambiguous-model-assignment
21598,Gargantuan Abyssal (1),Demons,119,Abyssal,Blocked,71,protected-rank
21604,Negaton Screamer (1),Demons,,Unassigned,Blocked,70,protected-rank; missing-or-ambiguous-model-assignment
21605,Negaton Warp-Master (1),Demons,,Unassigned,Blocked,70,protected-rank; missing-or-ambiguous-model-assignment
21610,Sargeron Archer (1),Demons,134,Satyr,Blocked,70,protected-rank
21611,Sargeron Hellcaller (1),Demons,134,Satyr,Blocked,70,protected-rank
21613,Skulking Witch (1),Demons,135,Succubus,Blocked,70,protected-rank
21614,Soul Devourer (1),Demons,140,Void Terror,Blocked,70,protected-rank
21615,Spiteful Temptress (1),Demons,135,Succubus,Blocked,70,protected-rank
21617,Akkiris Lightning-Waker (1),Elementals,301,Air Elemental,Blocked,72,protected-rank; no-supported-skills
21618,Twilight Drakonaar (1),Dragonkin,,Unassigned,Blocked,72,protected-rank; missing-or-ambiguous-model-assignment
21619,Unbound Devastator (1),Demons,126,Felguard,Blocked,70,protected-rank
21621,Unchained Doombringer (1),Demons,106,Doomguard,Blocked,71,protected-rank
21624,Wrath-Scryer Soccothrates (1),Demons,123,Wrathguard,Blocked,72,protected-rank
21626,Zereketh the Unbound (1),Demons,,Unassigned,Blocked,72,protected-rank; missing-or-ambiguous-model-assignment
21628,Highborne Lamenter,Undead,204,Banshee,Blocked,70,protected-npc-vehicle-script
21633,Deathbringer Jovaan,Demons,,Unassigned,Blocked,69,missing-or-ambiguous-model-assignment
21636,Vengeful Draenei,Undead,,Unassigned,Blocked,65,missing-or-ambiguous-model-assignment
21638,Vengeful Harbinger,Undead,,Unassigned,Blocked,65,protected-npc-vehicle-script; missing-or-ambiguous-model-assignment
21645,Felguard Brute (1),Demons,126,Felguard,Blocked,69,protected-rank
21646,Hellfire Familiar (1),Demons,116,Fel Imp,Staged,70,Assignment candidate; profile/build/effect validation pending.
21648,Mature Netherwing Drake,Dragonkin,,Unassigned,Blocked,69,protected-rank; protected-npc-vehicle-script; missing-or-ambiguous-model-assignment
21651,Time-Lost Skettis Reaver,Undead,,Unassigned,Blocked,70,missing-or-ambiguous-model-assignment
21656,Illidari Satyr,Demons,134,Satyr,Active,69,Enabled mapping; runtime eligibility still applies.
21657,Neltharaku,Dragonkin,,Unassigned,Blocked,72,protected-rank; protected-npc-vehicle-script; missing-or-ambiguous-model-assignment
21658,[UNUSED]Death's Deliverer,Demons,128,Nathrezim,Blocked,68,protected-rank
21695,Tidal Surger,Elementals,304,Water Elemental,Blocked,70,protected-rank; no-supported-skills
21696,Steam Surger,Elementals,304,Water Elemental,Blocked,70,no-supported-skills
21697,Infinite Chrono-Lord,Dragonkin,478,Infinite Drakonid,Blocked,72,protected-rank; protected-npc-vehicle-script; no-supported-skills
21698,Infinite Timereaver,Dragonkin,,Unassigned,Blocked,72,protected-rank; protected-npc-vehicle-script; missing-or-ambiguous-model-assignment
21706,Corrupted Fire Elemental,Elementals,303,Fire Elemental,Blocked,70,no-supported-skills
21707,Corrupted Air Elemental,Elementals,301,Air Elemental,Blocked,70,no-supported-skills
21708,Corrupted Earth Elemental,Elementals,302,Earth Elemental,Blocked,70,no-supported-skills
21712,Infinite Chrono-Lord (1),Dragonkin,478,Infinite Drakonid,Blocked,72,protected-rank; no-supported-skills
21721,Enslaved Netherwing Whelp,Dragonkin,,Unassigned,Blocked,69,missing-or-ambiguous-model-assignment
21722,Enslaved Netherwing Drake,Dragonkin,,Unassigned,Blocked,69,protected-npc-vehicle-script; missing-or-ambiguous-model-assignment
21728,Skettis Surger,Elementals,304,Water Elemental,Blocked,70,no-supported-skills
21729,Electromental,Elementals,,Unassigned,Blocked,67,missing-or-ambiguous-model-assignment
21730,Alluvion,Elementals,304,Water Elemental,Blocked,72,protected-rank; no-supported-skills
21731,Encased Electromental,Elementals,,Unassigned,Blocked,67,missing-or-ambiguous-model-assignment
21735,Infernal Oversoul,Demons,303,Fire Elemental,Blocked,68,creature-type-mismatch
21737,Mini-Electromental Flavor,Elementals,,Unassigned,Blocked,67,missing-or-ambiguous-model-assignment
21738,Redeemed Spirit of Air,Elementals,301,Air Elemental,Blocked,70,no-supported-skills
21739,Redeemed Spirit of Earth,Elementals,302,Earth Elemental,Blocked,70,no-supported-skills
21740,Redeemed Spirit of Fire,Elementals,303,Fire Elemental,Blocked,70,no-supported-skills
21741,Redeemed Spirit of Water,Elementals,304,Water Elemental,Blocked,70,no-supported-skills
21757,Big Electromental Flavor,Elementals,,Unassigned,Blocked,67,missing-or-ambiguous-model-assignment
21762,Illidari Tormentor,Demons,135,Succubus,Staged,68,Assignment candidate; profile/build/effect validation pending.
21763,Time-Lost Skettis Worshipper,Undead,,Unassigned,Blocked,71,missing-or-ambiguous-model-assignment
21768,Vagath,Demons,128,Nathrezim,Blocked,70,protected-rank
21776,Illidari Temptress,Demons,135,Succubus,Staged,69,Assignment candidate; profile/build/effect validation pending.
21778,Doctor Gutrick,Undead,,Unassigned,Blocked,69,missing-or-ambiguous-model-assignment
21779,Doctor Maleficus,Undead,,Unassigned,Blocked,69,missing-or-ambiguous-model-assignment
21780,Spawn of Dimensius,Demons,,Unassigned,Blocked,70,missing-or-ambiguous-model-assignment
21784,Ghostrider of Karabor,Undead,,Unassigned,Blocked,70,missing-or-ambiguous-model-assignment
21786,Infernal Attacker (1),Demons,,Unassigned,Blocked,67,missing-or-ambiguous-model-assignment
21787,Time-Lost Skettis High Priest,Undead,,Unassigned,Blocked,71,missing-or-ambiguous-model-assignment
21788,Shadowmoon Zealot,Undead,,Unassigned,Blocked,68,missing-or-ambiguous-model-assignment
21795,Shadowmoon Harbinger,Undead,,Unassigned,Blocked,68,missing-or-ambiguous-model-assignment
21797,Ancient Shadowmoon Spirit,Undead,,Unassigned,Blocked,72,protected-rank; protected-npc-vehicle-script; missing-or-ambiguous-model-assignment
21801,Vhel'kur,Undead,,Unassigned,Blocked,70,protected-rank; missing-or-ambiguous-model-assignment
21808,Illidari Overseer,Demons,134,Satyr,Active,69,Enabled mapping; runtime eligibility still applies.
21811,Wyrmcult Broodling,Dragonkin,402,Black Whelp,Blocked,65,no-supported-skills
21812,Phantom Leotheras,Demons,,Unassigned,Blocked,73,protected-rank; missing-or-ambiguous-model-assignment
21815,Cleric of Karabor,Undead,,Unassigned,Blocked,69,missing-or-ambiguous-model-assignment
21817,Adolescent Nether Drake,Dragonkin,,Unassigned,Blocked,67,protected-npc-vehicle-script; missing-or-ambiguous-model-assignment
21818,Infinite Whelp,Dragonkin,474,Infinite Whelp,Blocked,70,protected-npc-vehicle-script; no-supported-skills
21820,Mature Nether Drake,Dragonkin,,Unassigned,Blocked,67,protected-npc-vehicle-script; missing-or-ambiguous-model-assignment
21821,Proto-Nether Drake,Dragonkin,,Unassigned,Blocked,67,protected-npc-vehicle-script; missing-or-ambiguous-model-assignment
21823,Nihil the Banished,Dragonkin,,Unassigned,Blocked,65,protected-rank; protected-npc-vehicle-script; missing-or-ambiguous-model-assignment
21827,Zandras,Demons,134,Satyr,Active,70,Enabled mapping; runtime eligibility still applies.
21830,Beholder (beige),Demons,131,Observer,Blocked,69,Assignment proposed; server spell definitions missing: 80171
21831,Beholder (blue),Demons,131,Observer,Blocked,69,Assignment proposed; server spell definitions missing: 80171
21832,Beholder (black),Demons,131,Observer,Blocked,69,Assignment proposed; server spell definitions missing: 80171
21833,Beholder (gray),Demons,131,Observer,Blocked,69,Assignment proposed; server spell definitions missing: 80171
21834,Beholder (green),Demons,131,Observer,Blocked,69,Assignment proposed; server spell definitions missing: 80171
21835,Beholder (red),Demons,131,Observer,Blocked,69,Assignment proposed; server spell definitions missing: 80171
21836,Beholder (spittle),Demons,131,Observer,Blocked,69,Assignment proposed; server spell definitions missing: 80171
21837,Summoned Wrath Hound,Demons,,Unassigned,Blocked,69,missing-or-ambiguous-model-assignment
21838,Terokk,Undead,,Unassigned,Blocked,72,protected-rank; missing-or-ambiguous-model-assignment
21845,Leotheras the Blind,Demons,,Unassigned,Blocked,73,protected-rank; missing-or-ambiguous-model-assignment
21847,Fel Guard Hound,Demons,110,Felhunter (reference: Felhound),Blocked,60,protected-npc-vehicle-script
21853,Raven's Wood Ent,Elementals,394,Treant,Blocked,67,no-ability-profile
21857,Inner Demon,Demons,128,Nathrezim,Blocked,70,protected-rank; protected-npc-vehicle-script
21863,Serpentshrine Lurker,Elementals,,Unassigned,Blocked,70,protected-rank; missing-or-ambiguous-model-assignment
21866,Reanimated Spirit,Undead,,Unassigned,Blocked,70,missing-or-ambiguous-model-assignment
21867,Teron Gorefiend,Undead,,Unassigned,Blocked,72,protected-rank; missing-or-ambiguous-model-assignment
21869,Unliving Guardian,Undead,,Unassigned,Blocked,65,missing-or-ambiguous-model-assignment
21870,Unliving Initiate,Undead,,Unassigned,Blocked,65,missing-or-ambiguous-model-assignment
21874,Water Walker Elemental,Elementals,304,Water Elemental,Blocked,71,protected-rank; no-supported-skills
21875,Shadow of Leotheras,Demons,,Unassigned,Blocked,73,protected-rank; missing-or-ambiguous-model-assignment
21878,Felboar,Demons,,Unassigned,Blocked,67,missing-or-ambiguous-model-assignment
21894,Xeleth,Demons,131,Observer,Blocked,70,Assignment proposed; server spell definitions missing: 80171
21908,Spellbound Terrorguard,Demons,106,Doomguard,Active,67,Enabled mapping; runtime eligibility still applies.
21916,Steam Surger (1),Elementals,304,Water Elemental,Blocked,70,no-supported-skills
21917,Tidal Surger (1),Elementals,304,Water Elemental,Blocked,72,protected-rank; no-supported-skills
21923,Terrorguard Protector,Demons,106,Doomguard,Active,68,Enabled mapping; runtime eligibility still applies.
21925,Avatar of Sathal,Demons,136,Shivarra,Active,70,Enabled mapping; runtime eligibility still applies.
21928,Lothros,Demons,128,Nathrezim,Active,70,Enabled mapping; runtime eligibility still applies.
21932,Hydross the Unstable,Elementals,304,Water Elemental,Blocked,63,protected-rank; no-supported-skills
21941,Accursed Apparition,Undead,224,Shade,Active,64,Enabled mapping; runtime eligibility still applies.
21958,Enchanted Elemental,Elementals,304,Water Elemental,Blocked,70,no-supported-skills
21960,Gan'arg Technician,Demons,124,Gan'arg,Active,67,Enabled mapping; runtime eligibility still applies.
21961,Cataclysm Overseer,Demons,106,Doomguard,Blocked,70,protected-rank
21963,Enslaved Doomguard,Demons,106,Doomguard,Active,64,Enabled mapping; runtime eligibility still applies.
21978,Shadowmoon Valley Wildlife,Demons,,Unassigned,Blocked,68,missing-or-ambiguous-model-assignment
22000,Dragonmaw Nether Drake,Dragonkin,499,Netherwing Drake,Active,70,Enabled mapping; runtime eligibility still applies.
22009,Tainted Elemental,Elementals,304,Water Elemental,Blocked,70,no-supported-skills
22022,Arcane Burst,Elementals,,Unassigned,Blocked,67,missing-or-ambiguous-model-assignment
22025,Asghar,Undead,,Unassigned,Blocked,68,missing-or-ambiguous-model-assignment
22027,Nether Drakonid (Black),Dragonkin,502,Netherwing Drakonid,Blocked,1,protected-rank
22028,Nether Drakonid Boss (Purple),Dragonkin,,Unassigned,Blocked,72,protected-rank; missing-or-ambiguous-model-assignment
22029,Nether Drakonid (Purple),Dragonkin,502,Netherwing Drakonid,Blocked,70,protected-rank
22030,Nether Drakonid (Blue),Dragonkin,502,Netherwing Drakonid,Blocked,70,protected-rank
22031,Nether Drakonid (Green),Dragonkin,502,Netherwing Drakonid,Blocked,70,protected-rank
22032,Nether Drakonid Boss (Green),Dragonkin,,Unassigned,Blocked,72,protected-rank; missing-or-ambiguous-model-assignment
22033,Nether Drakonid Boss (Blue),Dragonkin,,Unassigned,Blocked,72,protected-rank; missing-or-ambiguous-model-assignment
22034,Nether Drakonid Boss (Black),Dragonkin,,Unassigned,Blocked,72,protected-rank; missing-or-ambiguous-model-assignment
22035,Pure Spawn of Hydross,Elementals,304,Water Elemental,Blocked,71,protected-rank; no-supported-skills
22036,Tainted Spawn of Hydross,Elementals,304,Water Elemental,Blocked,71,protected-rank; no-supported-skills
22041,Corrupted Spectre[PH],Undead,224,Shade,Active,65,Enabled mapping; runtime eligibility still applies.
22045,Vengeful Husk,Undead,230,Zombie,Active,65,Enabled mapping; runtime eligibility still applies.
22053,Mosswood the Ancient,Elementals,,Unassigned,Blocked,68,protected-npc-vehicle-script; missing-or-ambiguous-model-assignment
22062,Dr. Whitherlimb,Undead,,Unassigned,Blocked,18,protected-rank; missing-or-ambiguous-model-assignment
22064,Stormspire Drake,Dragonkin,,Unassigned,Blocked,70,protected-rank; missing-or-ambiguous-model-assignment
22072,Shadowsworn Drakonid,Dragonkin,502,Netherwing Drakonid,Blocked,70,protected-rank
22074,Illidari Mind Breaker,Demons,131,Observer,Blocked,71,protected-rank; protected-npc-vehicle-script
22075,Illidari Soldier,Demons,,Unassigned,Blocked,70,protected-rank; protected-npc-vehicle-script; missing-or-ambiguous-model-assignment
22095,Infested Root-Walker,Elementals,394,Treant,Blocked,64,no-ability-profile
22106,Ruul's Netherdrake,Dragonkin,,Unassigned,Blocked,70,protected-rank; missing-or-ambiguous-model-assignment
22108,Blackwhelp,Dragonkin,402,Black Whelp,Blocked,68,no-supported-skills
22112,Karynaku,Dragonkin,,Unassigned,Blocked,72,protected-rank; protected-npc-vehicle-script; missing-or-ambiguous-model-assignment
22113,Mordenai,Dragonkin,,Unassigned,Blocked,71,protected-rank; protected-npc-vehicle-script; missing-or-ambiguous-model-assignment
22115,Enraged Earth Shard,Elementals,302,Earth Elemental,Blocked,68,protected-npc-vehicle-script; no-supported-skills
22119,Fathom Lurker,Elementals,,Unassigned,Blocked,71,protected-rank; missing-or-ambiguous-model-assignment
22130,Baron Sablemane's Blackwhelp,Dragonkin,402,Black Whelp,Blocked,68,no-supported-skills
22138,Dark Conclave Ritualist,Undead,,Unassigned,Blocked,67,missing-or-ambiguous-model-assignment
22145,Barrier Hills Felboar [PH] not used,Demons,,Unassigned,Blocked,70,missing-or-ambiguous-model-assignment
22164,Infinite Assassin (1),Dragonkin,,Unassigned,Blocked,70,missing-or-ambiguous-model-assignment
22165,Infinite Chronomancer (1),Dragonkin,480,Infinite Wyrmkin,Blocked,70,no-supported-skills
22166,Infinite Executioner (1),Dragonkin,479,Infinite Scalebane,Blocked,70,"Assignment proposed; server spell definitions missing: 91902, 91904"
22167,Infinite Timereaver (1),Dragonkin,,Unassigned,Blocked,72,protected-rank; missing-or-ambiguous-model-assignment
22168,Infinite Vanquisher (1),Dragonkin,480,Infinite Wyrmkin,Blocked,70,no-supported-skills
22169,Infinite Whelp (1),Dragonkin,474,Infinite Whelp,Blocked,70,no-supported-skills
22170,Rift Keeper (1),Dragonkin,480,Infinite Wyrmkin,Blocked,71,protected-rank; no-supported-skills
22171,Rift Keeper (1),Dragonkin,480,Infinite Wyrmkin,Blocked,71,protected-rank; no-supported-skills
22172,Rift Lord (1),Dragonkin,,Unassigned,Blocked,71,protected-rank; missing-or-ambiguous-model-assignment
22180,Shard-Hide Boar,Demons,,Unassigned,Blocked,70,missing-or-ambiguous-model-assignment
22190,Black Blade Drake [PH],Dragonkin,403,Black Drake,Blocked,50,protected-rank
22192,Giant Black Blade Drake [PH],Dragonkin,403,Black Drake,Blocked,50,protected-rank
22195,Wrath Speaker,Demons,136,Shivarra,Active,70,Enabled mapping; runtime eligibility still applies.
22201,Fear Whisperer,Demons,136,Shivarra,Active,70,Enabled mapping; runtime eligibility still applies.
22202,Nightmare Imp,Demons,115,Imp,Staged,70,Assignment candidate; profile/build/effect validation pending.
22203,Infernal,Demons,118,Infernal,Active,68,Enabled mapping; runtime eligibility still applies.
22204,Fear Fiend,Demons,106,Doomguard,Active,71,Enabled mapping; runtime eligibility still applies.
22215,Treebole,Elementals,,Unassigned,Blocked,70,protected-rank; protected-npc-vehicle-script; missing-or-ambiguous-model-assignment
22218,Insidious Familiar,Demons,116,Fel Imp,Staged,70,Assignment candidate; profile/build/effect validation pending.
22219,Felstorm Motivator,Demons,135,Succubus,Staged,70,Assignment candidate; profile/build/effect validation pending.
22220,Legion War-Hound,Demons,110,Felhunter (reference: Felhound),Staged,70,Assignment candidate; profile/build/effect validation pending.
22221,Felstorm Overseer,Demons,128,Nathrezim,Active,71,Enabled mapping; runtime eligibility still applies.
22226,Koi-Koi Spirit,Undead,,Unassigned,Blocked,67,missing-or-ambiguous-model-assignment
22233,Unsuspecting Leafbeard,Elementals,,Unassigned,Blocked,67,missing-or-ambiguous-model-assignment
22235,Evil Koi-Koi,Undead,,Unassigned,Blocked,67,missing-or-ambiguous-model-assignment
22238,Serpentshrine Tidecaller,Elementals,304,Water Elemental,Blocked,71,protected-rank; no-supported-skills
22244,Unbound Ethereal,Elementals,,Unassigned,Blocked,70,missing-or-ambiguous-model-assignment
22253,Dragonmaw Ascendant,Dragonkin,502,Netherwing Drakonid,Blocked,72,protected-rank
22276,Terror Steed [PH],Demons,130,Dreadsteed,Blocked,71,protected-rank
22281,Galvanoth,Demons,101,Pit Lord,Blocked,72,protected-rank
22283,Eredar Stormbringer,Demons,,Unassigned,Blocked,70,protected-rank; missing-or-ambiguous-model-assignment
22286,Fel Rager,Elementals,303,Fire Elemental,Blocked,70,no-supported-skills
22289,Darkflame Infernal,Demons,118,Infernal,Active,70,Enabled mapping; runtime eligibility still applies.
22290,High Astromancer Solarian Transform Visual,Demons,,Unassigned,Blocked,70,protected-rank; missing-or-ambiguous-model-assignment
22291,Furnace Guard,Demons,126,Felguard,Staged,70,Assignment candidate; profile/build/effect validation pending.
22297,Throne-Guard Highlord,Demons,,Unassigned,Blocked,72,protected-rank; missing-or-ambiguous-model-assignment
22298,Vile Fire-Soul,Elementals,303,Fire Elemental,Blocked,71,no-supported-skills
22301,Throne-Guard Sentinel,Demons,106,Doomguard,Blocked,71,protected-rank
22302,Throne-Guard Champion,Demons,101,Pit Lord,Blocked,72,protected-rank
22303,Throne Hound,Demons,,Unassigned,Blocked,70,protected-rank; missing-or-ambiguous-model-assignment
22304,Mo'arg Extractor,Demons,144,Mo'arg Engineer,Blocked,71,"Assignment proposed; server spell definitions missing: 80183, 80184, 80185"
22307,Rotting Forest-Rager,Elementals,,Unassigned,Blocked,65,missing-or-ambiguous-model-assignment
22309,Crashing Wave-Spirit,Elementals,304,Water Elemental,Blocked,70,no-supported-skills
22310,Storming Wind-Ripper,Elementals,301,Air Elemental,Blocked,70,no-supported-skills
22311,Raging Fire-Soul,Elementals,303,Fire Elemental,Blocked,70,no-supported-skills
22313,Rumbling Earth-Heart,Elementals,302,Earth Elemental,Blocked,70,no-supported-skills
22316,Enslaved Netherwing Drake Kill Credit,Dragonkin,,Unassigned,Blocked,60,missing-or-ambiguous-model-assignment
22319,Living Rock,Elementals,302,Earth Elemental,Blocked,66,no-supported-skills
22323,Incandescent Fel Spark,Elementals,303,Fire Elemental,Blocked,70,no-supported-skills
22325,Nightmare Weaver,Demons,,Unassigned,Blocked,70,protected-rank; missing-or-ambiguous-model-assignment
22327,Terror-Fire Guardian,Demons,106,Doomguard,Active,71,Enabled mapping; runtime eligibility still applies.
22332,Brood of Neltharaku,Dragonkin,,Unassigned,Blocked,69,protected-rank; missing-or-ambiguous-model-assignment
22338,Arcubus Destroyer,Demons,101,Pit Lord,Blocked,68,protected-rank
22345,Twilight Ridge Drakonid [PH],Dragonkin,,Unassigned,Blocked,72,protected-rank; missing-or-ambiguous-model-assignment
22347,Colossus Lurker,Elementals,,Unassigned,Blocked,71,protected-rank; missing-or-ambiguous-model-assignment
22352,Colossus Rager,Elementals,355,Bog Beast,Blocked,70,protected-rank; no-ability-profile
22357,Reth'hedron the Subduer,Demons,,Unassigned,Blocked,73,protected-rank; missing-or-ambiguous-model-assignment
22360,Karynaku Taxi,Dragonkin,,Unassigned,Blocked,72,protected-rank; missing-or-ambiguous-model-assignment
22361,Blacklord Hamarahk,Dragonkin,,Unassigned,Blocked,70,protected-rank; missing-or-ambiguous-model-assignment
22362,Deathshadow Imp,Demons,116,Fel Imp,Staged,70,Assignment candidate; profile/build/effect validation pending.
22369,Dread Relic Thrall,Undead,230,Zombie,Active,60,Enabled mapping; runtime eligibility still applies.
22381,Hathyss the Wicked,Demons,136,Shivarra,Active,65,Enabled mapping; runtime eligibility still applies.
22385,Terrordar the Tormentor,Demons,,Unassigned,Blocked,70,protected-rank; missing-or-ambiguous-model-assignment
22392,Wrath Fiend,Demons,106,Doomguard,Active,71,Enabled mapping; runtime eligibility still applies.
22394,Deathshadow Hound,Demons,105,Darkhound,Active,70,Enabled mapping; runtime eligibility still applies.
22408,Furious Nether-wraith,Elementals,,Unassigned,Blocked,70,missing-or-ambiguous-model-assignment
22409,ZZZ - Dan Reed Test,Demons,,Unassigned,Blocked,70,protected-rank; missing-or-ambiguous-model-assignment
22441,Teribus the Cursed,Undead,,Unassigned,Blocked,65,protected-rank; missing-or-ambiguous-model-assignment
22452,Reanimated Exarch,Undead,,Unassigned,Blocked,65,missing-or-ambiguous-model-assignment
22454,Fel Spirit,Undead,,Unassigned,Blocked,61,missing-or-ambiguous-model-assignment
22474,Unstable Fel-Imp,Demons,116,Fel Imp,Staged,68,Assignment candidate; profile/build/effect validation pending.
22475,Unstable Fel-Imp Transform,Demons,116,Fel Imp,Staged,68,Assignment candidate; profile/build/effect validation pending.
22478,Evergrove Ancient,Elementals,,Unassigned,Blocked,68,missing-or-ambiguous-model-assignment
22496,Sabellian,Dragonkin,,Unassigned,Blocked,71,protected-rank; missing-or-ambiguous-model-assignment
22499,Lesser Wrath Hound,Demons,,Unassigned,Blocked,68,missing-or-ambiguous-model-assignment
22500,Void Hound,Demons,140,Void Terror,Blocked,67,Assignment proposed; server spell definitions missing: 80180
22501,Void Hound Transform,Demons,140,Void Terror,Blocked,67,Assignment proposed; server spell definitions missing: 80180
22553,Furis (1),Demons,129,Felsteed,Blocked,1,"Assignment proposed; server spell definitions missing: 80166, 80167, 891894"
22629,Lokholar the Ice Lord (1),Elementals,302,Earth Elemental,Blocked,71,protected-rank; protected-npc-vehicle-script; no-supported-skills
22701,Lieutenant Grummus (1),Undead,203,Abomination,Blocked,69,protected-rank
22706,Lieutenant Murp <old> (1),Undead,203,Abomination,Blocked,69,protected-rank
22728,Blizzard Elemental (1),Elementals,301,Air Elemental,Blocked,1,protected-rank; no-supported-skills
22825,Matron Li-sahar,Demons,136,Shivarra,Blocked,72,protected-rank
22827,Gorgolon the All-seeing,Demons,131,Observer,Blocked,72,protected-rank
22828,Trelopades,Demons,101,Pit Lord,Blocked,72,protected-rank
22848,Storm Fury,Elementals,301,Air Elemental,Blocked,70,protected-rank; no-supported-skills
22852,[UNUSED] Dread Lord,Demons,128,Nathrezim,Blocked,72,protected-rank
22853,Illidari Defiler,Demons,134,Satyr,Blocked,71,protected-rank
22854,[UNUSED] Illidari Felstalker,Demons,110,Felhunter (reference: Felhound),Blocked,71,protected-rank
22855,Illidari Nightlord,Demons,128,Nathrezim,Blocked,72,protected-rank
22857,Illidari Ravager,Demons,126,Felguard,Blocked,70,protected-rank
22858,Shadowhoof Assassin,Demons,134,Satyr,Active,69,Enabled mapping; runtime eligibility still applies.
22859,Shadowhoof Summoner,Demons,134,Satyr,Active,69,Enabled mapping; runtime eligibility still applies.
22860,Illidari Succubus,Demons,135,Succubus,Staged,70,Assignment candidate; profile/build/effect validation pending.
22869,Illidari Boneslicer,Demons,134,Satyr,Blocked,71,protected-rank
22871,Teron Gorefiend,Undead,,Unassigned,Blocked,73,protected-rank; protected-npc-vehicle-script; missing-or-ambiguous-model-assignment
22878,Aqueous Lord,Elementals,304,Water Elemental,Blocked,72,protected-rank; no-supported-skills
22881,Aqueous Surger,Elementals,304,Water Elemental,Blocked,70,protected-rank; no-supported-skills
22883,Aqueous Spawn,Elementals,304,Water Elemental,Blocked,70,protected-rank; no-supported-skills
22898,Supremus,Demons,,Unassigned,Blocked,73,protected-rank; protected-npc-vehicle-script; missing-or-ambiguous-model-assignment
22904,Eye of Illidan,Demons,131,Observer,Blocked,69,Assignment proposed; server spell definitions missing: 80171
22906,Air Elemental Force,Elementals,301,Air Elemental,Blocked,1,no-supported-skills
22907,Fire Elemental Force,Elementals,303,Fire Elemental,Blocked,1,no-supported-skills
22908,Earth Elemental Force,Elementals,302,Earth Elemental,Blocked,1,no-supported-skills
22909,Water Elemental Force,Elementals,304,Water Elemental,Blocked,1,no-supported-skills
22917,Illidan Stormrage,Demons,,Unassigned,Blocked,73,protected-rank; protected-npc-vehicle-script; missing-or-ambiguous-model-assignment
22930,Yor,Demons,140,Void Terror,Blocked,70,protected-rank; protected-npc-vehicle-script
22944,[UNUSED] Illidari Hound [PH],Demons,,Unassigned,Blocked,70,missing-or-ambiguous-model-assignment
22947,Mother Shahraz,Demons,,Unassigned,Blocked,73,protected-rank; protected-npc-vehicle-script; missing-or-ambiguous-model-assignment
22953,Wrathbone Flayer,Undead,,Unassigned,Blocked,71,protected-rank; missing-or-ambiguous-model-assignment
22954,Illidari Fearbringer,Demons,106,Doomguard,Blocked,72,protected-rank
22956,Sister of Pain,Demons,135,Succubus,Blocked,72,protected-rank
22957,Priestess of Dementia,Demons,136,Shivarra,Blocked,72,protected-rank
22962,Priestess of Delight,Demons,136,Shivarra,Blocked,72,protected-rank
22964,Sister of Pleasure,Demons,135,Succubus,Blocked,72,protected-rank
22988,Illidari Shadowlord,Demons,128,Nathrezim,Blocked,71,protected-rank
22997,Flame of Azzinoth,Demons,303,Fire Elemental,Blocked,73,protected-rank; protected-npc-vehicle-script; creature-type-mismatch
23029,Talonsworn Forest-Rager,Elementals,,Unassigned,Blocked,71,protected-rank; missing-or-ambiguous-model-assignment
23031,Armored Nether Drake,Dragonkin,,Unassigned,Blocked,70,missing-or-ambiguous-model-assignment
23044,Karabor Infernal,Demons,118,Infernal,Active,71,Enabled mapping; runtime eligibility still applies.
23055,Felguard Degrader,Demons,126,Felguard,Staged,70,Assignment candidate; profile/build/effect validation pending.
23060,Netherwing Whelp,Dragonkin,,Unassigned,Blocked,1,missing-or-ambiguous-model-assignment
23061,Rivendark,Dragonkin,,Unassigned,Blocked,72,protected-rank; missing-or-ambiguous-model-assignment
23062,Obsidian Consort,Dragonkin,,Unassigned,Blocked,70,protected-rank; missing-or-ambiguous-model-assignment
23066,Talonpriest Ishaal,Undead,,Unassigned,Blocked,71,missing-or-ambiguous-model-assignment
23067,Talonpriest Skizzik,Undead,,Unassigned,Blocked,71,missing-or-ambiguous-model-assignment
23068,Talonpriest Zellek,Undead,,Unassigned,Blocked,71,missing-or-ambiguous-model-assignment
23075,Legion Ring Infernal,Demons,118,Infernal,Active,70,Enabled mapping; runtime eligibility still applies.
23078,Fel Imp Defender,Demons,,Unassigned,Blocked,72,missing-or-ambiguous-model-assignment
23096,Acolyte of Air,Elementals,301,Air Elemental,Blocked,70,no-supported-skills
23097,Acolyte of Water,Elementals,304,Water Elemental,Blocked,70,no-supported-skills
23098,Acolyte of Earth,Elementals,302,Earth Elemental,Blocked,70,no-supported-skills
23099,Acolyte of Fire,Elementals,303,Fire Elemental,Blocked,70,no-supported-skills
23100,Flawless Arcane Elemental,Elementals,,Unassigned,Blocked,70,missing-or-ambiguous-model-assignment
23103,Derek the Undying,Undead,,Unassigned,Blocked,58,protected-npc-vehicle-script; missing-or-ambiguous-model-assignment
23105,Fel Imp Minion Transform,Demons,116,Fel Imp,Staged,1,Assignment candidate; profile/build/effect validation pending.
23109,Vengeful Spirit,Undead,217,Ghost,Blocked,70,protected-rank; protected-npc-vehicle-script; no-ability-profile
23111,Shadowy Construct,Undead,205,Bone Golem,Blocked,70,protected-rank
23113,Doomguard Punisher,Demons,106,Doomguard,Active,71,Enabled mapping; runtime eligibility still applies.
23126,[UNUSED] Boss Teron Gorefiend (Mounted),Undead,,Unassigned,Blocked,73,protected-rank; missing-or-ambiguous-model-assignment
23137,Fel Gorehound Transform,Demons,110,Felhunter (reference: Felhound),Staged,72,Assignment candidate; profile/build/effect validation pending.
23152,Vagath,Demons,128,Nathrezim,Blocked,72,protected-rank
23161,Darkscreecher Akkarai,Undead,,Unassigned,Blocked,72,protected-rank; missing-or-ambiguous-model-assignment
23164,Toranaku,Dragonkin,,Unassigned,Blocked,72,protected-rank; protected-npc-vehicle-script; missing-or-ambiguous-model-assignment
23173,Felhound Defender,Demons,,Unassigned,Blocked,72,missing-or-ambiguous-model-assignment
23174,Crystalfused Miner,Demons,124,Gan'arg,Active,70,Enabled mapping; runtime eligibility still applies.
23187,Enslaved Netherwing Drake,Dragonkin,499,Netherwing Drake,Active,70,Enabled mapping; runtime eligibility still applies.
23192,Ember of Azzinoth,Demons,303,Fire Elemental,Blocked,70,creature-type-mismatch
23193,Lordaeron Citizen (Jesse),Undead,217,Ghost,Blocked,15,no-ability-profile
23195,Illidan Demon Form,Demons,,Unassigned,Blocked,73,protected-rank; missing-or-ambiguous-model-assignment
23199,Gan'arg Underling,Demons,,Unassigned,Blocked,72,missing-or-ambiguous-model-assignment
23203,Gan'arg Minion Transform,Demons,124,Gan'arg,Active,72,Enabled mapping; runtime eligibility still applies.
23204,Vakkiz the Windrager,Undead,,Unassigned,Blocked,72,protected-rank; missing-or-ambiguous-model-assignment
23212,Mo'arg Tormenter,Demons,,Unassigned,Blocked,72,missing-or-ambiguous-model-assignment
23214,Mo'arg Tormenter Transform,Demons,144,Mo'arg Engineer,Blocked,68,"Assignment proposed; server spell definitions missing: 80183, 80184, 80185"
23220,Shivan Assassin,Demons,136,Shivarra,Active,72,Enabled mapping; runtime eligibility still applies.
23227,Eye of Shartuul Transform,Demons,131,Observer,Blocked,69,Assignment proposed; server spell definitions missing: 80171
23230,Shartuul,Demons,,Unassigned,Blocked,73,protected-rank; missing-or-ambiguous-model-assignment
23261,Furywing,Dragonkin,,Unassigned,Blocked,72,protected-rank; missing-or-ambiguous-model-assignment
23275,Dreadmaw,Demons,,Unassigned,Blocked,72,missing-or-ambiguous-model-assignment
23276,[PH]Wrath Hound Transform,Demons,,Unassigned,Blocked,70,missing-or-ambiguous-model-assignment
23281,Insidion,Dragonkin,,Unassigned,Blocked,72,protected-rank; missing-or-ambiguous-model-assignment
23282,Obsidia,Dragonkin,,Unassigned,Blocked,71,protected-rank; missing-or-ambiguous-model-assignment
23283,Lady Sinestra,Dragonkin,,Unassigned,Blocked,73,protected-rank; missing-or-ambiguous-model-assignment
23284,Lady Sinestra,Dragonkin,,Unassigned,Blocked,72,protected-rank; missing-or-ambiguous-model-assignment
23320,Netherwing Ally,Dragonkin,,Unassigned,Blocked,70,missing-or-ambiguous-model-assignment
23337,Illidari Centurion,Demons,126,Felguard,Blocked,72,protected-rank
23339,Illidari Heartseeker,Demons,134,Satyr,Blocked,71,protected-rank
23349,Captain Skybreaker's Nether Drake,Dragonkin,,Unassigned,Blocked,10,missing-or-ambiguous-model-assignment
23353,Braxxus,Demons,,Unassigned,Blocked,72,protected-rank; missing-or-ambiguous-model-assignment
23354,Mo'arg Incinerator,Demons,144,Mo'arg Engineer,Blocked,72,protected-rank
23355,Zarcsin,Demons,106,Doomguard,Blocked,72,protected-rank
23364,Black Dragon Whelpling,Dragonkin,402,Black Whelp,Blocked,1,no-supported-skills
23371,Shadowmoon Fallen,Undead,,Unassigned,Blocked,72,missing-or-ambiguous-model-assignment
23375,Shadow Demon,Demons,131,Observer,Blocked,70,protected-rank
23386,Gan'arg Analyzer,Demons,124,Gan'arg,Active,70,Enabled mapping; runtime eligibility still applies.
23389,Fallen Ally,Undead,225,Skeleton,Blocked,71,protected-rank
23399,Suffering Soul Fragment,Undead,217,Ghost,Blocked,72,protected-rank; no-ability-profile
23401,Hungering Soul Fragment,Undead,217,Ghost,Blocked,72,protected-rank; no-ability-profile
23404,Imp Retainer,Demons,116,Fel Imp,Staged,70,Assignment candidate; profile/build/effect validation pending.
23408,Raven Lord,Undead,,Unassigned,Blocked,1,missing-or-ambiguous-model-assignment
23427,Illidari Lord Balthas,Demons,,Unassigned,Blocked,70,protected-npc-vehicle-script; missing-or-ambiguous-model-assignment
23433,Barthamus,Dragonkin,,Unassigned,Blocked,73,protected-npc-vehicle-script; missing-or-ambiguous-model-assignment
23455,Onyx Netherwing Drake,Dragonkin,499,Netherwing Drake,Active,70,Enabled mapping; runtime eligibility still applies.
23456,Azure Netherwing Drake,Dragonkin,499,Netherwing Drake,Active,70,Enabled mapping; runtime eligibility still applies.
23457,Veridian Netherwing Drake,Dragonkin,499,Netherwing Drake,Active,70,Enabled mapping; runtime eligibility still applies.
23458,Purple Netherwing Drake,Dragonkin,499,Netherwing Drake,Active,70,Enabled mapping; runtime eligibility still applies.
23459,Violet Netherwing Drake,Dragonkin,499,Netherwing Drake,Active,70,Enabled mapping; runtime eligibility still applies.
23460,Cobalt Netherwing Drake,Dragonkin,499,Netherwing Drake,Active,70,Enabled mapping; runtime eligibility still applies.
23461,Suraku,Dragonkin,499,Netherwing Drake,Blocked,70,protected-npc-vehicle-script
23462,Jorus,Dragonkin,499,Netherwing Drake,Blocked,70,protected-npc-vehicle-script
23463,Onyxien,Dragonkin,499,Netherwing Drake,Blocked,70,protected-npc-vehicle-script
23464,Malfas,Dragonkin,499,Netherwing Drake,Blocked,70,protected-npc-vehicle-script
23465,Zoya,Dragonkin,499,Netherwing Drake,Blocked,70,protected-npc-vehicle-script
23466,Voranaku,Dragonkin,499,Netherwing Drake,Blocked,70,protected-npc-vehicle-script
23467,Illidan Stormrage,Demons,,Unassigned,Blocked,73,protected-rank; missing-or-ambiguous-model-assignment
23468,Yarzill Dragon Form,Dragonkin,,Unassigned,Blocked,72,protected-rank; protected-npc-vehicle-script; missing-or-ambiguous-model-assignment
23469,Enslaved Soul,Undead,217,Ghost,Blocked,70,protected-rank; no-ability-profile
23474,Shivan Assassin (Red),Demons,136,Shivarra,Active,72,Enabled mapping; runtime eligibility still applies.
23475,Shivan Assassin (Blue),Demons,136,Shivarra,Active,72,Enabled mapping; runtime eligibility still applies.
23476,Shivan Assassin (Black),Demons,136,Shivarra,Active,72,Enabled mapping; runtime eligibility still applies.
23477,Armored Nether Drake (Black Temple 01),Dragonkin,,Unassigned,Blocked,70,missing-or-ambiguous-model-assignment
23478,Armored Nether Drake (Black Temple 02),Dragonkin,,Unassigned,Blocked,70,missing-or-ambiguous-model-assignment
23498,Parasitic Shadowfiend,Demons,,Unassigned,Blocked,70,protected-npc-vehicle-script; missing-or-ambiguous-model-assignment
23509,Spirit of the Past,Undead,,Unassigned,Blocked,60,missing-or-ambiguous-model-assignment
23526,BurkeTest01,Demons,106,Doomguard,Active,71,Enabled mapping; runtime eligibility still applies.
23536,Nagulon,Demons,126,Felguard,Staged,60,Assignment candidate; profile/build/effect validation pending.
23538,Northrend Red Dragon,Dragonkin,,Unassigned,Blocked,80,missing-or-ambiguous-model-assignment
23539,Northrend Red Drake,Dragonkin,451,Red Drake,Blocked,80,Assignment proposed; server spell definitions missing: 91852
23545,Pumpkin Fiend,Undead,,Unassigned,Blocked,80,missing-or-ambiguous-model-assignment
23554,Risen Spirit,Undead,217,Ghost,Blocked,35,no-ability-profile
23555,Risen Husk,Undead,230,Zombie,Active,35,Enabled mapping; runtime eligibility still applies.
23556,Vrykul Proto-dragon Mount,Dragonkin,,Unassigned,Blocked,71,missing-or-ambiguous-model-assignment
23561,Soldier of the Frozen Wastes,Undead,225,Skeleton,Blocked,80,protected-rank
23562,Unstoppable Abomination,Undead,203,Abomination,Blocked,80,protected-rank
23563,Soul Weaver,Undead,204,Banshee,Blocked,80,protected-rank
23575,Mindless Abomination,Undead,203,Abomination,Blocked,68,protected-rank
23643,Unstable Mur'ghoul,Undead,,Unassigned,Blocked,70,missing-or-ambiguous-model-assignment
23644,Mur'ghoul Flesheater,Undead,,Unassigned,Blocked,71,missing-or-ambiguous-model-assignment
23645,Mur'ghoul Corrupter,Undead,,Unassigned,Blocked,71,missing-or-ambiguous-model-assignment
23680,Plagued Proto-Dragon,Dragonkin,,Unassigned,Blocked,70,missing-or-ambiguous-model-assignment
23687,Scorchscale Drake,Dragonkin,403,Black Drake,Blocked,42,protected-rank
23688,Proto-Whelp,Dragonkin,,Unassigned,Blocked,69,missing-or-ambiguous-model-assignment
23689,Proto-Drake,Dragonkin,,Unassigned,Blocked,70,missing-or-ambiguous-model-assignment
23763,Scarlet Ivy,Elementals,,Unassigned,Blocked,69,missing-or-ambiguous-model-assignment
23786,Stonemaul Spirit,Undead,,Unassigned,Blocked,40,missing-or-ambiguous-model-assignment
23789,Smolderwing,Dragonkin,403,Black Drake,Blocked,41,Assignment proposed; server spell definitions missing: 91836
23861,Restless Apparition,Undead,,Unassigned,Blocked,35,missing-or-ambiguous-model-assignment
23864,Zelfrax,Demons,215,Gargoyle,Blocked,36,creature-type-mismatch
23870,Ember Clutch Ancient,Elementals,,Unassigned,Blocked,75,protected-rank; protected-npc-vehicle-script; missing-or-ambiguous-model-assignment
23874,Thornvine Creeper,Elementals,355,Bog Beast,Blocked,69,no-ability-profile
23876,Spore,Elementals,,Unassigned,Blocked,69,missing-or-ambiguous-model-assignment
23882,Tamed Proto-Whelp,Dragonkin,,Unassigned,Blocked,69,missing-or-ambiguous-model-assignment
23898,UNUSED Reanimated Berserker,Undead,,Unassigned,Blocked,69,missing-or-ambiguous-model-assignment
23904,Sir Thomas,Undead,,Unassigned,Blocked,1,protected-npc-vehicle-script; missing-or-ambiguous-model-assignment
23919,Ice Elemental,Elementals,302,Earth Elemental,Blocked,69,no-supported-skills
23930,Trained Plaguehound,Demons,105,Darkhound,Active,55,Enabled mapping; runtime eligibility still applies.
23935,Val'kyr Watcher,Undead,226,Val'kyr,Blocked,72,no-ability-profile
23939,Fiend,Demons,105,Darkhound,Active,55,Enabled mapping; runtime eligibility still applies.
23943,Hungry Plaguehound,Demons,105,Darkhound,Active,68,Enabled mapping; runtime eligibility still applies.
23953,Prince Keleseth,Undead,,Unassigned,Blocked,72,protected-rank; protected-npc-vehicle-script; missing-or-ambiguous-model-assignment
23969,Firemane Drake,Dragonkin,403,Black Drake,Blocked,63,Assignment proposed; server spell definitions missing: 91836
23970,Vrykul Skeleton,Undead,,Unassigned,Blocked,70,protected-npc-vehicle-script; missing-or-ambiguous-model-assignment
23980,Ingvar the Plunderer,Undead,227,Vargul,Blocked,72,protected-rank; no-ability-profile
23992,Putrid Wight,Undead,228,Wight,Active,70,Enabled mapping; runtime eligibility still applies.
23993,Sepulchral Overseer,Undead,219,Lich,Blocked,71,protected-rank
24013,Deathless Watcher,Undead,215,Gargoyle,Active,70,Enabled mapping; runtime eligibility still applies.
24019,Glacion,Undead,,Unassigned,Blocked,71,protected-rank; missing-or-ambiguous-model-assignment
24020,Riding Horse (Gjalerbron Felsteed) (scale x2),Demons,129,Felsteed,Blocked,1,"Assignment proposed; server spell definitions missing: 80166, 80167, 891894"
24027,Sergeant Gorth,Undead,203,Abomination,Blocked,70,protected-rank; protected-npc-vehicle-script
24029,Wyrmcaller Vile,Undead,227,Vargul,Blocked,71,no-ability-profile
24041,Prince Keleseth,Undead,,Unassigned,Blocked,72,protected-rank; missing-or-ambiguous-model-assignment
24068,Annhylde the Caller,Undead,226,Val'kyr,Blocked,72,protected-rank; no-ability-profile
24072,Proto-Drake Broodmother,Dragonkin,,Unassigned,Blocked,71,protected-rank; missing-or-ambiguous-model-assignment
24073,Fearsome Horror,Undead,,Unassigned,Blocked,70,missing-or-ambiguous-model-assignment
24074,Surveyor,Undead,131,Observer,Blocked,72,creature-type-mismatch
24083,Enslaved Proto-Drake,Dragonkin,,Unassigned,Blocked,70,protected-rank; protected-npc-vehicle-script; missing-or-ambiguous-model-assignment
24084,Tunneling Ghoul,Undead,218,Ghoul,Active,70,Enabled mapping; runtime eligibility still applies.
24105,Proto-Drake Skyguard,Dragonkin,,Unassigned,Blocked,1,protected-rank; missing-or-ambiguous-model-assignment
24118,Val'kyr Observer,Undead,226,Val'kyr,Blocked,72,no-ability-profile
24153,UNUSED Reanimated Oracle,Undead,,Unassigned,Blocked,69,missing-or-ambiguous-model-assignment
24156,Plaguehound Tracker,Demons,105,Darkhound,Blocked,68,protected-npc-vehicle-script
24160,Plagued Proto-Whelp,Dragonkin,,Unassigned,Blocked,69,missing-or-ambiguous-model-assignment
24168,Micah Stonebreaker,Undead,,Unassigned,Blocked,72,missing-or-ambiguous-model-assignment
24177,Decomposing Ghoul,Undead,218,Ghoul,Active,68,Enabled mapping; runtime eligibility still applies.
24207,Army of the Dead Ghoul,Undead,218,Ghoul,Blocked,80,protected-npc-vehicle-script
24228,Iceshard Elemental,Elementals,302,Earth Elemental,Blocked,70,no-supported-skills
24229,Howling Cyclone,Elementals,301,Air Elemental,Blocked,70,no-supported-skills
24235,Cyclothar,Elementals,301,Air Elemental,Blocked,71,no-supported-skills
24237,Vrykul Proto-dragon Mount (White),Dragonkin,,Unassigned,Blocked,71,missing-or-ambiguous-model-assignment
24243,Lord Raadan,Dragonkin,,Unassigned,Blocked,70,protected-rank; missing-or-ambiguous-model-assignment
24244,Gazakroth,Demons,116,Fel Imp,Blocked,70,protected-rank
24245,Fenstalker,Elementals,355,Bog Beast,Blocked,70,protected-rank; no-ability-profile
24246,Darkheart,Undead,217,Ghost,Blocked,70,protected-rank; no-ability-profile
24247,Koragg,Undead,228,Wight,Blocked,70,protected-rank
24248,The Lich King,Undead,,Unassigned,Blocked,83,protected-rank; missing-or-ambiguous-model-assignment
24258,Val'kyr Overseer,Undead,226,Val'kyr,Blocked,72,no-ability-profile
24262,Vrykul Soul,Undead,224,Shade,Active,70,Enabled mapping; runtime eligibility still applies.
24266,"Arthas, Lich King",Undead,,Unassigned,Blocked,83,protected-rank; missing-or-ambiguous-model-assignment
24267,"Arthas, Dark",Undead,,Unassigned,Blocked,83,protected-rank; missing-or-ambiguous-model-assignment
24271,Iron Rune Golem,Elementals,,Unassigned,Blocked,70,missing-or-ambiguous-model-assignment
24272,Val'kyr Watcher,Undead,,Unassigned,Blocked,72,missing-or-ambiguous-model-assignment
24316,Iron Rune Sentinel,Elementals,,Unassigned,Blocked,70,missing-or-ambiguous-model-assignment
24327,Val'kyr Soulclaimer,Undead,226,Val'kyr,Blocked,72,no-ability-profile
24339,Scarlet Growth,Elementals,,Unassigned,Blocked,69,missing-or-ambiguous-model-assignment
24340,Rampaging Earth Elemental,Elementals,302,Earth Elemental,Blocked,69,no-supported-skills
24344,Gjalerbron Skeleton,Undead,225,Skeleton,Active,71,Enabled mapping; runtime eligibility still applies.
24387,Iron Rune Servant,Elementals,,Unassigned,Blocked,70,missing-or-ambiguous-model-assignment
24440,Gjalerbron Gargoyle,Undead,215,Gargoyle,Active,71,Enabled mapping; runtime eligibility still applies.
24446,The Lich King,Undead,,Unassigned,Blocked,83,protected-rank; missing-or-ambiguous-model-assignment
24447,Frostwyrm (Dragonblight),Undead,,Unassigned,Blocked,80,protected-rank; missing-or-ambiguous-model-assignment
24476,Minor Voidwalker,Demons,143,Voidwalker,Staged,35,Assignment candidate; profile/build/effect validation pending.
24485,Servitor Shade,Undead,224,Shade,Active,70,Enabled mapping; runtime eligibility still applies.
24546,Rotgill,Undead,,Unassigned,Blocked,71,missing-or-ambiguous-model-assignment
24555,Garaxxas,Demons,134,Satyr,Blocked,70,protected-rank; protected-npc-vehicle-script
24556,Zelfan,Demons,124,Gan'arg,Blocked,70,protected-rank; protected-npc-vehicle-script
24562,Nerub'ar Invader,Undead,,Unassigned,Blocked,68,missing-or-ambiguous-model-assignment
24563,Nerub'ar Venomspitter,Undead,,Unassigned,Blocked,70,missing-or-ambiguous-model-assignment
24564,Nerub'ar Webfiend,Undead,207,Crypt Fiend,Active,70,Enabled mapping; runtime eligibility still applies.
24566,Nerub'ar Skitterer,Undead,,Unassigned,Blocked,68,missing-or-ambiguous-model-assignment
24597,Coast Surger,Elementals,304,Water Elemental,Blocked,70,no-supported-skills
24598,Tide Surger,Elementals,304,Water Elemental,Blocked,70,no-supported-skills
24599,Greater Tide Surger,Elementals,304,Water Elemental,Blocked,70,no-supported-skills
24600,Steam Ripper,Elementals,301,Air Elemental,Blocked,70,no-supported-skills
24601,Steam Rager,Elementals,224,Shade,Blocked,70,creature-type-mismatch
24602,Living Geyser,Elementals,301,Air Elemental,Blocked,70,no-supported-skills
24603,Living Blizzard,Elementals,301,Air Elemental,Blocked,70,no-supported-skills
24604,Ice Fury,Elementals,301,Air Elemental,Blocked,70,no-supported-skills
24621,Frost Cage Skeleton,Undead,225,Skeleton,Active,70,Enabled mapping; runtime eligibility still applies.
24622,Frost Cage Reaver,Undead,225,Skeleton,Active,70,Enabled mapping; runtime eligibility still applies.
24623,Frosty Bones,Undead,225,Skeleton,Active,70,Enabled mapping; runtime eligibility still applies.
24624,Boralstone Gargoyle,Undead,215,Gargoyle,Active,70,Enabled mapping; runtime eligibility still applies.
24625,Boralstone Skyhunter,Undead,215,Gargoyle,Active,70,Enabled mapping; runtime eligibility still applies.
24626,Scourgesong Shrieker,Undead,204,Banshee,Active,70,Enabled mapping; runtime eligibility still applies.
24627,Scourgesong Wailer,Undead,204,Banshee,Active,70,Enabled mapping; runtime eligibility still applies.
24650,Broken Earth Elemental,Elementals,302,Earth Elemental,Blocked,71,protected-rank; no-supported-skills
24656,Fizzle,Demons,115,Imp,Staged,70,Assignment candidate; profile/build/effect validation pending.
24674,Phoenix,Elementals,,Unassigned,Blocked,70,protected-rank; missing-or-ambiguous-model-assignment
24693,[UNUSED] Arcane Nightmare,Undead,,Unassigned,Blocked,1,protected-rank; missing-or-ambiguous-model-assignment
24695,[UNUSED] Nether Shade,Undead,,Unassigned,Blocked,1,protected-rank; missing-or-ambiguous-model-assignment
24697,Sister of Torment,Demons,135,Succubus,Blocked,71,protected-rank
24699,[UNUSED] Sargeron Trickster,Demons,134,Satyr,Blocked,1,protected-rank
24712,Test Scaling Bony Construct,Undead,205,Bone Golem,Blocked,81,protected-rank
24721,Flying Blue Drake,Dragonkin,,Unassigned,Blocked,72,protected-rank; missing-or-ambiguous-model-assignment
24743,Merciless Nether Drake,Dragonkin,,Unassigned,Blocked,10,missing-or-ambiguous-model-assignment
24744,Vexallus,Elementals,,Unassigned,Blocked,71,protected-rank; protected-npc-vehicle-script; missing-or-ambiguous-model-assignment
24769,Red Dragon Soldier,Dragonkin,,Unassigned,Blocked,80,missing-or-ambiguous-model-assignment
24770,Nexus Watcher,Dragonkin,,Unassigned,Blocked,80,protected-rank; missing-or-ambiguous-model-assignment
24775,Coldarra Red Whelp,Dragonkin,450,Red Whelp,Blocked,23,no-supported-skills
24789,Forlorn Soul,Undead,224,Shade,Active,70,Enabled mapping; runtime eligibility still applies.
24790,Black Conrad's Ghost,Undead,,Unassigned,Blocked,71,missing-or-ambiguous-model-assignment
24795,Surristrasz,Dragonkin,,Unassigned,Blocked,80,protected-rank; protected-npc-vehicle-script; missing-or-ambiguous-model-assignment
24796,Spectral Sailor,Undead,,Unassigned,Blocked,70,missing-or-ambiguous-model-assignment
24798,Grell (Pink),Demons,,Unassigned,Blocked,2,missing-or-ambiguous-model-assignment
24799,Grell (Blue),Demons,,Unassigned,Blocked,2,missing-or-ambiguous-model-assignment
24800,Grell (Blanca),Demons,,Unassigned,Blocked,2,missing-or-ambiguous-model-assignment
24801,Grell (Red),Demons,,Unassigned,Blocked,2,missing-or-ambiguous-model-assignment
24802,Grell (Orange),Demons,,Unassigned,Blocked,2,missing-or-ambiguous-model-assignment
24803,Grell (White),Demons,,Unassigned,Blocked,2,missing-or-ambiguous-model-assignment
24808,Broken Sentinel,Undead,,Unassigned,Blocked,70,protected-rank; missing-or-ambiguous-model-assignment
24814,Headless Horseman's Mount,Undead,,Unassigned,Blocked,70,missing-or-ambiguous-model-assignment
24815,Sunblade Imp,Demons,115,Imp,Staged,70,Assignment candidate; profile/build/effect validation pending.
24844,Kalecgos,Dragonkin,,Unassigned,Blocked,73,protected-rank; missing-or-ambiguous-model-assignment
24850,Kalecgos,Dragonkin,,Unassigned,Blocked,73,protected-rank; protected-npc-vehicle-script; missing-or-ambiguous-model-assignment
24859,Superheated Elemental,Elementals,301,Air Elemental,Blocked,70,no-supported-skills
24871,Risen Vrykul Ancestor,Undead,,Unassigned,Blocked,69,missing-or-ambiguous-model-assignment
24872,Blood Shade,Undead,224,Shade,Active,69,Enabled mapping; runtime eligibility still applies.
24874,Fengir the Disgraced,Undead,,Unassigned,Blocked,71,missing-or-ambiguous-model-assignment
24875,Windan of the Kvaldir,Undead,,Unassigned,Blocked,71,missing-or-ambiguous-model-assignment
24876,Rodin the Reckless,Undead,,Unassigned,Blocked,71,missing-or-ambiguous-model-assignment
24877,Isuldof Iceheart,Undead,,Unassigned,Blocked,71,missing-or-ambiguous-model-assignment
24880,Korf,Undead,,Unassigned,Blocked,70,missing-or-ambiguous-model-assignment
24882,Brutallus,Demons,,Unassigned,Blocked,73,protected-rank; protected-npc-vehicle-script; missing-or-ambiguous-model-assignment
24891,Kalecgos,Dragonkin,,Unassigned,Blocked,73,protected-rank; protected-npc-vehicle-script; missing-or-ambiguous-model-assignment
24892,Sathrovarr the Corruptor,Demons,128,Nathrezim,Blocked,73,protected-rank; protected-npc-vehicle-script
24895,Madrigosa,Dragonkin,,Unassigned,Blocked,73,protected-rank; protected-npc-vehicle-script; missing-or-ambiguous-model-assignment
24916,Living Flare,Elementals,,Unassigned,Blocked,70,missing-or-ambiguous-model-assignment
24919,Wrath Herald,Demons,123,Wrathguard,Active,69,Enabled mapping; runtime eligibility still applies.
24933,Suspended Terrorguard,Demons,106,Doomguard,Active,70,Enabled mapping; runtime eligibility still applies.
24958,Unstable Living Flare,Elementals,,Unassigned,Blocked,70,missing-or-ambiguous-model-assignment
24999,Irespeaker,Demons,136,Shivarra,Active,70,Enabled mapping; runtime eligibility still applies.
25000,Abyss Creature,Demons,119,Abyssal,Staged,70,Assignment candidate; profile/build/effect validation pending.
25001,Abyssal Flamewalker,Demons,,Unassigned,Blocked,70,missing-or-ambiguous-model-assignment
25002,Unleashed Hellion,Demons,106,Doomguard,Active,70,Enabled mapping; runtime eligibility still applies.
25003,Emissary of Hate,Demons,123,Wrathguard,Active,72,Enabled mapping; runtime eligibility still applies.
25004,Emissary of Despair,Demons,123,Wrathguard,Active,70,Enabled mapping; runtime eligibility still applies.
25005,Emissary of Dread,Demons,123,Wrathguard,Active,71,Enabled mapping; runtime eligibility still applies.
25008,Abyssal Flamewalker (Display),Demons,119,Abyssal,Staged,70,Assignment candidate; profile/build/effect validation pending.
25027,Frenzied Ghoul,Undead,218,Ghoul,Active,69,Enabled mapping; runtime eligibility still applies.
25028,Skeletal Ravager,Undead,225,Skeleton,Active,69,Enabled mapping; runtime eligibility still applies.
25030,Wrath Enforcer,Demons,123,Wrathguard,Active,69,Enabled mapping; runtime eligibility still applies.
25031,Pit Overlord,Demons,101,Pit Lord,Blocked,71,protected-rank
25033,Eredar Sorcerer,Demons,,Unassigned,Blocked,70,protected-rank; missing-or-ambiguous-model-assignment
25038,Felmyst,Undead,,Unassigned,Blocked,73,protected-rank; protected-npc-vehicle-script; missing-or-ambiguous-model-assignment
25040,Greater Water Elemental,Elementals,304,Water Elemental,Blocked,59,protected-rank; no-supported-skills
25041,Felmyst Visual,Undead,,Unassigned,Blocked,70,protected-rank; missing-or-ambiguous-model-assignment
25158,Brutallus,Demons,,Unassigned,Blocked,73,protected-rank; missing-or-ambiguous-model-assignment
25160,Madrigosa,Dragonkin,,Unassigned,Blocked,73,protected-rank; missing-or-ambiguous-model-assignment
25165,Lady Sacrolash,Demons,,Unassigned,Blocked,73,protected-rank; protected-npc-vehicle-script; missing-or-ambiguous-model-assignment
25166,Grand Warlock Alythess,Demons,,Unassigned,Blocked,73,protected-rank; protected-npc-vehicle-script; missing-or-ambiguous-model-assignment
25182,Corlok's Enslaved Netherwing Drake,Dragonkin,499,Netherwing Drake,Active,71,Enabled mapping; runtime eligibility still applies.
25193,Ruul's Nether Drake,Dragonkin,,Unassigned,Blocked,10,missing-or-ambiguous-model-assignment
25214,Shadow Image,Demons,,Unassigned,Blocked,70,protected-rank; missing-or-ambiguous-model-assignment
25224,Vengeful Kvaldir Spirit,Undead,,Unassigned,Blocked,70,missing-or-ambiguous-model-assignment
25226,Scalder,Elementals,304,Water Elemental,Blocked,71,no-supported-skills
25227,Crypt Crawler,Undead,207,Crypt Fiend,Active,68,Enabled mapping; runtime eligibility still applies.
25228,Risen Crypt Lord,Undead,208,Crypt Lord,Active,69,Enabled mapping; runtime eligibility still applies.
25268,Unyielding Dead,Undead,,Unassigned,Blocked,70,protected-rank; missing-or-ambiguous-model-assignment
25294,Nerub'ar Web Lord,Undead,208,Crypt Lord,Active,69,Enabled mapping; runtime eligibility still applies.
25296,Nerub'ar Larva,Undead,,Unassigned,Blocked,68,missing-or-ambiguous-model-assignment
25315,Kil'jaeden,Demons,,Unassigned,Blocked,73,protected-rank; protected-npc-vehicle-script; missing-or-ambiguous-model-assignment
25319,Kalecgos,Dragonkin,,Unassigned,Blocked,73,protected-rank; protected-npc-vehicle-script; missing-or-ambiguous-model-assignment
25330,Nerub'ar Behemoth,Undead,208,Crypt Lord,Blocked,80,protected-rank
25331,Nerub'ar Destroyer,Undead,,Unassigned,Blocked,71,missing-or-ambiguous-model-assignment
25332,Stitched Warsong Horror,Undead,203,Abomination,Blocked,73,"Assignment proposed; server spell definitions missing: 80186, 80190"
25333,Undying Aggressor,Undead,225,Skeleton,Active,68,Enabled mapping; runtime eligibility still applies.
25350,Risen Longrunner,Undead,,Unassigned,Blocked,69,missing-or-ambiguous-model-assignment
25351,Ghostly Sage,Undead,,Unassigned,Blocked,69,missing-or-ambiguous-model-assignment
25352,Scourge Overlord,Undead,219,Lich,Blocked,78,protected-rank
25355,Beryl Hound,Demons,,Unassigned,Blocked,69,missing-or-ambiguous-model-assignment
25359,Force-Commander Steeljaw,Undead,,Unassigned,Blocked,71,protected-rank; missing-or-ambiguous-model-assignment
25364,Red Guardian Drake,Dragonkin,451,Red Drake,Blocked,80,Assignment proposed; server spell definitions missing: 91852
25365,(PH) Dreadweave Spinner,Undead,,Unassigned,Blocked,68,missing-or-ambiguous-model-assignment
25366,(PH) DEPRECATED,Undead,,Unassigned,Blocked,68,missing-or-ambiguous-model-assignment
25375,Giant Scarab,Undead,,Unassigned,Blocked,49,missing-or-ambiguous-model-assignment
25376,Imperean,Elementals,301,Air Elemental,Blocked,72,protected-rank; protected-npc-vehicle-script; no-supported-skills
25377,Brittle Skeleton,Undead,225,Skeleton,Blocked,71,protected-rank
25382,Nerub'ar Proxy,Undead,207,Crypt Fiend,Active,69,Enabled mapping; runtime eligibility still applies.
25383,En'kilah Abomination,Undead,203,Abomination,Blocked,71,"Assignment proposed; server spell definitions missing: 80186, 80190"
25386,En'kilah Crypt Fiend,Undead,207,Crypt Fiend,Active,70,Enabled mapping; runtime eligibility still applies.
25387,En'kilah Gargoyle,Undead,215,Gargoyle,Active,71,Enabled mapping; runtime eligibility still applies.
25393,En'kilah Ghoul,Undead,218,Ghoul,Active,70,Enabled mapping; runtime eligibility still applies.
25396,Naxxanar Skeletal Mage,Undead,233,Skeletal Mage,Active,72,Enabled mapping; runtime eligibility still applies.
25415,Enraged Tempest,Elementals,301,Air Elemental,Blocked,70,no-supported-skills
25416,Simmer,Elementals,303,Fire Elemental,Blocked,72,no-supported-skills
25417,Raging Boiler,Elementals,303,Fire Elemental,Blocked,69,no-supported-skills
25418,Churn,Elementals,304,Water Elemental,Blocked,71,no-supported-skills
25419,Boiling Spirit,Elementals,304,Water Elemental,Blocked,69,no-supported-skills
25445,Nerub'ar Corpse Harvester,Undead,,Unassigned,Blocked,68,missing-or-ambiguous-model-assignment
25448,Curator Insivius,Dragonkin,,Unassigned,Blocked,72,missing-or-ambiguous-model-assignment
25451,Nerub'ar Sky Darkener,Undead,,Unassigned,Blocked,70,missing-or-ambiguous-model-assignment
25452,Scourged Mammoth,Undead,,Unassigned,Blocked,70,missing-or-ambiguous-model-assignment
25453,Ith'rix the Harvester,Undead,,Unassigned,Blocked,75,protected-rank; missing-or-ambiguous-model-assignment
25462,The Lich King,Undead,,Unassigned,Blocked,83,protected-rank; protected-npc-vehicle-script; missing-or-ambiguous-model-assignment
25463,Soldier of the Frozen Wastes,Undead,225,Skeleton,Active,68,Enabled mapping; runtime eligibility still applies.
25465,Kel'Thuzad,Undead,,Unassigned,Blocked,83,protected-rank; missing-or-ambiguous-model-assignment
25469,Mindless Aberration,Undead,218,Ghoul,Active,68,Enabled mapping; runtime eligibility still applies.
25500,PattyMacks Flying Dummy,Demons,,Unassigned,Blocked,30,missing-or-ambiguous-model-assignment
25509,Priestess of Torment,Demons,136,Shivarra,Blocked,71,protected-rank
25514,Rocknar,Elementals,302,Earth Elemental,Blocked,71,no-supported-skills
25542,[UNUSED] Arcane Nightmare (1),Undead,,Unassigned,Blocked,1,protected-rank; missing-or-ambiguous-model-assignment
25546,Broken Sentinel (1),Undead,,Unassigned,Blocked,70,protected-rank; missing-or-ambiguous-model-assignment
25553,Fizzle (1),Demons,115,Imp,Staged,70,Assignment candidate; profile/build/effect validation pending.
25555,Garaxxas (1),Demons,134,Satyr,Blocked,70,protected-rank
25559,[UNUSED] Nether Shade (1),Undead,,Unassigned,Blocked,1,protected-rank; missing-or-ambiguous-model-assignment
25561,[UNUSED] Sargeron Trickster (1),Demons,134,Satyr,Blocked,1,protected-rank
25563,Sister of Torment (1),Demons,135,Succubus,Blocked,71,protected-rank
25566,Sunblade Imp (1),Demons,115,Imp,Staged,70,Assignment candidate; profile/build/effect validation pending.
25573,Vexallus (1),Elementals,,Unassigned,Blocked,71,protected-rank; missing-or-ambiguous-model-assignment
25579,Zelfan (1),Demons,124,Gan'arg,Blocked,70,protected-rank
25582,Scourged Flamespitter,Undead,,Unassigned,Blocked,68,missing-or-ambiguous-model-assignment
25585,Beryl Mage Hunter,Dragonkin,,Unassigned,Blocked,69,missing-or-ambiguous-model-assignment
25591,Painbringer,Demons,123,Wrathguard,Blocked,71,protected-rank
25592,Doomfire Destroyer,Demons,119,Abyssal,Blocked,71,protected-rank
25593,Apocalypse Guard,Demons,106,Doomguard,Blocked,71,protected-rank
25595,Chaos Gazer,Demons,131,Observer,Blocked,71,protected-rank
25597,Oblivion Mage,Demons,,Unassigned,Blocked,71,protected-rank; missing-or-ambiguous-model-assignment
25598,Volatile Felfire Fiend,Demons,116,Fel Imp,Blocked,71,protected-rank
25599,Cataclysm Hound,Demons,140,Void Terror,Blocked,71,protected-rank
25600,Unliving Swine,Undead,,Unassigned,Blocked,68,missing-or-ambiguous-model-assignment
25611,Warsong Aberration,Undead,,Unassigned,Blocked,69,missing-or-ambiguous-model-assignment
25619,Nerub'ar Warrior,Undead,,Unassigned,Blocked,70,missing-or-ambiguous-model-assignment
25622,Nerub'ar Tunneler,Undead,,Unassigned,Blocked,70,missing-or-ambiguous-model-assignment
25625,Warsong Aberration,Undead,,Unassigned,Blocked,69,missing-or-ambiguous-model-assignment
25629,Lord Kryxix,Undead,208,Crypt Lord,Active,70,Enabled mapping; runtime eligibility still applies.
25650,Plagued Scavenger,Undead,218,Ghoul,Active,68,Enabled mapping; runtime eligibility still applies.
25652,Nerub'ar Scarab,Undead,,Unassigned,Blocked,1,missing-or-ambiguous-model-assignment
25653,Power of the Blue Flight,Dragonkin,415,Blue Drake,Blocked,70,protected-rank
25655,Bane,Undead,,Unassigned,Blocked,70,protected-rank; missing-or-ambiguous-model-assignment
25660,Festering Ghoul,Undead,218,Ghoul,Active,70,Enabled mapping; runtime eligibility still applies.
25668,Vengeful Taunka Spirit,Undead,,Unassigned,Blocked,70,missing-or-ambiguous-model-assignment
25678,Doctor Razorgrin,Undead,,Unassigned,Blocked,72,missing-or-ambiguous-model-assignment
25682,Lich-Lord Chillwinter,Undead,219,Lich,Active,72,Enabled mapping; runtime eligibility still applies.
25684,Talramas Abomination,Undead,203,Abomination,Blocked,71,"Assignment proposed; server spell definitions missing: 80186, 80190"
25695,Red Drake (Speed Mount),Dragonkin,451,Red Drake,Blocked,50,Assignment proposed; server spell definitions missing: 91852
25707,Magic-bound Ancient,Elementals,,Unassigned,Blocked,71,missing-or-ambiguous-model-assignment
25709,Glacial Ancient,Elementals,,Unassigned,Blocked,71,missing-or-ambiguous-model-assignment
25711,Spirit of the North,Dragonkin,,Unassigned,Blocked,70,missing-or-ambiguous-model-assignment
25712,Warbringer Goredrak,Dragonkin,,Unassigned,Blocked,73,missing-or-ambiguous-model-assignment
25713,Blue Drakonid Supplicant,Dragonkin,,Unassigned,Blocked,71,missing-or-ambiguous-model-assignment
25715,Frozen Elemental,Elementals,302,Earth Elemental,Blocked,70,no-supported-skills
25716,General Cerulean,Dragonkin,,Unassigned,Blocked,73,missing-or-ambiguous-model-assignment
25717,Coldarra Scalesworn,Dragonkin,,Unassigned,Blocked,71,missing-or-ambiguous-model-assignment
25718,Coldarra Mage Slayer,Demons,,Unassigned,Blocked,69,missing-or-ambiguous-model-assignment
25721,Arcane Serpent,Dragonkin,,Unassigned,Blocked,71,missing-or-ambiguous-model-assignment
25722,Coldarra Spellweaver,Dragonkin,,Unassigned,Blocked,71,missing-or-ambiguous-model-assignment
25723,[ph] Coldarra Blue Dragon Patroller,Dragonkin,,Unassigned,Blocked,80,protected-rank; missing-or-ambiguous-model-assignment
25728,Coldarra Wyrmkin,Dragonkin,,Unassigned,Blocked,71,missing-or-ambiguous-model-assignment
25734,[PH] Coldarra Leyliner,Dragonkin,,Unassigned,Blocked,70,missing-or-ambiguous-model-assignment
25740,Ahune,Elementals,,Unassigned,Blocked,82,protected-rank; protected-npc-vehicle-script; missing-or-ambiguous-model-assignment
25742,Alluvius,Elementals,302,Earth Elemental,Blocked,71,no-supported-skills
25755,Ahunite Hailstone,Elementals,302,Earth Elemental,Blocked,80,protected-rank; no-supported-skills
25756,Ahunite Coldwave,Elementals,304,Water Elemental,Blocked,80,no-supported-skills
25757,Ahunite Frostwind,Elementals,301,Air Elemental,Blocked,80,no-supported-skills
25772,Void Sentinel,Demons,,Unassigned,Blocked,70,protected-rank; missing-or-ambiguous-model-assignment
25824,Void Spawn,Demons,143,Voidwalker,Blocked,70,protected-rank
25840,Entropius,Demons,,Unassigned,Blocked,73,protected-rank; protected-npc-vehicle-script; missing-or-ambiguous-model-assignment
25851,Volatile Fiend,Demons,116,Fel Imp,Blocked,71,protected-rank
25860,Blazing Infernal,Demons,118,Infernal,Blocked,70,protected-rank
25864,Felguard Slayer,Demons,126,Felguard,Blocked,1,protected-rank
25865,Frozen Core,Elementals,,Unassigned,Blocked,80,protected-rank; protected-npc-vehicle-script; missing-or-ambiguous-model-assignment
25948,Doomfire Shard,Demons,119,Abyssal,Blocked,71,protected-rank
25956,Chaos Gazer Sunwell,Demons,131,Observer,Blocked,71,protected-rank
25957,Cataclysm Hound Sunwell,Demons,140,Void Terror,Blocked,71,protected-rank
25958,Volatile Felfire Fiend Sunwell,Demons,116,Fel Imp,Blocked,71,protected-rank
25959,Apocalypse Guard Sunwell,Demons,106,Doomguard,Blocked,71,protected-rank
25967,Zephyr,Dragonkin,,Unassigned,Blocked,70,protected-rank; protected-npc-vehicle-script; missing-or-ambiguous-model-assignment
25981,Scourged Footman,Undead,,Unassigned,Blocked,68,missing-or-ambiguous-model-assignment
26045,Storm Tempest,Elementals,301,Air Elemental,Blocked,71,no-supported-skills
26071,Arena Nether Drake,Dragonkin,,Unassigned,Blocked,1,missing-or-ambiguous-model-assignment
26073,High Priest Talet-Kha,Undead,207,Crypt Fiend,Active,72,Enabled mapping; runtime eligibility still applies.
26076,High Priest Naferset,Undead,208,Crypt Lord,Blocked,72,protected-npc-vehicle-script
26088,Red Drake Courier,Dragonkin,451,Red Drake,Blocked,50,Assignment proposed; server spell definitions missing: 91852
26101,Fire Fiend,Demons,116,Fel Imp,Staged,70,Assignment candidate; profile/build/effect validation pending.
26103,Darkfallen Deathblade,Undead,,Unassigned,Blocked,72,missing-or-ambiguous-model-assignment
26115,Darkfallen Bloodbearer,Undead,,Unassigned,Blocked,72,missing-or-ambiguous-model-assignment
26116,Frostwave Lieutenant,Elementals,304,Water Elemental,Blocked,22,no-supported-skills
26117,Raelorasz,Dragonkin,,Unassigned,Blocked,80,protected-rank; protected-npc-vehicle-script; missing-or-ambiguous-model-assignment
26125,Risen Ghoul,Undead,218,Ghoul,Blocked,1,protected-npc-vehicle-script
26126,Bone Warrior,Undead,225,Skeleton,Active,70,Enabled mapping; runtime eligibility still applies.
26127,Nexus Drake Hatchling,Dragonkin,415,Blue Drake,Blocked,72,Assignment proposed; server spell definitions missing: 891893
26165,Damned Taunka Spirit,Undead,,Unassigned,Blocked,70,missing-or-ambiguous-model-assignment
26178,Hailstone Lieutenant,Elementals,302,Earth Elemental,Blocked,32,no-supported-skills
26191,Dusk,Demons,,Unassigned,Blocked,60,protected-npc-vehicle-script; missing-or-ambiguous-model-assignment
26195,En'kilah Unit,Undead,218,Ghoul,Active,70,Enabled mapping; runtime eligibility still applies.
26202,Ziggurat Defender,Undead,,Unassigned,Blocked,70,missing-or-ambiguous-model-assignment
26203,Image of the Lich King,Undead,,Unassigned,Blocked,83,protected-rank; missing-or-ambiguous-model-assignment
26204,Chillwind Lieutenant,Elementals,301,Air Elemental,Blocked,43,no-supported-skills
26206,Keristrasza,Dragonkin,,Unassigned,Blocked,80,protected-rank; protected-npc-vehicle-script; missing-or-ambiguous-model-assignment
26214,Frigid Lieutenant,Elementals,,Unassigned,Blocked,51,missing-or-ambiguous-model-assignment
26215,Glacial Lieutenant,Elementals,,Unassigned,Blocked,60,missing-or-ambiguous-model-assignment
26216,Glacial Templar,Elementals,,Unassigned,Blocked,69,missing-or-ambiguous-model-assignment
26224,Drowned Guardian,Undead,225,Skeleton,Active,69,Enabled mapping; runtime eligibility still applies.
26225,Phylactery Guardian,Undead,224,Shade,Active,71,Enabled mapping; runtime eligibility still applies.
26231,Saragosa,Dragonkin,,Unassigned,Blocked,73,protected-rank; missing-or-ambiguous-model-assignment
26232,Saragosa,Dragonkin,,Unassigned,Blocked,73,missing-or-ambiguous-model-assignment
26237,Keristrasza,Dragonkin,,Unassigned,Blocked,80,protected-rank; missing-or-ambiguous-model-assignment
26250,Scourged Burrower,Undead,,Unassigned,Blocked,68,missing-or-ambiguous-model-assignment
26252,Captain Jacobs,Undead,,Unassigned,Blocked,69,missing-or-ambiguous-model-assignment
26263,Red Dragon Mount,Dragonkin,,Unassigned,Blocked,72,missing-or-ambiguous-model-assignment
26274,[PH] Dragonblight Ancient,Elementals,,Unassigned,Blocked,72,missing-or-ambiguous-model-assignment
26275,[PH] Dragonblight Black Dragon,Dragonkin,,Unassigned,Blocked,72,missing-or-ambiguous-model-assignment
26276,Nexus Guardian,Dragonkin,,Unassigned,Blocked,72,protected-rank; missing-or-ambiguous-model-assignment
26277,Bronze Shrine Warden,Dragonkin,,Unassigned,Blocked,80,protected-rank; missing-or-ambiguous-model-assignment
26278,[PH] Dragonblight Green Dragon,Dragonkin,,Unassigned,Blocked,72,missing-or-ambiguous-model-assignment
26279,Dragonblight Red Dragon,Dragonkin,,Unassigned,Blocked,72,missing-or-ambiguous-model-assignment
26281,Moonrest Stalker,Demons,,Unassigned,Blocked,71,missing-or-ambiguous-model-assignment
26283,Ice Revenant,Elementals,327,Earth Revenant,Active,72,Enabled mapping; runtime eligibility still applies.
26284,Runic Battle Golem,Elementals,,Unassigned,Blocked,73,missing-or-ambiguous-model-assignment
26285,[PH] Dragonblight Elemental Obsidian Dragonshire,Elementals,303,Fire Elemental,Blocked,72,no-supported-skills
26286,Emberwyrm,Undead,,Unassigned,Blocked,75,protected-rank; missing-or-ambiguous-model-assignment
26287,Icestorm,Undead,,Unassigned,Blocked,73,protected-rank; missing-or-ambiguous-model-assignment
26292,[PH] Dragonblight Scourge Carrion Fields,Undead,,Unassigned,Blocked,72,missing-or-ambiguous-model-assignment
26294,[PH] Dragonblight Magma Wyrm,Undead,,Unassigned,Blocked,72,missing-or-ambiguous-model-assignment
26299,Corpse of Saragosa,Dragonkin,,Unassigned,Blocked,73,missing-or-ambiguous-model-assignment
26310,Malygos,Dragonkin,,Unassigned,Blocked,83,protected-rank; missing-or-ambiguous-model-assignment
26313,[PH] Dragonblight Treant,Elementals,394,Treant,Blocked,72,no-ability-profile
26316,Crystalline Ice Elemental,Elementals,302,Earth Elemental,Blocked,73,no-supported-skills
26317,[PH] Dragonblight Scourge Galakrond Rest,Undead,,Unassigned,Blocked,72,missing-or-ambiguous-model-assignment
26318,[PH] Dragonblight Scourge Obsidian Dragonshire,Undead,,Unassigned,Blocked,72,missing-or-ambiguous-model-assignment
26320,[PH] Dragonblight Scourge Ruby Dragonshrine,Undead,,Unassigned,Blocked,72,missing-or-ambiguous-model-assignment
26321,Lothalor Ancient,Elementals,,Unassigned,Blocked,71,protected-rank; missing-or-ambiguous-model-assignment
26322,Arcane Wyrm,Dragonkin,,Unassigned,Blocked,71,missing-or-ambiguous-model-assignment
26333,Corrupted Lothalor Ancient,Elementals,,Unassigned,Blocked,71,protected-rank; missing-or-ambiguous-model-assignment
26336,Indu'le Mystic,Undead,,Unassigned,Blocked,71,missing-or-ambiguous-model-assignment
26338,Ahune (1),Elementals,,Unassigned,Blocked,82,protected-rank; missing-or-ambiguous-model-assignment
26339,Frozen Core (1),Elementals,,Unassigned,Blocked,80,protected-rank; missing-or-ambiguous-model-assignment
26340,Ahunite Coldwave (1),Elementals,304,Water Elemental,Blocked,80,no-supported-skills
26341,Ahunite Frostwind (1),Elementals,301,Air Elemental,Blocked,80,no-supported-skills
26342,Ahunite Hailstone (1),Elementals,302,Earth Elemental,Blocked,80,protected-rank; no-supported-skills
26343,Indu'le Fisherman,Undead,,Unassigned,Blocked,71,missing-or-ambiguous-model-assignment
26344,Indu'le Warrior,Undead,,Unassigned,Blocked,71,missing-or-ambiguous-model-assignment
26347,Runic War Golem,Elementals,,Unassigned,Blocked,74,missing-or-ambiguous-model-assignment
26349,Goramosh,Dragonkin,,Unassigned,Blocked,73,missing-or-ambiguous-model-assignment
26370,Arcanimus,Elementals,,Unassigned,Blocked,73,missing-or-ambiguous-model-assignment
26376,Test - Brutallus Craig,Demons,,Unassigned,Blocked,70,protected-rank; missing-or-ambiguous-model-assignment
26401,Summer Scorchling,Elementals,303,Fire Elemental,Blocked,1,protected-npc-vehicle-script; no-supported-skills
26402,Anub'ar Ambusher,Undead,,Unassigned,Blocked,71,missing-or-ambiguous-model-assignment
26404,Black Skeletal Warhorse,Undead,,Unassigned,Blocked,1,missing-or-ambiguous-model-assignment
26406,The Anvil,Elementals,,Unassigned,Blocked,74,protected-rank; missing-or-ambiguous-model-assignment
26407,Lightning Sentry,Elementals,301,Air Elemental,Blocked,74,no-supported-skills
26413,Anub'ar Dreadweaver,Undead,,Unassigned,Blocked,71,missing-or-ambiguous-model-assignment
26421,Woodlands Walker,Elementals,394,Treant,Blocked,71,protected-npc-vehicle-script; no-ability-profile
26438,Tranquil Air Spirit,Elementals,,Unassigned,Blocked,69,missing-or-ambiguous-model-assignment
26443,Tariolstrasz,Dragonkin,,Unassigned,Blocked,80,protected-rank; protected-npc-vehicle-script; missing-or-ambiguous-model-assignment
26455,Moonrest Highborne,Undead,217,Ghost,Blocked,71,no-ability-profile
26457,Diseased Drakkari,Undead,,Unassigned,Blocked,73,missing-or-ambiguous-model-assignment
26458,Drakkari Plaguebringer,Undead,,Unassigned,Blocked,73,protected-rank; missing-or-ambiguous-model-assignment
26461,Scourge Corpserender,Undead,218,Ghoul,Active,73,Enabled mapping; runtime eligibility still applies.
26475,Magmawyrm,Undead,,Unassigned,Blocked,74,protected-rank; missing-or-ambiguous-model-assignment
26490,[PH] Dragonblight Carrion Field Zombie,Undead,230,Zombie,Active,72,Enabled mapping; runtime eligibility still applies.
26491,[PH] Dragonblight Carrion Field Gargoyle,Undead,215,Gargoyle,Active,72,Enabled mapping; runtime eligibility still applies.
26492,Wastes Digger,Undead,218,Ghoul,Active,72,Enabled mapping; runtime eligibility still applies.
26501,Ethenial Moonshadow,Undead,217,Ghost,Blocked,73,protected-npc-vehicle-script; no-ability-profile
26509,Lucid Test Subject,Undead,,Unassigned,Blocked,70,missing-or-ambiguous-model-assignment
26515,Carrion Ghoul,Undead,218,Ghoul,Active,72,Enabled mapping; runtime eligibility still applies.
26517,Carrion Gargoyle,Undead,215,Gargoyle,Active,72,Enabled mapping; runtime eligibility still applies.
26518,Carrion Abomination,Undead,203,Abomination,Blocked,73,"Assignment proposed; server spell definitions missing: 80186, 80190"
26520,Festival Scorchling,Elementals,303,Fire Elemental,Blocked,1,protected-npc-vehicle-script; no-supported-skills
26526,Scourged Scarlet Footman,Undead,,Unassigned,Blocked,73,missing-or-ambiguous-model-assignment
26527,Chromie,Dragonkin,,Unassigned,Blocked,80,protected-npc-vehicle-script; missing-or-ambiguous-model-assignment
26529,Meathook,Undead,203,Abomination,Blocked,82,protected-rank; protected-npc-vehicle-script
26532,Chrono-Lord Epoch,Dragonkin,478,Infinite Drakonid,Blocked,82,protected-rank; protected-npc-vehicle-script; no-supported-skills
26533,Mal'Ganis,Demons,,Unassigned,Blocked,82,protected-rank; protected-npc-vehicle-script; missing-or-ambiguous-model-assignment
26536,Mindless Servant,Undead,225,Skeleton,Active,78,Enabled mapping; runtime eligibility still applies.
26555,Scourge Hulk,Undead,203,Abomination,Blocked,80,protected-rank
26570,Famished Scourge Troll,Undead,,Unassigned,Blocked,73,missing-or-ambiguous-model-assignment
26573,Lingering Villager,Undead,,Unassigned,Blocked,72,missing-or-ambiguous-model-assignment
26593,Serinar,Dragonkin,,Unassigned,Blocked,75,protected-rank; protected-npc-vehicle-script; missing-or-ambiguous-model-assignment
26605,Anub'ar Underlord,Undead,208,Crypt Lord,Active,71,Enabled mapping; runtime eligibility still applies.
26606,Anub'ar Slayer,Undead,,Unassigned,Blocked,71,missing-or-ambiguous-model-assignment
26607,Anub'ar Blightbeast,Undead,,Unassigned,Blocked,71,missing-or-ambiguous-model-assignment
26608,Under-King Anub'et'kan,Undead,208,Crypt Lord,Blocked,73,protected-rank
26621,Ghoul Tormentor,Undead,218,Ghoul,Blocked,72,protected-rank
26623,Scourge Brute,Undead,225,Skeleton,Blocked,76,protected-rank
26624,Wretched Belcher,Undead,203,Abomination,Blocked,74,protected-rank
26630,Trollgore,Undead,,Unassigned,Blocked,76,protected-rank; protected-npc-vehicle-script; missing-or-ambiguous-model-assignment
26631,Novos the Summoner,Undead,219,Lich,Blocked,76,protected-rank; protected-npc-vehicle-script
26632,The Prophet Tharon'ja,Undead,,Unassigned,Blocked,76,protected-rank; protected-npc-vehicle-script; missing-or-ambiguous-model-assignment
26635,Risen Drakkari Warrior,Undead,,Unassigned,Blocked,74,protected-rank; missing-or-ambiguous-model-assignment
26636,Risen Drakkari Soulmage,Undead,,Unassigned,Blocked,74,protected-rank; missing-or-ambiguous-model-assignment
26637,Risen Drakkari Handler,Undead,,Unassigned,Blocked,75,protected-rank; missing-or-ambiguous-model-assignment
26638,Risen Drakkari Bat Rider,Undead,,Unassigned,Blocked,75,protected-rank; missing-or-ambiguous-model-assignment
26658,Reckless Scavenger,Undead,218,Ghoul,Active,68,Enabled mapping; runtime eligibility still applies.
26668,Svala Sorrowgrave,Undead,226,Val'kyr,Blocked,80,protected-rank; no-ability-profile
26669,Ymirjar Savage,Undead,227,Vargul,Blocked,79,protected-rank; no-ability-profile
26670,Ymirjar Flesh Hunter,Undead,227,Vargul,Blocked,79,protected-rank; no-ability-profile
26676,Anub'ar Invader,Undead,,Unassigned,Blocked,70,missing-or-ambiguous-model-assignment
26690,Ymirjar Warrior,Undead,227,Vargul,Blocked,79,protected-rank; no-ability-profile
26691,Ymirjar Witch Doctor,Undead,227,Vargul,Blocked,79,protected-rank; no-ability-profile
26692,Ymirjar Harpooner,Undead,227,Vargul,Blocked,79,protected-rank; no-ability-profile
26693,Skadi the Ruthless,Undead,,Unassigned,Blocked,80,protected-rank; protected-npc-vehicle-script; missing-or-ambiguous-model-assignment
26694,Ymirjar Dusk Shaman,Undead,227,Vargul,Blocked,79,protected-rank; no-ability-profile
26696,Ymirjar Berserker,Undead,227,Vargul,Blocked,80,protected-rank; no-ability-profile
26702,Scourged Drakkari Oracle,Undead,,Unassigned,Blocked,73,missing-or-ambiguous-model-assignment
26703,Scourged Drakkari Warmonger,Undead,,Unassigned,Blocked,73,missing-or-ambiguous-model-assignment
26716,Azure Warder,Dragonkin,,Unassigned,Blocked,71,protected-rank; missing-or-ambiguous-model-assignment
26722,Azure Magus,Dragonkin,,Unassigned,Blocked,71,protected-rank; missing-or-ambiguous-model-assignment
26723,Keristrasza,Dragonkin,,Unassigned,Blocked,73,protected-rank; protected-npc-vehicle-script; missing-or-ambiguous-model-assignment
26726,Borean Tundra Air Elemental,Elementals,301,Air Elemental,Blocked,70,no-supported-skills
26730,Mage Slayer,Demons,,Unassigned,Blocked,71,protected-rank; missing-or-ambiguous-model-assignment
26734,Azure Enforcer,Dragonkin,,Unassigned,Blocked,71,protected-rank; missing-or-ambiguous-model-assignment
26735,Azure Scale-Binder,Dragonkin,,Unassigned,Blocked,71,protected-rank; missing-or-ambiguous-model-assignment
26736,Azure Skyrazor,Dragonkin,,Unassigned,Blocked,71,protected-rank; missing-or-ambiguous-model-assignment
26737,Crazed Mana-Surge,Elementals,,Unassigned,Blocked,71,protected-rank; missing-or-ambiguous-model-assignment
26746,Crazed Mana-Wraith,Elementals,,Unassigned,Blocked,71,missing-or-ambiguous-model-assignment
26761,Crazed Mana-Wyrm,Elementals,,Unassigned,Blocked,71,protected-rank; missing-or-ambiguous-model-assignment
26763,Anomalus,Elementals,,Unassigned,Blocked,72,protected-rank; protected-npc-vehicle-script; missing-or-ambiguous-model-assignment
26769,Anok'ra the Manipulator,Undead,,Unassigned,Blocked,72,missing-or-ambiguous-model-assignment
26770,Tivax the Breaker,Undead,,Unassigned,Blocked,72,missing-or-ambiguous-model-assignment
26771,Sinok the Shadowrager,Undead,,Unassigned,Blocked,72,missing-or-ambiguous-model-assignment
26782,Crystalline Keeper,Elementals,394,Treant,Blocked,71,protected-rank; no-ability-profile
26791,Scott Keenan,Demons,,Unassigned,Blocked,1,protected-rank; missing-or-ambiguous-model-assignment
26792,Crystalline Protector,Elementals,,Unassigned,Blocked,71,protected-rank; missing-or-ambiguous-model-assignment
26793,Crystalline Frayer,Elementals,,Unassigned,Blocked,71,protected-npc-vehicle-script; missing-or-ambiguous-model-assignment
26794,Ormorok the Tree-Shaper,Elementals,,Unassigned,Blocked,72,protected-rank; protected-npc-vehicle-script; missing-or-ambiguous-model-assignment
26811,Ancient Drakkari Warmonger,Undead,,Unassigned,Blocked,73,missing-or-ambiguous-model-assignment
26812,Ancient Drakkari Soothsayer,Undead,,Unassigned,Blocked,73,missing-or-ambiguous-model-assignment
26830,Risen Drakkari Death Knight,Undead,,Unassigned,Blocked,76,protected-rank; missing-or-ambiguous-model-assignment
26840,[PH] Dragonblight Named Frost Wyrm Horde,Undead,,Unassigned,Blocked,72,protected-rank; missing-or-ambiguous-model-assignment
26841,Reanimated Frost Wyrm,Undead,,Unassigned,Blocked,73,protected-rank; missing-or-ambiguous-model-assignment
26858,Sarathstra,Undead,,Unassigned,Blocked,75,protected-rank; missing-or-ambiguous-model-assignment
26861,King Ymiron,Undead,,Unassigned,Blocked,82,protected-rank; protected-npc-vehicle-script; missing-or-ambiguous-model-assignment
26871,Ancient Drakkari King,Undead,,Unassigned,Blocked,73,missing-or-ambiguous-model-assignment
26891,Undead Miner,Undead,,Unassigned,Blocked,74,missing-or-ambiguous-model-assignment
26893,Grauf,Dragonkin,,Unassigned,Blocked,80,protected-rank; protected-npc-vehicle-script; missing-or-ambiguous-model-assignment
26917,Alexstrasza the Life-Binder,Dragonkin,,Unassigned,Blocked,83,protected-rank; protected-npc-vehicle-script; missing-or-ambiguous-model-assignment
26918,Chaotic Rift,Elementals,,Unassigned,Blocked,71,protected-rank; missing-or-ambiguous-model-assignment
26925,Wyrmrest Temple Drake,Dragonkin,451,Red Drake,Blocked,72,protected-rank
26933,Wyrmrest Guardian,Dragonkin,,Unassigned,Blocked,73,protected-rank; missing-or-ambiguous-model-assignment
26946,Reanimated Drakkari Tribesman,Undead,,Unassigned,Blocked,73,missing-or-ambiguous-model-assignment
26948,Hulking Atrocity,Undead,,Unassigned,Blocked,74,missing-or-ambiguous-model-assignment
26949,Torastrasza,Dragonkin,,Unassigned,Blocked,80,protected-rank; protected-npc-vehicle-script; missing-or-ambiguous-model-assignment
26966,Shadowy Tormentor,Undead,224,Shade,Active,72,Enabled mapping; runtime eligibility still applies.
26967,Frostbrood Slayer,Undead,,Unassigned,Blocked,83,protected-rank; missing-or-ambiguous-model-assignment
26983,Aurastrasza,Dragonkin,,Unassigned,Blocked,75,protected-npc-vehicle-script; missing-or-ambiguous-model-assignment
27018,Shade of Arugal,Undead,,Unassigned,Blocked,75,protected-rank; missing-or-ambiguous-model-assignment
27036,Dreadlord - Metamorphosis (Warlock),Demons,128,Nathrezim,Blocked,72,protected-rank
27059,Plague Zombie,Undead,218,Ghoul,Staged,70,Assignment candidate; profile/build/effect validation pending.
27075,Dun Argol Power Core,Elementals,,Unassigned,Blocked,75,missing-or-ambiguous-model-assignment
27105,Kreug Oathbreaker,Undead,,Unassigned,Blocked,73,protected-rank; missing-or-ambiguous-model-assignment
27122,Overseer Deathgaze,Undead,,Unassigned,Blocked,74,protected-rank; missing-or-ambiguous-model-assignment
27152,Headless Horseman's Mount,Undead,,Unassigned,Blocked,1,missing-or-ambiguous-model-assignment
27153,Headless Horseman's Mount,Undead,,Unassigned,Blocked,1,missing-or-ambiguous-model-assignment
27165,Drained Moonrest Highborne,Undead,217,Ghost,Blocked,70,no-ability-profile
27219,Forsaken Prisoner,Undead,,Unassigned,Blocked,71,missing-or-ambiguous-model-assignment
27220,Forgotten Captain,Undead,,Unassigned,Blocked,72,missing-or-ambiguous-model-assignment
27224,Forgotten Knight,Undead,,Unassigned,Blocked,71,protected-npc-vehicle-script; missing-or-ambiguous-model-assignment
27225,Forgotten Rifleman,Undead,,Unassigned,Blocked,71,protected-npc-vehicle-script; missing-or-ambiguous-model-assignment
27226,Forgotten Peasant,Undead,,Unassigned,Blocked,71,protected-npc-vehicle-script; missing-or-ambiguous-model-assignment
27229,Forgotten Footman,Undead,,Unassigned,Blocked,71,protected-npc-vehicle-script; missing-or-ambiguous-model-assignment
27240,Forgotten Gryphon,Undead,,Unassigned,Blocked,71,missing-or-ambiguous-model-assignment
27241,Risen Gryphon,Undead,,Unassigned,Blocked,71,protected-npc-vehicle-script; missing-or-ambiguous-model-assignment
27254,Emerald Lasher,Elementals,,Unassigned,Blocked,73,missing-or-ambiguous-model-assignment
27255,Nishera the Garden Keeper,Dragonkin,,Unassigned,Blocked,74,protected-rank; protected-npc-vehicle-script; missing-or-ambiguous-model-assignment
27268,Risen Gryphon Rider,Undead,,Unassigned,Blocked,71,protected-rank; missing-or-ambiguous-model-assignment
27270,Rotting Storm Giant,Undead,,Unassigned,Blocked,73,protected-rank; protected-npc-vehicle-script; missing-or-ambiguous-model-assignment
27272,Risen Villager,Undead,,Unassigned,Blocked,70,missing-or-ambiguous-model-assignment
27281,Ritual Channeler,Undead,204,Banshee,Blocked,81,protected-npc-vehicle-script
27282,Buried Prisoner,Undead,,Unassigned,Blocked,71,missing-or-ambiguous-model-assignment
27283,Risen Wintergarde Mage,Undead,233,Skeletal Mage,Active,71,Enabled mapping; runtime eligibility still applies.
27284,Risen Wintergarde Defender,Undead,,Unassigned,Blocked,71,missing-or-ambiguous-model-assignment
27285,Reconstructed Frost Wyrm,Undead,,Unassigned,Blocked,73,protected-rank; missing-or-ambiguous-model-assignment
27286,Dreadbone Invader,Undead,225,Skeleton,Active,72,Enabled mapping; runtime eligibility still applies.
27287,Mindless Wight,Undead,228,Wight,Active,72,Enabled mapping; runtime eligibility still applies.
27288,Death Knight Champion,Undead,,Unassigned,Blocked,72,missing-or-ambiguous-model-assignment
27290,Hungering Dead,Undead,,Unassigned,Blocked,70,missing-or-ambiguous-model-assignment
27292,Flamebringer,Dragonkin,,Unassigned,Blocked,74,protected-rank; protected-npc-vehicle-script; missing-or-ambiguous-model-assignment
27335,Hungering Dead,Undead,,Unassigned,Blocked,70,missing-or-ambiguous-model-assignment
27360,Smoldering Skeleton,Undead,225,Skeleton,Active,73,Enabled mapping; runtime eligibility still applies.
27362,Smoldering Construct,Undead,205,Bone Golem,Active,73,Enabled mapping; runtime eligibility still applies.
27363,Smoldering Geist,Undead,216,Geist,Blocked,73,no-ability-profile
27370,Vengeful Geist,Undead,216,Geist,Blocked,71,no-ability-profile
27374,Unholy Archon,Demons,,Unassigned,Blocked,74,missing-or-ambiguous-model-assignment
27382,Deathbringer Revenant,Elementals,326,Air Revenant,Active,72,Enabled mapping; runtime eligibility still applies.
27383,Thel'zan the Duskbringer,Undead,219,Lich,Blocked,73,protected-rank
27386,Avenging Spirit,Undead,217,Ghost,Blocked,80,no-ability-profile
27395,Typhoon,Elementals,,Unassigned,Blocked,50,missing-or-ambiguous-model-assignment
27400,Forsaken Prisoner,Undead,,Unassigned,Blocked,71,missing-or-ambiguous-model-assignment
27401,Risen Wintergarde Miner,Undead,,Unassigned,Blocked,71,missing-or-ambiguous-model-assignment
27410,Scourge Siegesmith,Undead,,Unassigned,Blocked,72,missing-or-ambiguous-model-assignment
27447,Varos Cloudstrider,Dragonkin,,Unassigned,Blocked,81,protected-rank; protected-npc-vehicle-script; missing-or-ambiguous-model-assignment
27448,Serinar's Presence,Dragonkin,,Unassigned,Blocked,74,missing-or-ambiguous-model-assignment
27465,Forgotten Soul,Undead,217,Ghost,Blocked,71,no-ability-profile
27505,Raised Gryphon,Undead,,Unassigned,Blocked,70,missing-or-ambiguous-model-assignment
27506,Ceristrasz,Dragonkin,,Unassigned,Blocked,75,protected-rank; protected-npc-vehicle-script; missing-or-ambiguous-model-assignment
27510,Shadow of Thel'zan the Duskbringer,Undead,219,Lich,Blocked,73,protected-rank
27513,Covetous Geist,Undead,216,Geist,Blocked,71,no-ability-profile
27530,Ruby Keeper,Dragonkin,,Unassigned,Blocked,74,protected-rank; missing-or-ambiguous-model-assignment
27531,Frigid Abomination Attacker,Undead,203,Abomination,Blocked,73,protected-rank; protected-npc-vehicle-script
27533,Frigid Geist,Undead,216,Geist,Blocked,72,no-ability-profile
27534,Frigid Ghoul,Undead,218,Ghoul,Active,71,Enabled mapping; runtime eligibility still applies.
27542,Ruby Watcher,Dragonkin,451,Red Drake,Blocked,73,protected-rank
27551,Enraged Apparition,Undead,224,Shade,Active,71,Enabled mapping; runtime eligibility still applies.
27552,Reanimated Noble,Undead,230,Zombie,Active,71,Enabled mapping; runtime eligibility still applies.
27556,Mindless Ghoul,Undead,218,Ghoul,Active,69,Enabled mapping; runtime eligibility still applies.
27561,Undead Miner Credit,Undead,,Unassigned,Blocked,1,missing-or-ambiguous-model-assignment
27575,Lord Afrasastrasz,Dragonkin,,Unassigned,Blocked,80,protected-rank; protected-npc-vehicle-script; missing-or-ambiguous-model-assignment
27597,Hulking Corpse,Undead,228,Wight,Blocked,74,protected-rank
27598,Fetid Troll Corpse,Undead,230,Zombie,Active,74,Enabled mapping; runtime eligibility still applies.
27600,Risen Shadowcaster,Undead,233,Skeletal Mage,Active,74,Enabled mapping; runtime eligibility still applies.
27604,Frail Construct,Undead,225,Skeleton,Blocked,71,protected-rank
27605,Colossal Abomination,Undead,203,Abomination,Blocked,76,protected-rank; protected-npc-vehicle-script
27608,Azure Dragon,Dragonkin,,Unassigned,Blocked,73,protected-rank; missing-or-ambiguous-model-assignment
27611,Plague Eruptor,Undead,,Unassigned,Blocked,75,protected-rank; missing-or-ambiguous-model-assignment
27614,Jintha'kalar Necromancer,Undead,,Unassigned,Blocked,73,missing-or-ambiguous-model-assignment
27616,Prince Atherann,Undead,,Unassigned,Blocked,72,protected-rank; missing-or-ambiguous-model-assignment
27618,Prince Keleseth,Undead,,Unassigned,Blocked,72,protected-rank; missing-or-ambiguous-model-assignment
27620,Shade of Arugal,Undead,,Unassigned,Blocked,75,missing-or-ambiguous-model-assignment
27623,Image of the Lich King,Undead,,Unassigned,Blocked,83,protected-rank; missing-or-ambiguous-model-assignment
27624,Prince Theraldis,Undead,,Unassigned,Blocked,72,protected-rank; missing-or-ambiguous-model-assignment
27629,Wyrmrest Defender,Dragonkin,,Unassigned,Blocked,75,protected-rank; protected-npc-vehicle-script; missing-or-ambiguous-model-assignment
27630,[UNUSED] Wrath Gate Crypt Fiend,Undead,207,Crypt Fiend,Blocked,78,protected-rank
27631,Angrathar Aberration,Undead,218,Ghoul,Blocked,76,protected-rank
27633,Azure Inquisitor,Dragonkin,,Unassigned,Blocked,79,protected-rank; missing-or-ambiguous-model-assignment
27635,Azure Spellbinder,Dragonkin,,Unassigned,Blocked,79,protected-rank; missing-or-ambiguous-model-assignment
27636,Azure Ley-Whelp,Dragonkin,414,Blue Whelp,Blocked,79,Assignment proposed; server spell definitions missing: 91762
27637,Vengeful Nether Drake,Dragonkin,,Unassigned,Blocked,10,missing-or-ambiguous-model-assignment
27638,Azure Ring Guardian,Dragonkin,,Unassigned,Blocked,79,protected-rank; missing-or-ambiguous-model-assignment
27643,Temple Caller,Dragonkin,,Unassigned,Blocked,73,protected-rank; missing-or-ambiguous-model-assignment
27650,Phantasmal Air,Elementals,301,Air Elemental,Blocked,79,protected-rank; no-supported-skills
27651,Phantasmal Fire,Elementals,303,Fire Elemental,Blocked,79,protected-rank; no-supported-skills
27653,Phantasmal Water,Elementals,304,Water Elemental,Blocked,79,protected-rank; no-supported-skills
27654,Drakos the Interrogator,Dragonkin,,Unassigned,Blocked,81,protected-rank; protected-npc-vehicle-script; missing-or-ambiguous-model-assignment
27656,Ley-Guardian Eregos,Dragonkin,,Unassigned,Blocked,81,protected-rank; protected-npc-vehicle-script; missing-or-ambiguous-model-assignment
27657,Verdisa,Dragonkin,,Unassigned,Blocked,80,protected-rank; protected-npc-vehicle-script; missing-or-ambiguous-model-assignment
27658,Belgaristrasz,Dragonkin,,Unassigned,Blocked,80,protected-rank; protected-npc-vehicle-script; missing-or-ambiguous-model-assignment
27659,Eternos,Dragonkin,,Unassigned,Blocked,80,protected-rank; protected-npc-vehicle-script; missing-or-ambiguous-model-assignment
27680,Dahlia Suntouch,Undead,204,Banshee,Active,75,Enabled mapping; runtime eligibility still applies.
27682,Azure Drake,Dragonkin,415,Blue Drake,Blocked,72,protected-rank
27683,Remnant of Dahlia Suntouch,Undead,,Unassigned,Blocked,75,missing-or-ambiguous-model-assignment
27685,Frigid Ghoul Attacker,Undead,218,Ghoul,Blocked,71,protected-npc-vehicle-script
27686,Frigid Geist Attacker,Undead,216,Geist,Blocked,72,protected-npc-vehicle-script; no-ability-profile
27690,Wyrmrest Defender,Dragonkin,,Unassigned,Blocked,75,protected-rank; missing-or-ambiguous-model-assignment
27691,Frenzied Gargoyle,Undead,215,Gargoyle,Blocked,76,protected-rank
27692,Emerald Drake,Dragonkin,,Unassigned,Blocked,80,protected-npc-vehicle-script; missing-or-ambiguous-model-assignment
27693,Reconstructed Wyrm,Undead,,Unassigned,Blocked,80,protected-rank; missing-or-ambiguous-model-assignment
27694,Player Skeleton [PH],Undead,225,Skeleton,Active,76,Enabled mapping; runtime eligibility still applies.
27696,The Prophet Tharon'ja,Undead,,Unassigned,Blocked,76,protected-rank; missing-or-ambiguous-model-assignment
27712,Mindless Ghoul,Undead,218,Ghoul,Blocked,70,protected-npc-vehicle-script
27725,Ruby Guardian,Dragonkin,,Unassigned,Blocked,73,protected-rank; missing-or-ambiguous-model-assignment
27729,Enraging Ghoul,Undead,218,Ghoul,Blocked,80,protected-rank
27733,Ghoul Minion,Undead,218,Ghoul,Active,82,Enabled mapping; runtime eligibility still applies.
27734,Crypt Fiend,Undead,207,Crypt Fiend,Blocked,80,protected-rank
27736,Patchwork Construct,Undead,203,Abomination,Blocked,80,protected-rank
27737,Risen Zombie,Undead,230,Zombie,Active,80,Enabled mapping; runtime eligibility still applies.
27742,Infinite Adversary,Dragonkin,479,Infinite Scalebane,Blocked,79,protected-rank
27743,Infinite Hunter,Dragonkin,,Unassigned,Blocked,79,protected-rank; missing-or-ambiguous-model-assignment
27744,Infinite Agent,Dragonkin,480,Infinite Wyrmkin,Blocked,79,protected-rank; no-supported-skills
27755,Amber Drake,Dragonkin,,Unassigned,Blocked,80,protected-npc-vehicle-script; missing-or-ambiguous-model-assignment
27756,Ruby Drake,Dragonkin,,Unassigned,Blocked,80,protected-npc-vehicle-script; missing-or-ambiguous-model-assignment
27763,Vargastrasz,Dragonkin,,Unassigned,Blocked,75,protected-rank; protected-npc-vehicle-script; missing-or-ambiguous-model-assignment
27765,Nalice,Dragonkin,,Unassigned,Blocked,75,protected-rank; protected-npc-vehicle-script; missing-or-ambiguous-model-assignment
27766,Image of Kel'Thuzad,Undead,,Unassigned,Blocked,83,protected-rank; missing-or-ambiguous-model-assignment
27767,Image of Sapphiron,Undead,,Unassigned,Blocked,83,protected-rank; missing-or-ambiguous-model-assignment
27768,Image of Razuvious,Undead,,Unassigned,Blocked,83,protected-rank; missing-or-ambiguous-model-assignment
27769,Image of Gothik,Undead,,Unassigned,Blocked,83,protected-rank; missing-or-ambiguous-model-assignment
27770,Image of Thane Korth'azz,Undead,,Unassigned,Blocked,83,protected-rank; missing-or-ambiguous-model-assignment
27771,Image of Lady Blaumeux,Undead,,Unassigned,Blocked,83,protected-rank; missing-or-ambiguous-model-assignment
27772,Image of Sir Zeliek,Undead,,Unassigned,Blocked,83,protected-rank; missing-or-ambiguous-model-assignment
27773,Image of Patchwerk,Undead,203,Abomination,Blocked,83,protected-rank
27774,Image of Grobbulus,Undead,,Unassigned,Blocked,83,protected-rank; missing-or-ambiguous-model-assignment
27775,Image of Thaddius,Undead,,Unassigned,Blocked,83,protected-rank; missing-or-ambiguous-model-assignment
27776,Image of Anub'rekhan,Undead,208,Crypt Lord,Blocked,83,protected-rank
27777,Image of Faerlina,Undead,,Unassigned,Blocked,83,protected-rank; missing-or-ambiguous-model-assignment
27778,Image of Maexxna,Undead,,Unassigned,Blocked,83,protected-rank; missing-or-ambiguous-model-assignment
27779,Image of Noth,Undead,,Unassigned,Blocked,83,protected-rank; missing-or-ambiguous-model-assignment
27780,Image of Heigan,Undead,,Unassigned,Blocked,83,protected-rank; missing-or-ambiguous-model-assignment
27781,Image of Loatheb,Undead,,Unassigned,Blocked,83,protected-rank; missing-or-ambiguous-model-assignment
27782,Image of Gluth,Undead,,Unassigned,Blocked,83,protected-rank; missing-or-ambiguous-model-assignment
27785,Lord Itharius,Dragonkin,,Unassigned,Blocked,80,protected-rank; protected-npc-vehicle-script; missing-or-ambiguous-model-assignment
27789,Ysera,Dragonkin,,Unassigned,Blocked,83,protected-rank; missing-or-ambiguous-model-assignment
27797,Tattered Abomination,Undead,203,Abomination,Blocked,73,"Assignment proposed; server spell definitions missing: 80186, 80190"
27799,Scourge Technician,Undead,,Unassigned,Blocked,72,missing-or-ambiguous-model-assignment
27800,Leprous Servant,Undead,,Unassigned,Blocked,71,missing-or-ambiguous-model-assignment
27807,Weakened Overseer Deathgaze,Undead,,Unassigned,Blocked,74,missing-or-ambiguous-model-assignment
27808,Turgid the Vile,Undead,203,Abomination,Blocked,74,protected-rank
27809,Weakened Turgid the Vile,Undead,203,Abomination,Blocked,74,"Assignment proposed; server spell definitions missing: 80186, 80190"
27821,Weakened Reanimated Frost Wyrm,Undead,,Unassigned,Blocked,73,missing-or-ambiguous-model-assignment
27822,Scourge Test Subject,Undead,,Unassigned,Blocked,71,missing-or-ambiguous-model-assignment
27823,Naxxramas Dreadguard,Undead,225,Skeleton,Active,72,Enabled mapping; runtime eligibility still applies.
27824,Naxxramas Shade,Undead,224,Shade,Active,72,Enabled mapping; runtime eligibility still applies.
27825,Mausoleum Scourge Proxy,Undead,224,Shade,Active,70,Enabled mapping; runtime eligibility still applies.
27829,Ebon Gargoyle,Undead,215,Gargoyle,Blocked,80,protected-npc-vehicle-script
27835,Dreadbone Construct,Undead,205,Bone Golem,Active,72,Enabled mapping; runtime eligibility still applies.
27836,Wailing Soul,Undead,217,Ghost,Blocked,72,no-ability-profile
27848,Plagued Resident,Undead,218,Ghoul,Active,10,Enabled mapping; runtime eligibility still applies.
27854,Plague Zombie Vehicle - TEST,Undead,228,Wight,Active,70,Enabled mapping; runtime eligibility still applies.
27856,Chromie,Dragonkin,,Unassigned,Blocked,80,protected-rank; protected-npc-vehicle-script; missing-or-ambiguous-model-assignment
27871,Flesheating Ghoul,Undead,218,Ghoul,Blocked,74,protected-rank
27874,Minion of Thel'zan,Undead,218,Ghoul,Active,68,Enabled mapping; runtime eligibility still applies.
27895,"Fire Revenant, Northrend",Elementals,328,Fire Revenant,Blocked,72,no-supported-skills
27896,Infinite Assailant,Dragonkin,479,Infinite Scalebane,Blocked,73,"Assignment proposed; server spell definitions missing: 91902, 91904"
27897,Infinite Destroyer,Dragonkin,478,Infinite Drakonid,Blocked,73,no-supported-skills
27898,Infinite Chrono-Magus,Dragonkin,480,Infinite Wyrmkin,Blocked,73,no-supported-skills
27900,Infinite Timerender,Dragonkin,,Unassigned,Blocked,75,protected-rank; missing-or-ambiguous-model-assignment
27915,Chromie,Dragonkin,,Unassigned,Blocked,80,protected-npc-vehicle-script; missing-or-ambiguous-model-assignment
27925,Nozdormu,Dragonkin,,Unassigned,Blocked,83,protected-rank; missing-or-ambiguous-model-assignment
27935,Ferithos,Dragonkin,,Unassigned,Blocked,72,protected-npc-vehicle-script; missing-or-ambiguous-model-assignment
27936,Pumpkin Soldier,Elementals,,Unassigned,Blocked,70,missing-or-ambiguous-model-assignment
27938,Trizormu,Dragonkin,,Unassigned,Blocked,75,protected-npc-vehicle-script; missing-or-ambiguous-model-assignment
27940,Lethecus,Dragonkin,,Unassigned,Blocked,75,protected-npc-vehicle-script; missing-or-ambiguous-model-assignment
27941,Drakkari Plague Spreader,Undead,,Unassigned,Blocked,73,missing-or-ambiguous-model-assignment
27943,Dalormi,Dragonkin,,Unassigned,Blocked,75,protected-npc-vehicle-script; missing-or-ambiguous-model-assignment
27948,Risera,Dragonkin,,Unassigned,Blocked,70,protected-npc-vehicle-script; missing-or-ambiguous-model-assignment
27950,Demestrasz,Dragonkin,,Unassigned,Blocked,70,protected-npc-vehicle-script; missing-or-ambiguous-model-assignment
27952,Wyrmrest Protector Visual (Red),Dragonkin,,Unassigned,Blocked,76,missing-or-ambiguous-model-assignment
27953,Wyrmrest Protector,Dragonkin,,Unassigned,Blocked,80,protected-rank; missing-or-ambiguous-model-assignment
27954,Wyrmrest Protector Visual (Green),Dragonkin,,Unassigned,Blocked,76,missing-or-ambiguous-model-assignment
27955,Wyrmrest Protector Visual (Bronze),Dragonkin,,Unassigned,Blocked,76,missing-or-ambiguous-model-assignment
27957,Angrathar Geist,Undead,216,Geist,Blocked,71,no-ability-profile
27990,Krasus,Dragonkin,,Unassigned,Blocked,83,protected-rank; protected-npc-vehicle-script; missing-or-ambiguous-model-assignment
27996,Wyrmrest Vanquisher,Dragonkin,,Unassigned,Blocked,74,protected-rank; protected-npc-vehicle-script; missing-or-ambiguous-model-assignment
27998,Ethereal Mutagen - Pet,Elementals,,Unassigned,Blocked,1,missing-or-ambiguous-model-assignment
28000,Ethereal Mutagen - Player,Elementals,,Unassigned,Blocked,1,missing-or-ambiguous-model-assignment
28005,Wastes Scavenger,Undead,218,Ghoul,Active,73,Enabled mapping; runtime eligibility still applies.
28006,Grand Necrolord Antiok,Undead,,Unassigned,Blocked,75,missing-or-ambiguous-model-assignment
28007,Antiok's Mount,Undead,,Unassigned,Blocked,73,protected-rank; missing-or-ambiguous-model-assignment
28012,Image of Belgaristrasz,Dragonkin,,Unassigned,Blocked,80,protected-rank; protected-npc-vehicle-script; missing-or-ambiguous-model-assignment
28014,Transformed Warhorse,Undead,,Unassigned,Blocked,70,missing-or-ambiguous-model-assignment
28018,Thiassi the Lightning Bringer,Undead,,Unassigned,Blocked,73,protected-rank; protected-npc-vehicle-script; missing-or-ambiguous-model-assignment
28021,Wyrmrest Vanquisher (Bones),Dragonkin,,Unassigned,Blocked,74,protected-rank; missing-or-ambiguous-model-assignment
28022,Carrion Eater,Undead,218,Ghoul,Active,75,Enabled mapping; runtime eligibility still applies.
28023,Rotting Abomination,Undead,203,Abomination,Blocked,75,"Assignment proposed; server spell definitions missing: 80186, 80190"
28026,Rampaging Geist,Undead,216,Geist,Blocked,75,no-ability-profile
28069,Sholazar Guardian,Elementals,,Unassigned,Blocked,77,missing-or-ambiguous-model-assignment
28092,The Etymidian,Elementals,,Unassigned,Blocked,80,protected-rank; protected-npc-vehicle-script; missing-or-ambiguous-model-assignment
28101,Blighted Corpse,Undead,,Unassigned,Blocked,76,missing-or-ambiguous-model-assignment
28103,Urgreth of the Thousand Tombs,Undead,,Unassigned,Blocked,80,protected-rank; missing-or-ambiguous-model-assignment
28104,Enraged Skeleton,Undead,225,Skeleton,Active,80,Enabled mapping; runtime eligibility still applies.
28108,Bonescythe Ravager,Undead,205,Bone Golem,Active,75,Enabled mapping; runtime eligibility still applies.
28118,Watery Lord,Elementals,329,Water Revenant,Blocked,76,no-supported-skills
28144,Mindless Aberration (Unkillable),Undead,218,Ghoul,Active,68,Enabled mapping; runtime eligibility still applies.
28153,Snowflake,Elementals,,Unassigned,Blocked,79,missing-or-ambiguous-model-assignment
28158,Withered Argent Footman,Undead,218,Ghoul,Active,75,Enabled mapping; runtime eligibility still applies.
28159,Scourgeheart Drakkari,Undead,,Unassigned,Blocked,75,protected-rank; missing-or-ambiguous-model-assignment
28162,Drakkari Corpse,Undead,,Unassigned,Blocked,75,protected-npc-vehicle-script; missing-or-ambiguous-model-assignment
28170,Frosthowl Screecher,Undead,,Unassigned,Blocked,75,missing-or-ambiguous-model-assignment
28182,Dusk,Demons,,Unassigned,Blocked,80,protected-rank; protected-npc-vehicle-script; missing-or-ambiguous-model-assignment
28194,Prince Tenris Mirkblood,Undead,,Unassigned,Blocked,73,protected-rank; protected-npc-vehicle-script; missing-or-ambiguous-model-assignment
28199,Tomb Stalker,Undead,207,Crypt Fiend,Blocked,79,protected-rank
28201,Bile Golem,Undead,203,Abomination,Blocked,81,protected-rank
28207,Cerberon,Undead,,Unassigned,Blocked,78,protected-rank; missing-or-ambiguous-model-assignment
28208,Hailscorn,Undead,,Unassigned,Blocked,80,protected-rank; missing-or-ambiguous-model-assignment
28211,Glonn,Undead,,Unassigned,Blocked,78,protected-rank; missing-or-ambiguous-model-assignment
28212,Bythius the Flesh-Shaper,Undead,,Unassigned,Blocked,80,protected-rank; missing-or-ambiguous-model-assignment
28218,Snowblind Ghoul,Undead,218,Ghoul,Active,76,Enabled mapping; runtime eligibility still applies.
28220,Frostbitten Corpse,Undead,230,Zombie,Active,76,Enabled mapping; runtime eligibility still applies.
28222,The Etymidian,Elementals,,Unassigned,Blocked,80,protected-rank; protected-npc-vehicle-script; missing-or-ambiguous-model-assignment
28232,Sanguine Spirit,Undead,,Unassigned,Blocked,70,protected-npc-vehicle-script; missing-or-ambiguous-model-assignment
28236,Azure Ring Captain,Dragonkin,415,Blue Drake,Blocked,80,protected-rank
28242,Risen Reaver,Undead,227,Vargul,Blocked,80,protected-rank; no-ability-profile
28243,Thrym,Undead,,Unassigned,Blocked,80,protected-rank; missing-or-ambiguous-model-assignment
28246,Sky Terror,Undead,215,Gargoyle,Blocked,75,protected-npc-vehicle-script
28249,Devouring Ghoul,Undead,218,Ghoul,Blocked,77,protected-rank
28250,Wyrmrest Protector Visual (Black),Dragonkin,,Unassigned,Blocked,76,missing-or-ambiguous-model-assignment
28251,Wyrmrest Protector Visual (Blue),Dragonkin,,Unassigned,Blocked,76,missing-or-ambiguous-model-assignment
28252,Wyrmrest Protector Visual (Nether),Dragonkin,502,Netherwing Drakonid,Blocked,76,"Assignment proposed; server spell definitions missing: 91876, 91878, 91890"
28255,Malas the Corrupter,Undead,,Unassigned,Blocked,76,protected-rank; missing-or-ambiguous-model-assignment
28257,Hath'ar Necromagus,Undead,,Unassigned,Blocked,75,missing-or-ambiguous-model-assignment
28258,Hath'ar Skimmer,Undead,,Unassigned,Blocked,75,missing-or-ambiguous-model-assignment
28268,Scourged Argent Footman,Undead,218,Ghoul,Active,75,Enabled mapping; runtime eligibility still applies.
28270,Jintha'kalar Scourge (PROXY DO NOT SPAWN),Undead,,Unassigned,Blocked,74,missing-or-ambiguous-model-assignment
28271,Glacial Breach Scourge Credit,Elementals,,Unassigned,Blocked,75,missing-or-ambiguous-model-assignment
28276,Greater Ley-Whelp,Dragonkin,414,Blue Whelp,Blocked,79,protected-rank
28278,Ravenous Plaguehound,Undead,,Unassigned,Blocked,74,missing-or-ambiguous-model-assignment
28320,Servant of Freya,Elementals,,Unassigned,Blocked,76,missing-or-ambiguous-model-assignment
28323,Mossy Rampager,Elementals,355,Bog Beast,Blocked,75,no-ability-profile
28349,Risen Vrykul Berserker,Undead,227,Vargul,Blocked,80,no-ability-profile
28350,Risen Vrykul Magus,Undead,227,Vargul,Blocked,80,no-ability-profile
28356,Prince Keleseth,Undead,,Unassigned,Blocked,72,protected-rank; missing-or-ambiguous-model-assignment
28357,Instructor Razuvious,Undead,,Unassigned,Blocked,83,protected-rank; protected-npc-vehicle-script; missing-or-ambiguous-model-assignment
28364,Slim's Test Mage,Undead,,Unassigned,Blocked,80,missing-or-ambiguous-model-assignment
28365,Slim's Test Warlock,Undead,,Unassigned,Blocked,80,missing-or-ambiguous-model-assignment
28369,Burning Skimmer,Undead,,Unassigned,Blocked,75,missing-or-ambiguous-model-assignment
28377,Prince Valanar,Undead,,Unassigned,Blocked,72,protected-rank; protected-npc-vehicle-script; missing-or-ambiguous-model-assignment
28378,Primordial Drake,Dragonkin,,Unassigned,Blocked,76,missing-or-ambiguous-model-assignment
28383,Acherus Necromancer,Undead,,Unassigned,Blocked,70,missing-or-ambiguous-model-assignment
28384,Lesser Air Elemental,Elementals,301,Air Elemental,Blocked,77,no-supported-skills
28387,Zim'Torga Defender,Elementals,302,Earth Elemental,Blocked,76,no-supported-skills
28389,Primordial Hatchling,Dragonkin,,Unassigned,Blocked,76,protected-npc-vehicle-script; missing-or-ambiguous-model-assignment
28395,DK (Human Male),Undead,,Unassigned,Blocked,55,missing-or-ambiguous-model-assignment
28405,Acherus Ghoul,Undead,218,Ghoul,Active,62,Enabled mapping; runtime eligibility still applies.
28406,Death Knight Initiate,Undead,,Unassigned,Blocked,55,protected-npc-vehicle-script; missing-or-ambiguous-model-assignment
28411,Frozen Earth,Elementals,302,Earth Elemental,Blocked,76,no-supported-skills
28412,Hath'ar Broodmaster,Undead,,Unassigned,Blocked,75,missing-or-ambiguous-model-assignment
28414,Drakkari Captive,Undead,,Unassigned,Blocked,75,missing-or-ambiguous-model-assignment
28419,Frenzied Geist,Undead,216,Geist,Blocked,70,no-ability-profile
28420,DK (Human Female),Undead,,Unassigned,Blocked,55,missing-or-ambiguous-model-assignment
28421,DK (Dwarf Female),Undead,,Unassigned,Blocked,55,missing-or-ambiguous-model-assignment
28422,DK (Gnome Female),Undead,,Unassigned,Blocked,55,missing-or-ambiguous-model-assignment
28423,DK (Night Elf Female),Undead,,Unassigned,Blocked,55,missing-or-ambiguous-model-assignment
28424,DK (Draenei Female),Undead,,Unassigned,Blocked,55,missing-or-ambiguous-model-assignment
28425,DK (Dwarf Male),Undead,,Unassigned,Blocked,55,missing-or-ambiguous-model-assignment
28426,DK (Gnome Male),Undead,,Unassigned,Blocked,55,missing-or-ambiguous-model-assignment
28427,DK (Night Elf Male),Undead,,Unassigned,Blocked,55,missing-or-ambiguous-model-assignment
28428,DK (Draenei Male),Undead,,Unassigned,Blocked,55,missing-or-ambiguous-model-assignment
28429,DK (Blood Elf Male),Undead,,Unassigned,Blocked,55,missing-or-ambiguous-model-assignment
28430,DK (Orc Male),Undead,,Unassigned,Blocked,55,missing-or-ambiguous-model-assignment
28431,DK (Forsaken Male),Undead,,Unassigned,Blocked,55,missing-or-ambiguous-model-assignment
28432,DK (Troll Male),Undead,,Unassigned,Blocked,55,missing-or-ambiguous-model-assignment
28433,DK (Tauren Male),Undead,,Unassigned,Blocked,55,missing-or-ambiguous-model-assignment
28434,DK (Blood Elf Female),Undead,,Unassigned,Blocked,55,missing-or-ambiguous-model-assignment
28435,DK (Troll Female),Undead,,Unassigned,Blocked,55,missing-or-ambiguous-model-assignment
28436,DK (Orc Female),Undead,,Unassigned,Blocked,55,missing-or-ambiguous-model-assignment
28437,DK (Forsaken Female),Undead,,Unassigned,Blocked,55,missing-or-ambiguous-model-assignment
28438,DK (Tauren Female),Undead,,Unassigned,Blocked,55,missing-or-ambiguous-model-assignment
28443,Thalgran Blightbringer,Undead,227,Vargul,Blocked,77,protected-rank; no-ability-profile
28444,Highlord Darion Mograine,Undead,,Unassigned,Blocked,83,protected-rank; protected-npc-vehicle-script; missing-or-ambiguous-model-assignment
28445,Baron Rivendare,Undead,,Unassigned,Blocked,83,protected-rank; protected-npc-vehicle-script; missing-or-ambiguous-model-assignment
28446,Fury,Undead,,Unassigned,Blocked,80,protected-rank; missing-or-ambiguous-model-assignment
28447,Koltira Deathweaver,Undead,,Unassigned,Blocked,55,missing-or-ambiguous-model-assignment
28448,Orbaz Bloodbane,Undead,,Unassigned,Blocked,55,missing-or-ambiguous-model-assignment
28449,Thassarian,Undead,,Unassigned,Blocked,55,missing-or-ambiguous-model-assignment
28450,Unbound Charger,Undead,129,Felsteed,Blocked,52,protected-rank; creature-type-mismatch
28452,Elemental Rift,Elementals,,Unassigned,Blocked,77,missing-or-ambiguous-model-assignment
28467,Broodmother Slivina,Dragonkin,,Unassigned,Blocked,77,protected-rank; missing-or-ambiguous-model-assignment
28471,Lady Alistra,Undead,,Unassigned,Blocked,80,protected-rank; protected-npc-vehicle-script; missing-or-ambiguous-model-assignment
28472,Lord Thorval,Undead,,Unassigned,Blocked,80,protected-rank; protected-npc-vehicle-script; missing-or-ambiguous-model-assignment
28474,Amal'thazad,Undead,219,Lich,Blocked,80,protected-rank; protected-npc-vehicle-script
28475,Runebladed Axe,Undead,,Unassigned,Blocked,55,missing-or-ambiguous-model-assignment
28476,Runebladed Sword,Undead,,Unassigned,Blocked,55,missing-or-ambiguous-model-assignment
28487,Val'kyr Battle-maiden,Undead,226,Val'kyr,Blocked,80,protected-rank; no-ability-profile
28488,Coldwraith,Undead,229,Wraith,Blocked,55,no-supported-skills
28498,The Lich King,Undead,,Unassigned,Blocked,83,protected-rank; missing-or-ambiguous-model-assignment
28499,Sindragosa,Undead,,Unassigned,Blocked,83,protected-rank; missing-or-ambiguous-model-assignment
28500,Master Siegesmith Corvus,Undead,,Unassigned,Blocked,80,protected-rank; protected-npc-vehicle-script; missing-or-ambiguous-model-assignment
28503,Overlord Drakuru,Undead,,Unassigned,Blocked,77,protected-rank; protected-npc-vehicle-script; missing-or-ambiguous-model-assignment
28506,Mindless Laborer,Undead,,Unassigned,Blocked,49,missing-or-ambiguous-model-assignment
28510,Scourge Commander Thalanor,Undead,,Unassigned,Blocked,80,protected-rank; protected-npc-vehicle-script; missing-or-ambiguous-model-assignment
28512,Quartermaster Ozorg,Undead,203,Abomination,Blocked,72,"Assignment proposed; server spell definitions missing: 80186, 80190"
28519,Withered Troll,Undead,,Unassigned,Blocked,74,missing-or-ambiguous-model-assignment
28528,Vengeful Ghoul,Undead,218,Ghoul,Active,50,Enabled mapping; runtime eligibility still applies.
28531,Frost Wyrm Mount,Dragonkin,,Unassigned,Blocked,10,missing-or-ambiguous-model-assignment
28534,Val'kyr Battle-maiden,Undead,226,Val'kyr,Blocked,80,protected-rank; protected-npc-vehicle-script; no-ability-profile
28535,Wants Orange,Demons,,Unassigned,Blocked,70,missing-or-ambiguous-model-assignment
28536,Wants Papaya,Demons,,Unassigned,Blocked,70,missing-or-ambiguous-model-assignment
28537,Wants Banana,Demons,,Unassigned,Blocked,70,protected-npc-vehicle-script; missing-or-ambiguous-model-assignment
28539,Steaming Valve,Demons,,Unassigned,Blocked,70,missing-or-ambiguous-model-assignment
28540,Wants Fire,Demons,,Unassigned,Blocked,70,missing-or-ambiguous-model-assignment
28546,Ionar,Elementals,326,Air Revenant,Blocked,81,protected-rank; protected-npc-vehicle-script
28547,Storming Vortex,Elementals,301,Air Elemental,Blocked,80,protected-rank; no-supported-skills
28564,Putrid Abomination,Undead,203,Abomination,Blocked,74,"Assignment proposed; server spell definitions missing: 80186, 80190"
28565,Decaying Ghoul,Undead,218,Ghoul,Active,75,Enabled mapping; runtime eligibility still applies.
28570,Scourge Disguise,Undead,218,Ghoul,Active,75,Enabled mapping; runtime eligibility still applies.
28583,Blistering Steamrager,Elementals,224,Shade,Blocked,79,protected-rank; creature-type-mismatch
28584,Unbound Firestorm,Elementals,328,Fire Revenant,Blocked,79,protected-rank; no-supported-skills
28585,Slag,Elementals,302,Earth Elemental,Blocked,79,no-supported-skills
28589,Gristlegut,Undead,203,Abomination,Blocked,74,protected-npc-vehicle-script
28590,Corpse Explosion Rubble,Undead,,Unassigned,Blocked,59,protected-rank; missing-or-ambiguous-model-assignment
28597,Guardian of Zim'Rhuk,Elementals,,Unassigned,Blocked,76,protected-rank; missing-or-ambiguous-model-assignment
28599,Plagueroach,Undead,,Unassigned,Blocked,74,missing-or-ambiguous-model-assignment
28603,Blightguard,Undead,224,Shade,Active,74,Enabled mapping; runtime eligibility still applies.
28615,Baneflight,Undead,218,Ghoul,Blocked,75,protected-rank; protected-npc-vehicle-script
28628,Slim's Test Priest,Undead,,Unassigned,Blocked,80,missing-or-ambiguous-model-assignment
28641,Blighted Corpse,Undead,,Unassigned,Blocked,76,missing-or-ambiguous-model-assignment
28642,Scourge Sky Darkener,Undead,,Unassigned,Blocked,55,missing-or-ambiguous-model-assignment
28647,Orithos the Sky Darkener,Undead,,Unassigned,Blocked,80,protected-npc-vehicle-script; missing-or-ambiguous-model-assignment
28651,Abominable Messenger,Undead,203,Abomination,Blocked,65,"Assignment proposed; server spell definitions missing: 80186, 80190"
28653,Salanar the Horseman,Undead,,Unassigned,Blocked,80,protected-rank; protected-npc-vehicle-script; missing-or-ambiguous-model-assignment
28654,Dark Rider of Acherus,Undead,,Unassigned,Blocked,55,missing-or-ambiguous-model-assignment
28657,Caged Geist,Undead,216,Geist,Blocked,72,no-ability-profile
28658,Gothik the Harvester,Undead,,Unassigned,Blocked,80,protected-rank; protected-npc-vehicle-script; missing-or-ambiguous-model-assignment
28659,Artruis the Heartless,Undead,219,Lich,Blocked,77,protected-rank
28666,Gorebag,Undead,216,Geist,Blocked,75,protected-npc-vehicle-script; no-ability-profile
28669,Flying Fiend,Undead,215,Gargoyle,Blocked,75,protected-npc-vehicle-script
28670,Frostbrood Vanquisher,Undead,,Unassigned,Blocked,62,protected-rank; protected-npc-vehicle-script; missing-or-ambiguous-model-assignment
28681,Brittle Golem,Elementals,,Unassigned,Blocked,1,missing-or-ambiguous-model-assignment
28684,Krik'thir the Gatewatcher,Undead,,Unassigned,Blocked,74,protected-rank; protected-npc-vehicle-script; missing-or-ambiguous-model-assignment
28695,Molten Golem,Elementals,,Unassigned,Blocked,80,protected-npc-vehicle-script; missing-or-ambiguous-model-assignment
28711,Undead Eagle,Undead,,Unassigned,Blocked,1,missing-or-ambiguous-model-assignment
28729,Watcher Narjil,Undead,,Unassigned,Blocked,74,protected-rank; missing-or-ambiguous-model-assignment
28730,Watcher Gashra,Undead,,Unassigned,Blocked,74,protected-rank; missing-or-ambiguous-model-assignment
28731,Watcher Silthik,Undead,,Unassigned,Blocked,74,protected-rank; missing-or-ambiguous-model-assignment
28732,Anub'ar Warrior,Undead,,Unassigned,Blocked,72,protected-rank; missing-or-ambiguous-model-assignment
28733,Anub'ar Shadowcaster,Undead,,Unassigned,Blocked,72,protected-rank; missing-or-ambiguous-model-assignment
28734,Anub'ar Skirmisher,Undead,,Unassigned,Blocked,72,protected-rank; missing-or-ambiguous-model-assignment
28735,Skittering Swarmer,Undead,,Unassigned,Blocked,72,protected-rank; missing-or-ambiguous-model-assignment
28736,Skittering Infector,Undead,,Unassigned,Blocked,72,missing-or-ambiguous-model-assignment
28745,Alarmed Blightguard,Undead,224,Shade,Active,74,Enabled mapping; runtime eligibility still applies.
28747,Quetz'lun Worshipper,Undead,,Unassigned,Blocked,76,missing-or-ambiguous-model-assignment
28748,Serpent-Touched Berserker,Undead,,Unassigned,Blocked,76,missing-or-ambiguous-model-assignment
28749,Frostrock Gargoyle (UNUSED),Undead,215,Gargoyle,Active,75,Enabled mapping; runtime eligibility still applies.
28750,Blight Geist,Undead,216,Geist,Blocked,74,no-ability-profile
28752,High Priest Mu'funu,Undead,,Unassigned,Blocked,77,missing-or-ambiguous-model-assignment
28754,High Priestess Tua-Tua,Undead,,Unassigned,Blocked,77,missing-or-ambiguous-model-assignment
28756,High Priest Hawinni,Undead,,Unassigned,Blocked,77,missing-or-ambiguous-model-assignment
28759,Flying Fiend,Undead,215,Gargoyle,Active,75,Enabled mapping; runtime eligibility still applies.
28760,Hargus the Gimp,Undead,216,Geist,Blocked,72,protected-npc-vehicle-script; no-ability-profile
28768,Dark Rider of Acherus,Undead,,Unassigned,Blocked,55,missing-or-ambiguous-model-assignment
28769,Shadowy Tormentor,Undead,224,Shade,Active,54,Enabled mapping; runtime eligibility still applies.
28782,Acherus Deathcharger,Undead,,Unassigned,Blocked,55,protected-rank; protected-npc-vehicle-script; missing-or-ambiguous-model-assignment
28784,Altar Warden,Elementals,326,Air Revenant,Blocked,76,protected-rank
28788,Salanar the Horseman,Undead,,Unassigned,Blocked,55,protected-rank; missing-or-ambiguous-model-assignment
28793,Darmuk,Undead,,Unassigned,Blocked,76,protected-rank; missing-or-ambiguous-model-assignment
28802,Servant of Drakuru,Undead,,Unassigned,Blocked,75,missing-or-ambiguous-model-assignment
28803,Drakuru's Guard,Undead,,Unassigned,Blocked,75,missing-or-ambiguous-model-assignment
28805,Hand of Drakuru,Undead,,Unassigned,Blocked,75,protected-rank; protected-npc-vehicle-script; missing-or-ambiguous-model-assignment
28825,Cyclone,Elementals,301,Air Elemental,Blocked,80,no-supported-skills
28826,Stormfury Revenant,Elementals,326,Air Revenant,Blocked,80,protected-rank
28840,Overlook Sentry,Elementals,,Unassigned,Blocked,78,protected-rank; missing-or-ambiguous-model-assignment
28843,Bloated Abomination,Undead,203,Abomination,Blocked,75,"Assignment proposed; server spell definitions missing: 80186, 80190"
28858,Storm Revenant,Elementals,326,Air Revenant,Active,79,Enabled mapping; runtime eligibility still applies.
28859,Malygos,Dragonkin,,Unassigned,Blocked,83,protected-rank; protected-npc-vehicle-script; missing-or-ambiguous-model-assignment
28860,Sartharion,Dragonkin,,Unassigned,Blocked,83,protected-rank; protected-npc-vehicle-script; missing-or-ambiguous-model-assignment
28862,Aqueous Spirit,Elementals,304,Water Elemental,Blocked,79,no-supported-skills
28864,Scourge Gryphon,Undead,,Unassigned,Blocked,55,protected-npc-vehicle-script; missing-or-ambiguous-model-assignment
28866,Corrosion,Undead,216,Geist,Blocked,75,protected-npc-vehicle-script; no-ability-profile
28867,Spiked,Undead,218,Ghoul,Blocked,75,protected-npc-vehicle-script
28868,Mulch,Undead,216,Geist,Blocked,75,protected-npc-vehicle-script; no-ability-profile
28869,Deathdrip,Undead,216,Geist,Blocked,69,protected-npc-vehicle-script; no-ability-profile
28870,Corpsedust,Undead,218,Ghoul,Blocked,75,protected-npc-vehicle-script
28871,Scabbard,Undead,218,Ghoul,Blocked,75,protected-npc-vehicle-script
28872,Squirmworm,Undead,216,Geist,Blocked,75,protected-npc-vehicle-script; no-ability-profile
28875,Shalewing,Undead,215,Gargoyle,Blocked,76,protected-npc-vehicle-script
28877,Stormwatcher,Elementals,,Unassigned,Blocked,80,missing-or-ambiguous-model-assignment
28878,Skeletal Minion,Undead,225,Skeleton,Active,80,Enabled mapping; runtime eligibility still applies.
28879,Shalewing,Undead,215,Gargoyle,Active,76,Enabled mapping; runtime eligibility still applies.
28889,Acherus Necromancer,Undead,,Unassigned,Blocked,70,protected-npc-vehicle-script; missing-or-ambiguous-model-assignment
28890,Gothik the Harvester,Undead,,Unassigned,Blocked,80,protected-rank; protected-npc-vehicle-script; missing-or-ambiguous-model-assignment
28897,Scarlet Ghoul,Undead,218,Ghoul,Active,44,Enabled mapping; runtime eligibility still applies.
28901,Acherus Deathcharger,Undead,,Unassigned,Blocked,55,protected-rank; missing-or-ambiguous-model-assignment
28903,Scourge Plaguehound,Undead,,Unassigned,Blocked,54,missing-or-ambiguous-model-assignment
28905,Gluttonous Geist,Undead,216,Geist,Blocked,53,no-ability-profile
28906,Scourge Gryphon,Undead,,Unassigned,Blocked,53,missing-or-ambiguous-model-assignment
28907,Prince Valanar,Undead,,Unassigned,Blocked,72,protected-rank; protected-npc-vehicle-script; missing-or-ambiguous-model-assignment
28908,Salanar the Horseman,Undead,,Unassigned,Blocked,80,protected-rank; protected-npc-vehicle-script; missing-or-ambiguous-model-assignment
28909,Dark Rider of Acherus,Undead,,Unassigned,Blocked,55,protected-rank; missing-or-ambiguous-model-assignment
28910,Baron Rivendare,Undead,,Unassigned,Blocked,83,protected-rank; protected-npc-vehicle-script; missing-or-ambiguous-model-assignment
28911,Prince Keleseth,Undead,,Unassigned,Blocked,72,protected-rank; protected-npc-vehicle-script; missing-or-ambiguous-model-assignment
28912,Koltira Deathweaver,Undead,,Unassigned,Blocked,55,protected-npc-vehicle-script; missing-or-ambiguous-model-assignment
28913,Thassarian,Undead,,Unassigned,Blocked,55,protected-npc-vehicle-script; missing-or-ambiguous-model-assignment
28914,Orbaz Bloodbane,Undead,,Unassigned,Blocked,55,protected-npc-vehicle-script; missing-or-ambiguous-model-assignment
28915,Dark Rider Mount Fixed,Undead,,Unassigned,Blocked,55,protected-rank; missing-or-ambiguous-model-assignment
28919,Noth the Plaguebringer,Undead,,Unassigned,Blocked,80,protected-rank; protected-npc-vehicle-script; missing-or-ambiguous-model-assignment
28922,Anub'ar Crusher,Undead,208,Crypt Lord,Blocked,74,protected-rank; protected-npc-vehicle-script
28924,Anub'ar Champion,Undead,,Unassigned,Blocked,73,missing-or-ambiguous-model-assignment
28925,Anub'ar Necromancer,Undead,,Unassigned,Blocked,73,missing-or-ambiguous-model-assignment
28926,Spark of Ionar,Elementals,,Unassigned,Blocked,80,protected-rank; protected-npc-vehicle-script; missing-or-ambiguous-model-assignment
28930,Dansel Adams,Undead,218,Ghoul,Active,62,Enabled mapping; runtime eligibility still applies.
28931,Blightblood Troll,Undead,,Unassigned,Blocked,77,protected-rank; missing-or-ambiguous-model-assignment
28933,Death Knight,Undead,,Unassigned,Blocked,56,missing-or-ambiguous-model-assignment
28934,Death Knight,Undead,,Unassigned,Blocked,56,missing-or-ambiguous-model-assignment
28937,Crypt Guardian,Undead,224,Shade,Blocked,55,protected-rank
28943,Fineous,Undead,216,Geist,Blocked,72,protected-npc-vehicle-script; no-ability-profile
28948,Malmortis,Undead,225,Skeleton,Active,80,Enabled mapping; runtime eligibility still applies.
28985,"Haiphoon, the Great Tempest",Elementals,301,Air Elemental,Blocked,80,protected-npc-vehicle-script; no-supported-skills
28998,Overlord Drakuru,Undead,,Unassigned,Blocked,77,protected-rank; protected-npc-vehicle-script; missing-or-ambiguous-model-assignment
28999,"Haiphoon, the Great Tempest",Elementals,304,Water Elemental,Blocked,80,protected-npc-vehicle-script; no-supported-skills
29008,Monsoon Revenant Credit,Elementals,304,Water Elemental,Blocked,79,no-supported-skills
29009,Storm Revenant Credit,Elementals,301,Air Elemental,Blocked,79,no-supported-skills
29013,Perch Guardian,Elementals,,Unassigned,Blocked,77,missing-or-ambiguous-model-assignment
29030,Death Knight,Undead,,Unassigned,Blocked,56,missing-or-ambiguous-model-assignment
29031,Death Knight,Undead,,Unassigned,Blocked,56,missing-or-ambiguous-model-assignment
29036,Servant of Freya,Elementals,,Unassigned,Blocked,76,missing-or-ambiguous-model-assignment
29047,Olrun the Battlecaller,Undead,226,Val'kyr,Blocked,80,protected-rank; protected-npc-vehicle-script; no-ability-profile
29051,Anub'ar Crypt Fiend,Undead,207,Crypt Fiend,Active,73,Enabled mapping; runtime eligibility still applies.
29053,Knight Commander Plaguefist,Undead,,Unassigned,Blocked,56,protected-npc-vehicle-script; missing-or-ambiguous-model-assignment
29062,Anub'ar Champion,Undead,,Unassigned,Blocked,73,missing-or-ambiguous-model-assignment
29063,Anub'ar Crypt Fiend,Undead,207,Crypt Fiend,Active,73,Enabled mapping; runtime eligibility still applies.
29064,Anub'ar Necromancer,Undead,,Unassigned,Blocked,73,missing-or-ambiguous-model-assignment
29096,Anub'ar Champion,Undead,,Unassigned,Blocked,73,missing-or-ambiguous-model-assignment
29097,Anub'ar Crypt Fiend,Undead,207,Crypt Fiend,Active,73,Enabled mapping; runtime eligibility still applies.
29098,Anub'ar Necromancer,Undead,,Unassigned,Blocked,73,missing-or-ambiguous-model-assignment
29101,Death Knight Champion,Undead,,Unassigned,Blocked,56,missing-or-ambiguous-model-assignment
29106,Death Knight Champion,Undead,,Unassigned,Blocked,56,missing-or-ambiguous-model-assignment
29107,Prince Valanar,Undead,,Unassigned,Blocked,72,protected-rank; protected-npc-vehicle-script; missing-or-ambiguous-model-assignment
29108,Prince Keleseth,Undead,,Unassigned,Blocked,72,protected-rank; protected-npc-vehicle-script; missing-or-ambiguous-model-assignment
29109,Baron Rivendare,Undead,,Unassigned,Blocked,83,protected-rank; missing-or-ambiguous-model-assignment
29110,The Lich King,Undead,,Unassigned,Blocked,83,protected-rank; protected-npc-vehicle-script; missing-or-ambiguous-model-assignment
29111,Val'kyr Battle-maiden,Undead,226,Val'kyr,Blocked,80,protected-rank; no-ability-profile
29112,Gothik the Harvester,Undead,,Unassigned,Blocked,80,protected-rank; missing-or-ambiguous-model-assignment
29113,Noth the Plaguebringer,Undead,,Unassigned,Blocked,80,protected-rank; missing-or-ambiguous-model-assignment
29115,Rampaging Abomination,Undead,203,Abomination,Blocked,60,protected-rank
29117,Anub'ar Champion,Undead,,Unassigned,Blocked,73,protected-npc-vehicle-script; missing-or-ambiguous-model-assignment
29118,Anub'ar Crypt Fiend,Undead,207,Crypt Fiend,Blocked,73,protected-npc-vehicle-script
29119,Anub'ar Necromancer,Undead,,Unassigned,Blocked,73,protected-npc-vehicle-script; missing-or-ambiguous-model-assignment
29120,Anub'arak,Undead,208,Crypt Lord,Blocked,74,protected-rank; protected-npc-vehicle-script
29123,Monstrous Wight,Undead,228,Wight,Active,75,Enabled mapping; runtime eligibility still applies.
29124,Lifeblood Elemental,Elementals,302,Earth Elemental,Blocked,76,no-supported-skills
29128,Anub'ar Prime Guard,Undead,,Unassigned,Blocked,74,protected-rank; missing-or-ambiguous-model-assignment
29129,Lost Drakkari Spirit,Undead,,Unassigned,Blocked,75,missing-or-ambiguous-model-assignment
29133,Disturbed Soul,Undead,217,Ghost,Blocked,75,no-ability-profile
29136,Volatile Ghoul,Undead,218,Ghoul,Active,56,Enabled mapping; runtime eligibility still applies.
29153,Animated Bones,Undead,225,Skeleton,Active,73,Enabled mapping; runtime eligibility still applies.
29172,Frozen Shade,Undead,224,Shade,Active,1,Enabled mapping; runtime eligibility still applies.
29173,Highlord Darion Mograine,Undead,,Unassigned,Blocked,83,protected-rank; protected-npc-vehicle-script; missing-or-ambiguous-model-assignment
29183,The Lich King,Undead,,Unassigned,Blocked,83,protected-rank; missing-or-ambiguous-model-assignment
29185,Volatile Ghoul,Undead,218,Ghoul,Active,56,Enabled mapping; runtime eligibility still applies.
29186,Rampaging Abomination,Undead,203,Abomination,Blocked,60,protected-rank
29187,Plague Eruptor,Undead,,Unassigned,Blocked,60,missing-or-ambiguous-model-assignment
29188,Coldwraith,Undead,229,Wraith,Blocked,60,no-supported-skills
29189,Howling Geist,Undead,216,Geist,Blocked,58,no-ability-profile
29190,Flesh Behemoth,Undead,,Unassigned,Blocked,70,protected-rank; missing-or-ambiguous-model-assignment
29191,Acherus Necromancer,Undead,,Unassigned,Blocked,70,missing-or-ambiguous-model-assignment
29193,Scarlet Deserter,Undead,,Unassigned,Blocked,59,missing-or-ambiguous-model-assignment
29194,Amal'thazad,Undead,219,Lich,Blocked,80,protected-rank; protected-npc-vehicle-script
29195,Lady Alistra,Undead,,Unassigned,Blocked,80,protected-rank; protected-npc-vehicle-script; missing-or-ambiguous-model-assignment
29196,Lord Thorval,Undead,,Unassigned,Blocked,80,protected-rank; protected-npc-vehicle-script; missing-or-ambiguous-model-assignment
29197,"Frozen Shade, Climax",Undead,224,Shade,Active,1,Enabled mapping; runtime eligibility still applies.
29198,Mograine's Mount,Undead,,Unassigned,Blocked,80,protected-rank; missing-or-ambiguous-model-assignment
29199,Koltira Deathweaver,Undead,,Unassigned,Blocked,60,protected-rank; missing-or-ambiguous-model-assignment
29200,Thassarian,Undead,,Unassigned,Blocked,60,protected-rank; missing-or-ambiguous-model-assignment
29201,Death Knight Mount,Undead,,Unassigned,Blocked,80,protected-rank; missing-or-ambiguous-model-assignment
29202,Knight of the Ebon Blade,Undead,,Unassigned,Blocked,56,protected-rank; missing-or-ambiguous-model-assignment
29204,Orbaz Bloodbane,Undead,,Unassigned,Blocked,60,protected-rank; missing-or-ambiguous-model-assignment
29205,Corpulous,Undead,203,Abomination,Blocked,56,protected-npc-vehicle-script
29206,Warrior of the Frozen Wastes,Undead,227,Vargul,Blocked,72,protected-rank; no-ability-profile
29207,Gangrenus,Undead,230,Zombie,Blocked,56,protected-npc-vehicle-script
29208,Fester,Undead,218,Ghoul,Blocked,56,protected-npc-vehicle-script
29209,Carrion Beetle,Undead,,Unassigned,Blocked,74,missing-or-ambiguous-model-assignment
29210,Frigid Bones,Undead,225,Skeleton,Active,54,Enabled mapping; runtime eligibility still applies.
29212,Risen Drudge,Undead,218,Ghoul,Active,50,Enabled mapping; runtime eligibility still applies.
29213,Anub'ar Darter,Undead,,Unassigned,Blocked,73,missing-or-ambiguous-model-assignment
29214,Anub'ar Assassin,Undead,,Unassigned,Blocked,73,missing-or-ambiguous-model-assignment
29216,Anub'ar Guardian,Undead,,Unassigned,Blocked,73,protected-rank; missing-or-ambiguous-model-assignment
29217,Anub'ar Venomancer,Undead,,Unassigned,Blocked,73,protected-rank; missing-or-ambiguous-model-assignment
29219,Volatile Ghoul,Undead,218,Ghoul,Active,56,Enabled mapping; runtime eligibility still applies.
29221,"Death Knight Mount, Ebon Hold",Undead,,Unassigned,Blocked,55,protected-rank; missing-or-ambiguous-model-assignment
29227,Highlord Alexandros Mograine,Undead,,Unassigned,Blocked,83,protected-rank; missing-or-ambiguous-model-assignment
29230,Lesser Shadow Construct,Undead,225,Skeleton,Active,54,Enabled mapping; runtime eligibility still applies.
29231,Shadow Construct,Undead,233,Skeletal Mage,Active,76,Enabled mapping; runtime eligibility still applies.
29232,Forgotten Servant,Undead,218,Ghoul,Active,54,Enabled mapping; runtime eligibility still applies.
29238,Scourge Haunt,Undead,224,Shade,Active,1,Enabled mapping; runtime eligibility still applies.
29239,Vigilant Gargoyle,Undead,215,Gargoyle,Active,58,Enabled mapping; runtime eligibility still applies.
29245,[Chapter IV] Light of Dawn Credit,Undead,,Unassigned,Blocked,70,missing-or-ambiguous-model-assignment
29246,Highlord Darion Mograine,Undead,,Unassigned,Blocked,83,protected-rank; missing-or-ambiguous-model-assignment
29249,Anub'Rekhan (1),Undead,208,Crypt Lord,Blocked,83,protected-rank
29256,Crypt Guard (1),Undead,207,Crypt Fiend,Blocked,81,protected-rank
29257,Omar the Test Dragon Gen2,Dragonkin,,Unassigned,Blocked,70,missing-or-ambiguous-model-assignment
29263,PattyMacks Hovering Dummy,Undead,,Unassigned,Blocked,68,missing-or-ambiguous-model-assignment
29272,Dwarven Golem,Elementals,,Unassigned,Blocked,80,missing-or-ambiguous-model-assignment
29280,Image of Arthas,Undead,,Unassigned,Blocked,80,protected-rank; missing-or-ambiguous-model-assignment
29286,Tomb Horror (1),Undead,207,Crypt Fiend,Blocked,81,protected-rank
29303,Lifeblood Elemental Credit,Elementals,302,Earth Elemental,Blocked,76,no-supported-skills
29309,Elder Nadox,Undead,,Unassigned,Blocked,75,protected-rank; protected-npc-vehicle-script; missing-or-ambiguous-model-assignment
29313,Ichoron,Elementals,329,Water Revenant,Blocked,77,protected-rank; protected-npc-vehicle-script; no-supported-skills
29314,Zuramat the Obliterator,Demons,,Unassigned,Blocked,77,protected-rank; protected-npc-vehicle-script; missing-or-ambiguous-model-assignment
29316,Moragg,Demons,131,Observer,Blocked,77,protected-rank; protected-npc-vehicle-script
29317,Cyanigosa (Dragon),Dragonkin,,Unassigned,Blocked,77,protected-rank; missing-or-ambiguous-model-assignment
29321,Ichor Globule,Elementals,,Unassigned,Blocked,76,protected-rank; protected-npc-vehicle-script; missing-or-ambiguous-model-assignment
29324,Patchwerk (1),Undead,203,Abomination,Blocked,83,protected-rank
29335,Anub'ar Webspinner,Undead,,Unassigned,Blocked,72,protected-rank; missing-or-ambiguous-model-assignment
29340,Anub'ar Brood Keeper,Undead,,Unassigned,Blocked,72,protected-rank; missing-or-ambiguous-model-assignment
29347,Patchwork Golem (1),Undead,203,Abomination,Blocked,81,protected-rank
29349,Anub'ar Darter,Undead,,Unassigned,Blocked,73,missing-or-ambiguous-model-assignment
29353,Bile Retcher (1),Undead,203,Abomination,Blocked,81,protected-rank
29356,Sludge Belcher (1),Undead,203,Abomination,Blocked,82,protected-rank
29359,Living Monstrosity (1),Undead,228,Wight,Blocked,82,protected-rank
29362,Mad Scientist (1),Undead,,Unassigned,Blocked,81,protected-rank; missing-or-ambiguous-model-assignment
29363,Surgical Assistant (1),Undead,,Unassigned,Blocked,80,protected-rank; missing-or-ambiguous-model-assignment
29364,Void Sentry,Demons,,Unassigned,Blocked,77,protected-npc-vehicle-script; missing-or-ambiguous-model-assignment
29365,Void Sentry,Demons,,Unassigned,Blocked,77,missing-or-ambiguous-model-assignment
29367,Ichor Globule (Transform),Elementals,304,Water Elemental,Blocked,76,protected-rank; no-supported-skills
29371,Stitched Giant (1),Undead,,Unassigned,Blocked,82,protected-rank; missing-or-ambiguous-model-assignment
29372,Twilight Drake,Dragonkin,,Unassigned,Blocked,82,protected-rank; missing-or-ambiguous-model-assignment
29373,Grobbulus (1),Undead,,Unassigned,Blocked,83,protected-rank; missing-or-ambiguous-model-assignment
29394,The Lich King,Undead,,Unassigned,Blocked,83,protected-rank; missing-or-ambiguous-model-assignment
29400,Corrupted Scarlet Onslaught,Undead,218,Ghoul,Active,79,Enabled mapping; runtime eligibility still applies.
29414,Bone Gryphon,Undead,,Unassigned,Blocked,80,protected-npc-vehicle-script; missing-or-ambiguous-model-assignment
29417,Gluth (1),Undead,,Unassigned,Blocked,83,protected-rank; missing-or-ambiguous-model-assignment
29436,Icetouched Earthrager,Elementals,327,Earth Revenant,Active,74,Enabled mapping; runtime eligibility still applies.
29446,Stalagg (1),Undead,228,Wight,Blocked,83,protected-rank
29447,Feugen (1),Undead,228,Wight,Blocked,83,protected-rank
29448,Thaddius (1),Undead,,Unassigned,Blocked,83,protected-rank; missing-or-ambiguous-model-assignment
29449,Vargul Deathwaker,Undead,227,Vargul,Blocked,75,no-ability-profile
29450,Vargul Runelord,Undead,227,Vargul,Blocked,75,no-ability-profile
29451,Vargul Slayer,Undead,227,Vargul,Blocked,75,no-ability-profile
29453,Vargul Plaguetalon,Undead,,Unassigned,Blocked,74,missing-or-ambiguous-model-assignment
29460,Frigid Proto-Drake,Dragonkin,,Unassigned,Blocked,80,protected-npc-vehicle-script; missing-or-ambiguous-model-assignment
29468,Crusader Dargath,Undead,,Unassigned,Blocked,80,missing-or-ambiguous-model-assignment
29480,Grimwing,Undead,218,Ghoul,Blocked,75,protected-rank; protected-npc-vehicle-script
29488,Scourge Gryphon,Undead,,Unassigned,Blocked,53,protected-npc-vehicle-script; missing-or-ambiguous-model-assignment
29501,Scourge Gryphon,Undead,,Unassigned,Blocked,53,protected-npc-vehicle-script; missing-or-ambiguous-model-assignment
29504,Seething Revenant,Elementals,328,Fire Revenant,Blocked,80,no-supported-skills
29517,Darkmender's Ghoul,Undead,218,Ghoul,Active,78,Enabled mapping; runtime eligibility still applies.
29519,Unworthy Initiate,Undead,,Unassigned,Blocked,55,missing-or-ambiguous-model-assignment
29520,Unworthy Initiate,Undead,,Unassigned,Blocked,55,missing-or-ambiguous-model-assignment
29522,Frost Wyrm Raptor,Undead,,Unassigned,Blocked,72,protected-rank; missing-or-ambiguous-model-assignment
29545,Proto-Drake Corpse,Dragonkin,,Unassigned,Blocked,80,missing-or-ambiguous-model-assignment
29565,Unworthy Initiate,Undead,,Unassigned,Blocked,55,missing-or-ambiguous-model-assignment
29566,Unworthy Initiate,Undead,,Unassigned,Blocked,55,missing-or-ambiguous-model-assignment
29567,Unworthy Initiate,Undead,,Unassigned,Blocked,55,missing-or-ambiguous-model-assignment
29570,Nascent Val'kyr,Undead,226,Val'kyr,Blocked,79,no-ability-profile
29573,Drakkari Elemental,Elementals,304,Water Elemental,Blocked,78,protected-rank; protected-npc-vehicle-script; no-supported-skills
29574,Infectious Ghoul (1),Undead,218,Ghoul,Blocked,81,protected-rank
29576,Stoneskin Gargoyle (1),Undead,215,Gargoyle,Blocked,81,protected-rank
29587,Dread Commander Thalanor,Undead,,Unassigned,Blocked,80,protected-rank; protected-npc-vehicle-script; missing-or-ambiguous-model-assignment
29609,Plague Beast (1),Undead,,Unassigned,Blocked,81,protected-rank; missing-or-ambiguous-model-assignment
29615,Noth the Plaguebringer (1),Undead,,Unassigned,Blocked,83,protected-rank; missing-or-ambiguous-model-assignment
29620,Dreadlord Mal'Ganis,Demons,,Unassigned,Blocked,82,protected-rank; missing-or-ambiguous-model-assignment
29624,Stormrider,Elementals,326,Air Revenant,Active,79,Enabled mapping; runtime eligibility still applies.
29629,Owen Test Creature,Undead,203,Abomination,Blocked,80,protected-rank
29632,Plagued Warrior (1),Undead,,Unassigned,Blocked,81,protected-rank; missing-or-ambiguous-model-assignment
29633,Plagued Champion (1),Undead,,Unassigned,Blocked,81,protected-rank; missing-or-ambiguous-model-assignment
29634,Plagued Guardian (1),Undead,229,Wraith,Blocked,81,protected-rank; no-supported-skills
29635,Plagued Construct (1),Undead,205,Bone Golem,Blocked,81,protected-rank
29646,Banshee Soulclaimer,Undead,204,Banshee,Active,75,Enabled mapping; runtime eligibility still applies.
29648,Bone Gryphon,Undead,,Unassigned,Blocked,80,missing-or-ambiguous-model-assignment
29654,Drakuru Blood Drinker,Undead,,Unassigned,Blocked,74,missing-or-ambiguous-model-assignment
29656,Drakuru Berserker,Undead,,Unassigned,Blocked,75,missing-or-ambiguous-model-assignment
29697,Drakuru Prophet,Undead,,Unassigned,Blocked,74,missing-or-ambiguous-model-assignment
29699,Drakuru Raptor Rider,Undead,,Unassigned,Blocked,74,missing-or-ambiguous-model-assignment
29701,Heigan the Unclean (1),Undead,,Unassigned,Blocked,83,protected-rank; missing-or-ambiguous-model-assignment
29704,Towering Horror,Undead,203,Abomination,Blocked,71,protected-rank
29708,Captive Proto-Drake,Dragonkin,,Unassigned,Blocked,80,protected-npc-vehicle-script; missing-or-ambiguous-model-assignment
29709,Freed Proto-Drake,Dragonkin,,Unassigned,Blocked,80,protected-npc-vehicle-script; missing-or-ambiguous-model-assignment
29718,Loatheb (1),Undead,,Unassigned,Blocked,83,protected-rank; missing-or-ambiguous-model-assignment
29719,Morbid Carcass,Undead,203,Abomination,Blocked,79,"Assignment proposed; server spell definitions missing: 80186, 80190"
29720,Vault Geist,Undead,216,Geist,Blocked,79,no-ability-profile
29722,Rabid Cannibal,Undead,218,Ghoul,Active,79,Enabled mapping; runtime eligibility still applies.
29738,Death Knight Master,Undead,,Unassigned,Blocked,79,missing-or-ambiguous-model-assignment
29753,Stormpeak Wyrm,Dragonkin,,Unassigned,Blocked,80,protected-npc-vehicle-script; missing-or-ambiguous-model-assignment
29755,Stormpeak Hatchling,Dragonkin,,Unassigned,Blocked,80,missing-or-ambiguous-model-assignment
29756,Veranus,Dragonkin,,Unassigned,Blocked,80,protected-rank; missing-or-ambiguous-model-assignment
29769,Vile,Undead,203,Abomination,Blocked,80,"Assignment proposed; server spell definitions missing: 80186, 80190"
29770,Lady Nightswood,Undead,204,Banshee,Active,80,Enabled mapping; runtime eligibility still applies.
29821,Prince Navarius,Undead,,Unassigned,Blocked,76,protected-rank; missing-or-ambiguous-model-assignment
29823,Death Knight (1),Undead,,Unassigned,Blocked,81,protected-rank; missing-or-ambiguous-model-assignment
29824,Death Knight Captain (1),Undead,,Unassigned,Blocked,81,protected-rank; missing-or-ambiguous-model-assignment
29825,Shade of Naxxramas (1),Undead,224,Shade,Blocked,81,protected-rank
29828,Necro Knight (1),Undead,229,Wraith,Blocked,81,protected-rank; no-supported-skills
29830,Living Mojo,Elementals,304,Water Elemental,Blocked,76,protected-rank; protected-npc-vehicle-script; no-supported-skills
29831,Risen Squire (1),Undead,,Unassigned,Blocked,81,protected-rank; missing-or-ambiguous-model-assignment
29835,Bony Construct (1),Undead,205,Bone Golem,Blocked,81,protected-rank
29837,Skeletal Smith (1),Undead,225,Skeleton,Blocked,81,protected-rank
29840,The Leaper,Undead,216,Geist,Blocked,80,no-ability-profile
29842,Death Knight Cavalier (1),Undead,,Unassigned,Blocked,81,protected-rank; missing-or-ambiguous-model-assignment
29844,Icebound Revenant,Elementals,327,Earth Revenant,Active,78,Enabled mapping; runtime eligibility still applies.
29849,Frozen Orb,Elementals,,Unassigned,Blocked,78,missing-or-ambiguous-model-assignment
29851,General Lightsbane,Undead,,Unassigned,Blocked,80,protected-rank; missing-or-ambiguous-model-assignment
29852,Deathcharger Steed (1),Undead,,Unassigned,Blocked,81,protected-rank; missing-or-ambiguous-model-assignment
29856,Gooey Ghoul Drool,Undead,,Unassigned,Blocked,75,protected-npc-vehicle-script; missing-or-ambiguous-model-assignment
29858,Lady Nightswood,Undead,204,Banshee,Active,80,Enabled mapping; runtime eligibility still applies.
29859,The Leaper,Undead,216,Geist,Blocked,80,no-ability-profile
29860,Vile,Undead,203,Abomination,Blocked,80,"Assignment proposed; server spell definitions missing: 80186, 80190"
29863,Persistence,Undead,,Unassigned,Blocked,76,protected-npc-vehicle-script; missing-or-ambiguous-model-assignment
29872,Algar the Chosen,Undead,,Unassigned,Blocked,78,protected-rank; missing-or-ambiguous-model-assignment
29882,Vargul Proxy,Undead,227,Vargul,Blocked,75,no-ability-profile
29887,Vargul Doombringer,Undead,227,Vargul,Blocked,77,protected-rank; no-ability-profile
29890,Vargul Deathwaker,Undead,227,Vargul,Blocked,75,no-ability-profile
29891,Vargul Runelord,Undead,227,Vargul,Blocked,75,no-ability-profile
29892,Vargul Slayer,Undead,227,Vargul,Blocked,75,no-ability-profile
29893,Banshee Soulclaimer,Undead,204,Banshee,Active,75,Enabled mapping; runtime eligibility still applies.
29894,Vargul Plaguetalon,Undead,,Unassigned,Blocked,74,missing-or-ambiguous-model-assignment
29895,Thrym,Undead,,Unassigned,Blocked,80,protected-rank; missing-or-ambiguous-model-assignment
29897,Reanimated Corpse,Undead,218,Ghoul,Active,75,Enabled mapping; runtime eligibility still applies.
29898,Unholy Axe (1),Undead,,Unassigned,Blocked,81,protected-rank; missing-or-ambiguous-model-assignment
29899,Unholy Staff (1),Undead,,Unassigned,Blocked,81,protected-rank; missing-or-ambiguous-model-assignment
29900,Unholy Swords (1),Undead,,Unassigned,Blocked,81,protected-rank; missing-or-ambiguous-model-assignment
29901,Deathchill Servant (1),Undead,218,Ghoul,Active,81,Enabled mapping; runtime eligibility still applies.
29911,Wilted Frayer,Elementals,,Unassigned,Blocked,80,missing-or-ambiguous-model-assignment
29934,Acolyte of Agony,Undead,,Unassigned,Blocked,75,protected-rank; missing-or-ambiguous-model-assignment
29935,Acolyte of Pain,Undead,,Unassigned,Blocked,75,protected-rank; missing-or-ambiguous-model-assignment
29936,Algar's Frost Wyrm Mount,Dragonkin,,Unassigned,Blocked,10,missing-or-ambiguous-model-assignment
29940,Instructor Razuvious (1),Undead,,Unassigned,Blocked,83,protected-rank; missing-or-ambiguous-model-assignment
29943,SCOURGE PROXY (PHASED),Undead,227,Vargul,Blocked,75,no-ability-profile
29955,Gothik the Harvester (1),Undead,,Unassigned,Blocked,83,protected-rank; missing-or-ambiguous-model-assignment
29974,Niffelem Forefather,Undead,,Unassigned,Blocked,79,missing-or-ambiguous-model-assignment
29985,Unrelenting Death Knight (1),Undead,,Unassigned,Blocked,81,protected-rank; missing-or-ambiguous-model-assignment
29986,Unrelenting Rider (1),Undead,,Unassigned,Blocked,82,protected-rank; missing-or-ambiguous-model-assignment
29988,Spectral Rider (1),Undead,,Unassigned,Blocked,81,protected-rank; missing-or-ambiguous-model-assignment
29989,Spectral Horse (1),Undead,,Unassigned,Blocked,81,protected-rank; missing-or-ambiguous-model-assignment
29990,Spectral Death Knight (1),Undead,,Unassigned,Blocked,81,protected-rank; missing-or-ambiguous-model-assignment
29991,Sapphiron (1),Undead,,Unassigned,Blocked,83,protected-rank; missing-or-ambiguous-model-assignment
30001,Blackmaw,Elementals,,Unassigned,Blocked,79,missing-or-ambiguous-model-assignment
30015,Soldier of the Frozen Wastes (1),Undead,225,Skeleton,Blocked,80,protected-rank
30016,Soldier of the Frozen Wastes (1),Undead,225,Skeleton,Blocked,80,protected-rank
30018,Soul Weaver (1),Undead,204,Banshee,Blocked,80,protected-rank
30019,Duke Singen,Elementals,328,Fire Revenant,Blocked,76,protected-rank; no-supported-skills
30024,Gargoral the Water Lord,Elementals,329,Water Revenant,Blocked,76,protected-rank; no-supported-skills
30025,"Erathius, King of Dirt",Elementals,327,Earth Revenant,Blocked,76,protected-rank
30026,"Az'Barin, Prince of the Gust",Elementals,326,Air Revenant,Blocked,76,protected-rank
30027,Plague Zombie,Undead,218,Ghoul,Staged,60,Assignment candidate; profile/build/effect validation pending.
30028,Plague Zombie,Undead,218,Ghoul,Staged,50,Assignment candidate; profile/build/effect validation pending.
30029,Plague Zombie,Undead,218,Ghoul,Staged,40,Assignment candidate; profile/build/effect validation pending.
30030,Plague Zombie,Undead,218,Ghoul,Staged,30,Assignment candidate; profile/build/effect validation pending.
30031,Plague Zombie,Undead,218,Ghoul,Staged,20,Assignment candidate; profile/build/effect validation pending.
30032,Plague Zombie,Undead,218,Ghoul,Staged,10,Assignment candidate; profile/build/effect validation pending.
30033,Plague Zombie,Undead,218,Ghoul,Staged,1,Assignment candidate; profile/build/effect validation pending.
30034,Plague Zombie,Undead,218,Ghoul,Staged,5,Assignment candidate; profile/build/effect validation pending.
30040,Eternal Watcher,Elementals,327,Earth Revenant,Active,80,Enabled mapping; runtime eligibility still applies.
30042,Fiend of Fire,Elementals,,Unassigned,Blocked,70,missing-or-ambiguous-model-assignment
30043,Fiend of Earth,Elementals,,Unassigned,Blocked,70,missing-or-ambiguous-model-assignment
30044,Fiend of Water,Elementals,,Unassigned,Blocked,70,missing-or-ambiguous-model-assignment
30045,Fiend of Air,Elementals,,Unassigned,Blocked,70,missing-or-ambiguous-model-assignment
30047,Soul Weaver (1),Undead,204,Banshee,Blocked,80,protected-rank
30048,Unstoppable Abomination (1),Undead,203,Abomination,Blocked,80,protected-rank
30049,Unstoppable Abomination (1),Undead,203,Abomination,Blocked,80,protected-rank
30053,Icebound Revenant,Elementals,327,Earth Revenant,Active,78,Enabled mapping; runtime eligibility still applies.
30054,Frozen Orb,Elementals,,Unassigned,Blocked,78,missing-or-ambiguous-model-assignment
30055,Stormpeak Wyrm,Dragonkin,,Unassigned,Blocked,80,missing-or-ambiguous-model-assignment
30057,Guardian of Icecrown (1),Undead,208,Crypt Lord,Blocked,80,protected-rank
30058,Warden of the Chamber,Dragonkin,,Unassigned,Blocked,76,missing-or-ambiguous-model-assignment
30059,Wyrmrest Warden Visual (Bronze),Dragonkin,,Unassigned,Blocked,76,missing-or-ambiguous-model-assignment
30061,Kel'Thuzad (1),Undead,,Unassigned,Blocked,83,protected-rank; missing-or-ambiguous-model-assignment
30071,Stitched Colossus,Undead,,Unassigned,Blocked,82,protected-rank; missing-or-ambiguous-model-assignment
30072,Wyrmrest Warden Visual (Red),Dragonkin,,Unassigned,Blocked,76,missing-or-ambiguous-model-assignment
30073,Wyrmrest Warden Visual (Green),Dragonkin,,Unassigned,Blocked,76,missing-or-ambiguous-model-assignment
30074,The Leaper,Undead,216,Geist,Blocked,80,protected-rank; protected-npc-vehicle-script; no-ability-profile
30075,Stitched Colossus (1),Undead,,Unassigned,Blocked,82,protected-rank; missing-or-ambiguous-model-assignment
30076,Wyrmrest Warden Visual (Blue),Dragonkin,,Unassigned,Blocked,76,missing-or-ambiguous-model-assignment
30077,Wyrmrest Warden Visual (Black),Dragonkin,,Unassigned,Blocked,76,missing-or-ambiguous-model-assignment
30083,Marauding Geist,Undead,216,Geist,Blocked,80,protected-rank; no-ability-profile
30084,Power Spark,Elementals,,Unassigned,Blocked,79,protected-npc-vehicle-script; missing-or-ambiguous-model-assignment
30085,Vigilant Shade,Undead,224,Shade,Blocked,81,protected-rank
30087,Vigilant Shade (1),Undead,224,Shade,Blocked,81,protected-rank
30097,Plagued Ghoul (1),Undead,218,Ghoul,Blocked,81,protected-rank
30120,Seething Revenant,Elementals,328,Fire Revenant,Blocked,80,no-supported-skills
30135,Restless Frostborn Warrior,Undead,,Unassigned,Blocked,78,missing-or-ambiguous-model-assignment
30144,Restless Frostborn Ghost,Undead,,Unassigned,Blocked,78,missing-or-ambiguous-model-assignment
30150,Frostbrood Destroyer,Undead,,Unassigned,Blocked,80,protected-rank; missing-or-ambiguous-model-assignment
30157,Nikita,Demons,105,Darkhound,Active,69,Enabled mapping; runtime eligibility still applies.
30158,Billie,Demons,105,Darkhound,Active,69,Enabled mapping; runtime eligibility still applies.
30160,Brittle Revenant,Elementals,327,Earth Revenant,Active,80,Enabled mapping; runtime eligibility still applies.
30161,Wyrmrest Skytalon,Dragonkin,,Unassigned,Blocked,80,protected-npc-vehicle-script; missing-or-ambiguous-model-assignment
30176,Ahn'kahar Guardian,Undead,,Unassigned,Blocked,74,protected-rank; protected-npc-vehicle-script; missing-or-ambiguous-model-assignment
30178,Ahn'kahar Swarmer,Undead,,Unassigned,Blocked,74,protected-npc-vehicle-script; missing-or-ambiguous-model-assignment
30184,Scion of Storm,Elementals,326,Air Revenant,Active,79,Enabled mapping; runtime eligibility still applies.
30202,Reanimated Crusader,Undead,,Unassigned,Blocked,77,missing-or-ambiguous-model-assignment
30203,Forgotten Depths High Priest,Undead,,Unassigned,Blocked,77,missing-or-ambiguous-model-assignment
30204,Forgotten Depths Ambusher,Undead,,Unassigned,Blocked,77,protected-npc-vehicle-script; missing-or-ambiguous-model-assignment
30205,Forgotten Depths Acolyte,Undead,,Unassigned,Blocked,77,missing-or-ambiguous-model-assignment
30216,Vile,Undead,203,Abomination,Blocked,80,protected-rank; protected-npc-vehicle-script
30227,Penumbrius,Dragonkin,,Unassigned,Blocked,80,protected-rank; protected-npc-vehicle-script; missing-or-ambiguous-model-assignment
30228,Argent Skytalon,Dragonkin,,Unassigned,Blocked,79,protected-npc-vehicle-script; missing-or-ambiguous-model-assignment
30230,Risen Ally,Undead,218,Ghoul,Blocked,50,protected-npc-vehicle-script
30232,The Bone Witch,Undead,,Unassigned,Blocked,80,protected-rank; protected-npc-vehicle-script; missing-or-ambiguous-model-assignment
30235,Glory,Undead,,Unassigned,Blocked,80,missing-or-ambiguous-model-assignment
30250,Valhalas Vargul,Undead,227,Vargul,Blocked,79,no-ability-profile
30258,Amanitar,Elementals,,Unassigned,Blocked,81,protected-rank; protected-npc-vehicle-script; missing-or-ambiguous-model-assignment
30264,Spectral Trainee (1),Undead,217,Ghost,Blocked,81,protected-rank; no-ability-profile
30275,Wild Wyrm,Dragonkin,,Unassigned,Blocked,80,protected-rank; protected-npc-vehicle-script; missing-or-ambiguous-model-assignment
30276,Ahn'kahar Web Winder,Undead,,Unassigned,Blocked,73,protected-rank; missing-or-ambiguous-model-assignment
30277,Ahn'kahar Slasher,Undead,,Unassigned,Blocked,73,protected-rank; missing-or-ambiguous-model-assignment
30278,Ahn'kahar Spell Flinger,Undead,,Unassigned,Blocked,73,protected-rank; missing-or-ambiguous-model-assignment
30283,Plague Walker,Undead,,Unassigned,Blocked,74,protected-rank; missing-or-ambiguous-model-assignment
30284,Bonegrinder,Undead,,Unassigned,Blocked,74,protected-rank; missing-or-ambiguous-model-assignment
30285,Eye of Taldaram,Undead,224,Shade,Blocked,73,protected-rank
30286,Frostbringer,Undead,229,Wraith,Blocked,73,protected-rank; no-supported-skills
30287,Plundering Geist,Undead,216,Geist,Blocked,73,no-ability-profile
30288,Ahn'kahar Channeler,Undead,,Unassigned,Blocked,73,protected-rank; missing-or-ambiguous-model-assignment
30303,Zombie Chow (1),Undead,230,Zombie,Blocked,80,protected-rank
30306,Bileblow,Undead,218,Ghoul,Blocked,80,protected-npc-vehicle-script
30307,Sarhule the Risen,Undead,233,Skeletal Mage,Blocked,80,protected-npc-vehicle-script
30309,Shambles,Undead,228,Wight,Blocked,80,protected-npc-vehicle-script
30310,Boltskull,Undead,230,Zombie,Blocked,80,protected-npc-vehicle-script
30311,Mangled,Undead,230,Zombie,Blocked,80,protected-npc-vehicle-script
30329,Savage Cave Beast,Elementals,,Unassigned,Blocked,74,protected-rank; missing-or-ambiguous-model-assignment
30333,Forgotten Depths Slayer,Undead,,Unassigned,Blocked,77,missing-or-ambiguous-model-assignment
30335,Shadow Vault Gryphon,Undead,,Unassigned,Blocked,80,missing-or-ambiguous-model-assignment
30338,Ahn'kahar Swarmer,Undead,,Unassigned,Blocked,74,missing-or-ambiguous-model-assignment
30376,Halefnir the Windborn,Elementals,326,Air Revenant,Blocked,80,protected-rank
30378,Iydallus,Undead,,Unassigned,Blocked,80,protected-rank; missing-or-ambiguous-model-assignment
30387,Seething Revenant,Elementals,328,Fire Revenant,Blocked,80,no-supported-skills
30389,Crypt Reaver (1),Undead,207,Crypt Fiend,Blocked,81,protected-rank
30393,Veranus,Dragonkin,,Unassigned,Blocked,80,protected-rank; protected-npc-vehicle-script; missing-or-ambiguous-model-assignment
30403,Nergeld,Undead,,Unassigned,Blocked,80,protected-rank; protected-npc-vehicle-script; missing-or-ambiguous-model-assignment
30404,Dr. Terrible,Undead,,Unassigned,Blocked,80,protected-rank; missing-or-ambiguous-model-assignment
30406,Bethod Feigr,Undead,227,Vargul,Blocked,80,protected-npc-vehicle-script; no-ability-profile
30409,Apprentice Osterkilgr,Undead,227,Vargul,Blocked,80,no-ability-profile
30416,Bound Fire Elemental,Elementals,303,Fire Elemental,Blocked,74,protected-rank; no-supported-skills
30418,Bound Air Elemental,Elementals,301,Air Elemental,Blocked,74,protected-rank; no-supported-skills
30419,Bound Water Elemental,Elementals,304,Water Elemental,Blocked,74,protected-rank; no-supported-skills
30420,Veranus,Dragonkin,,Unassigned,Blocked,80,protected-rank; protected-npc-vehicle-script; missing-or-ambiguous-model-assignment
30424,Marauding Geist (1),Undead,216,Geist,Blocked,80,protected-rank; no-ability-profile
30432,Grimmr Hound,Undead,,Unassigned,Blocked,79,missing-or-ambiguous-model-assignment
30443,The Lich King,Undead,,Unassigned,Blocked,83,protected-rank; missing-or-ambiguous-model-assignment
30449,Vesperon,Dragonkin,,Unassigned,Blocked,83,protected-rank; protected-npc-vehicle-script; missing-or-ambiguous-model-assignment
30450,Wailing Winds,Elementals,,Unassigned,Blocked,79,missing-or-ambiguous-model-assignment
30451,Shadron,Dragonkin,,Unassigned,Blocked,83,protected-rank; protected-npc-vehicle-script; missing-or-ambiguous-model-assignment
30452,Tenebron,Dragonkin,,Unassigned,Blocked,83,protected-rank; protected-npc-vehicle-script; missing-or-ambiguous-model-assignment
30453,Onyx Sanctum Guardian,Dragonkin,,Unassigned,Blocked,81,protected-rank; missing-or-ambiguous-model-assignment
30457,Azure Magus (1),Dragonkin,,Unassigned,Blocked,81,protected-rank; missing-or-ambiguous-model-assignment
30459,Azure Warder (1),Dragonkin,,Unassigned,Blocked,81,protected-rank; missing-or-ambiguous-model-assignment
30461,Veranus,Dragonkin,,Unassigned,Blocked,80,protected-rank; protected-npc-vehicle-script; missing-or-ambiguous-model-assignment
30465,Dan's Test Void Sentry,Demons,115,Imp,Staged,77,Assignment candidate; profile/build/effect validation pending.
30471,Vargul Assailant,Undead,227,Vargul,Blocked,79,no-ability-profile
30473,Mage Slayer (1),Demons,,Unassigned,Blocked,80,protected-rank; missing-or-ambiguous-model-assignment
30474,The North Wind,Elementals,326,Air Revenant,Blocked,80,protected-rank
30482,Wrathstrike Gargoyle,Undead,215,Gargoyle,Active,77,Enabled mapping; runtime eligibility still applies.
30486,Frostbrood Destroyer,Undead,,Unassigned,Blocked,80,protected-rank; missing-or-ambiguous-model-assignment
30491,Ritssyn,Demons,115,Imp,Staged,1,Assignment candidate; profile/build/effect validation pending.
30500,Argent Skytalon,Dragonkin,,Unassigned,Blocked,77,protected-npc-vehicle-script; missing-or-ambiguous-model-assignment
30501,Val'kyr Arbiter,Undead,226,Val'kyr,Blocked,80,protected-rank; no-ability-profile
30516,Azure Enforcer (1),Dragonkin,,Unassigned,Blocked,80,protected-rank; missing-or-ambiguous-model-assignment
30517,Azure Scale-Binder (1),Dragonkin,,Unassigned,Blocked,80,protected-rank; missing-or-ambiguous-model-assignment
30518,Azure Skyrazor (1),Dragonkin,,Unassigned,Blocked,80,protected-rank; missing-or-ambiguous-model-assignment
30519,Crazed Mana-Surge (1),Elementals,,Unassigned,Blocked,80,protected-rank; missing-or-ambiguous-model-assignment
30520,Crazed Mana-Wraith (1),Elementals,,Unassigned,Blocked,80,missing-or-ambiguous-model-assignment
30521,Crazed Mana-Wyrm (1),Elementals,,Unassigned,Blocked,80,protected-rank; missing-or-ambiguous-model-assignment
30522,Chaotic Rift (1),Elementals,,Unassigned,Blocked,80,protected-rank; missing-or-ambiguous-model-assignment
30523,Thane Illskar the Damned,Undead,227,Vargul,Blocked,80,no-ability-profile
30524,Crystalline Protector (1),Elementals,,Unassigned,Blocked,80,protected-rank; missing-or-ambiguous-model-assignment
30526,Crystalline Keeper (1),Elementals,394,Treant,Blocked,80,protected-rank; no-ability-profile
30528,Crystalline Frayer (1),Elementals,,Unassigned,Blocked,80,missing-or-ambiguous-model-assignment
30529,Anomalus (1),Elementals,,Unassigned,Blocked,82,protected-rank; missing-or-ambiguous-model-assignment
30532,Ormorok the Tree-Shaper (1),Elementals,,Unassigned,Blocked,82,protected-rank; missing-or-ambiguous-model-assignment
30540,Keristrasza (1),Dragonkin,,Unassigned,Blocked,82,protected-rank; missing-or-ambiguous-model-assignment
30541,Forgotten Depths Underking,Undead,208,Crypt Lord,Active,78,Enabled mapping; runtime eligibility still applies.
30542,Rivendare's Deathcharger,Undead,,Unassigned,Blocked,1,missing-or-ambiguous-model-assignment
30543,Forgotten Depths High Priest,Undead,,Unassigned,Blocked,77,missing-or-ambiguous-model-assignment
30544,Forgotten Depths Underking,Undead,208,Crypt Lord,Active,78,Enabled mapping; runtime eligibility still applies.
30545,[UNUSED] Wrathstrike Gargoyle,Undead,215,Gargoyle,Active,77,Enabled mapping; runtime eligibility still applies.
30546,[UNUSED] Reanimated Crusader,Undead,,Unassigned,Blocked,77,missing-or-ambiguous-model-assignment
30549,Baron Rivendare,Undead,,Unassigned,Blocked,83,protected-rank; protected-npc-vehicle-script; missing-or-ambiguous-model-assignment
30550,Image of the North Wind,Elementals,326,Air Revenant,Blocked,80,protected-rank
30575,Frostbrood Destroyer,Undead,,Unassigned,Blocked,80,protected-rank; missing-or-ambiguous-model-assignment
30593,Forgotten Depths Slayer,Undead,,Unassigned,Blocked,80,missing-or-ambiguous-model-assignment
30594,[UNUSED] Forgotten Depths High Priest,Undead,,Unassigned,Blocked,77,missing-or-ambiguous-model-assignment
30597,Spiked Ghoul,Undead,218,Ghoul,Staged,80,Assignment candidate; profile/build/effect validation pending.
30600,Baron Rivendare (1),Undead,,Unassigned,Blocked,83,protected-rank; missing-or-ambiguous-model-assignment
30601,Lady Blaumeux (1),Undead,,Unassigned,Blocked,83,protected-rank; missing-or-ambiguous-model-assignment
30602,Sir Zeliek (1),Undead,,Unassigned,Blocked,83,protected-rank; missing-or-ambiguous-model-assignment
30603,Thane Korth'azz (1),Undead,,Unassigned,Blocked,83,protected-rank; missing-or-ambiguous-model-assignment
30609,Frost Drake,Undead,,Unassigned,Blocked,80,protected-rank; missing-or-ambiguous-model-assignment
30617,Nightmare Aberration,Elementals,,Unassigned,Blocked,80,protected-rank; missing-or-ambiguous-model-assignment
30629,Mortal Essence,Undead,,Unassigned,Blocked,78,missing-or-ambiguous-model-assignment
30633,Water Terror,Elementals,329,Water Revenant,Blocked,77,no-supported-skills
30642,Water Terror,Elementals,329,Water Revenant,Blocked,77,no-supported-skills
30643,Lava Blaze,Elementals,303,Fire Elemental,Blocked,81,no-supported-skills
30645,Water Terror,Elementals,329,Water Revenant,Blocked,80,protected-npc-vehicle-script; no-supported-skills
30660,Portal Guardian,Dragonkin,,Unassigned,Blocked,76,protected-rank; missing-or-ambiguous-model-assignment
30661,Azure Invader,Dragonkin,,Unassigned,Blocked,75,protected-rank; protected-npc-vehicle-script; missing-or-ambiguous-model-assignment
30662,Azure Spellbreaker,Dragonkin,,Unassigned,Blocked,75,protected-rank; protected-npc-vehicle-script; missing-or-ambiguous-model-assignment
30663,Azure Binder,Dragonkin,,Unassigned,Blocked,75,protected-rank; protected-npc-vehicle-script; missing-or-ambiguous-model-assignment
30666,Azure Captain,Dragonkin,,Unassigned,Blocked,75,protected-rank; protected-npc-vehicle-script; missing-or-ambiguous-model-assignment
30667,Azure Sorceror,Dragonkin,,Unassigned,Blocked,75,protected-rank; protected-npc-vehicle-script; missing-or-ambiguous-model-assignment
30668,Azure Raider,Dragonkin,,Unassigned,Blocked,75,protected-rank; protected-npc-vehicle-script; missing-or-ambiguous-model-assignment
30670,Scourge Proxy Chapter II,Undead,,Unassigned,Blocked,77,missing-or-ambiguous-model-assignment
30680,Onyx Brood General,Dragonkin,,Unassigned,Blocked,81,protected-rank; missing-or-ambiguous-model-assignment
30681,Onyx Blaze Mistress,Dragonkin,,Unassigned,Blocked,81,protected-rank; missing-or-ambiguous-model-assignment
30682,Onyx Flight Captain,Dragonkin,,Unassigned,Blocked,81,protected-rank; missing-or-ambiguous-model-assignment
30687,Skeletal Constructor,Undead,229,Wraith,Blocked,80,no-supported-skills
30688,Disciple of Shadron,Dragonkin,,Unassigned,Blocked,81,protected-rank; missing-or-ambiguous-model-assignment
30689,Chained Abomination,Undead,203,Abomination,Blocked,80,"Assignment proposed; server spell definitions missing: 80186, 80190"
30695,Portal Keeper,Dragonkin,,Unassigned,Blocked,76,protected-rank; missing-or-ambiguous-model-assignment
30696,Corpulent Horror,Undead,203,Abomination,Blocked,80,"Assignment proposed; server spell definitions missing: 80186, 80190"
30697,Putrid Colossus,Undead,,Unassigned,Blocked,80,protected-rank; missing-or-ambiguous-model-assignment
30698,Morbidus,Undead,,Unassigned,Blocked,80,protected-rank; protected-npc-vehicle-script; missing-or-ambiguous-model-assignment
30701,Vile Creeper,Undead,216,Geist,Blocked,79,no-ability-profile
30728,Unspiked Ghoul,Undead,218,Ghoul,Active,80,Enabled mapping; runtime eligibility still applies.
30743,Succubus Transform 01,Demons,135,Succubus,Staged,20,Assignment candidate; profile/build/effect validation pending.
30746,Master Summoner Zarod,Undead,219,Lich,Active,80,Enabled mapping; runtime eligibility still applies.
30748,Prince Keleseth (1),Undead,,Unassigned,Blocked,81,protected-rank; missing-or-ambiguous-model-assignment
30756,Avenging Spirit (1),Undead,217,Ghost,Blocked,80,no-ability-profile
30763,Crystalfused Miner (1),Demons,124,Gan'arg,Active,70,Enabled mapping; runtime eligibility still applies.
30773,Gan'arg Analyzer (1),Demons,124,Gan'arg,Active,70,Enabled mapping; runtime eligibility still applies.
30775,Grauf (1),Dragonkin,,Unassigned,Blocked,82,protected-rank; missing-or-ambiguous-model-assignment
30778,Image of Arthas (1),Undead,,Unassigned,Blocked,80,protected-rank; missing-or-ambiguous-model-assignment
30788,King Ymiron (1),Undead,,Unassigned,Blocked,82,protected-rank; missing-or-ambiguous-model-assignment
30791,Mindless Servant (1),Undead,225,Skeleton,Active,80,Enabled mapping; runtime eligibility still applies.
30793,Mo'arg Extractor (1),Demons,144,Mo'arg Engineer,Blocked,71,"Assignment proposed; server spell definitions missing: 80183, 80184, 80185"
30804,Ritual Channeler (1),Undead,204,Banshee,Active,81,Enabled mapping; runtime eligibility still applies.
30806,Scourge Hulk (1),Undead,203,Abomination,Blocked,81,protected-rank
30807,Skadi the Ruthless (1),Undead,,Unassigned,Blocked,82,protected-rank; missing-or-ambiguous-model-assignment
30810,Svala Sorrowgrave (1),Undead,226,Val'kyr,Blocked,82,protected-rank; no-ability-profile
30816,Ymirjar Berserker (1),Undead,227,Vargul,Blocked,80,protected-rank; no-ability-profile
30817,Ymirjar Dusk Shaman (1),Undead,227,Vargul,Blocked,80,protected-rank; no-ability-profile
30818,Ymirjar Flesh Hunter (1),Undead,227,Vargul,Blocked,80,protected-rank; no-ability-profile
30819,Ymirjar Harpooner (1),Undead,227,Vargul,Blocked,80,protected-rank; no-ability-profile
30821,Ymirjar Savage (1),Undead,227,Vargul,Blocked,80,protected-rank; no-ability-profile
30822,Ymirjar Warrior (1),Undead,227,Vargul,Blocked,80,protected-rank; no-ability-profile
30823,Ymirjar Witch Doctor (1),Undead,227,Vargul,Blocked,80,protected-rank; no-ability-profile
30829,Salranax the Flesh Render,Undead,227,Vargul,Blocked,79,protected-rank; no-ability-profile
30830,Underking Talonox,Undead,208,Crypt Lord,Blocked,79,protected-rank
30831,High Priest Yath'amon,Undead,,Unassigned,Blocked,79,protected-rank; missing-or-ambiguous-model-assignment
30836,Image of Vardmadra,Undead,226,Val'kyr,Blocked,80,protected-rank; no-ability-profile
30842,Wandering Shadow,Elementals,224,Shade,Blocked,80,creature-type-mismatch
30843,Severed Soul,Undead,217,Ghost,Blocked,80,no-ability-profile
30845,Living Lasher,Elementals,,Unassigned,Blocked,80,missing-or-ambiguous-model-assignment
30846,Glacial Spirit,Elementals,304,Water Elemental,Blocked,80,no-supported-skills
30847,Raging Flame,Elementals,303,Fire Elemental,Blocked,80,no-supported-skills
30848,Whispering Wind,Elementals,301,Air Elemental,Blocked,80,no-supported-skills
30849,Chilled Earth Elemental,Elementals,302,Earth Elemental,Blocked,80,no-supported-skills
30851,Melt,Undead,218,Ghoul,Active,78,Enabled mapping; runtime eligibility still applies.
30858,Disciple of Vesperon,Dragonkin,,Unassigned,Blocked,81,protected-rank; missing-or-ambiguous-model-assignment
30861,Unbound Ancient,Elementals,,Unassigned,Blocked,80,protected-rank; missing-or-ambiguous-model-assignment
30862,Unbound Ent,Elementals,394,Treant,Blocked,77,no-ability-profile
30863,Shandaral Druid Spirit,Undead,,Unassigned,Blocked,78,missing-or-ambiguous-model-assignment
30864,Shandaral Hunter Spirit,Undead,,Unassigned,Blocked,78,missing-or-ambiguous-model-assignment
30865,Shandaral Warrior Spirit,Undead,,Unassigned,Blocked,78,missing-or-ambiguous-model-assignment
30872,Shadow Revenant,Elementals,326,Air Revenant,Active,80,Enabled mapping; runtime eligibility still applies.
30873,Flame Revenant,Elementals,328,Fire Revenant,Blocked,80,no-supported-skills
30875,Tempest Revenant,Elementals,326,Air Revenant,Active,80,Enabled mapping; runtime eligibility still applies.
30876,Earthbound Revenant,Elementals,327,Earth Revenant,Active,80,Enabled mapping; runtime eligibility still applies.
30877,Water Revenant,Elementals,329,Water Revenant,Blocked,80,no-supported-skills
30890,Twilight Whelp,Dragonkin,,Unassigned,Blocked,81,protected-rank; protected-npc-vehicle-script; missing-or-ambiguous-model-assignment
30892,Portal Guardian,Dragonkin,,Unassigned,Blocked,76,protected-rank; missing-or-ambiguous-model-assignment
30893,Portal Keeper,Dragonkin,,Unassigned,Blocked,76,protected-rank; missing-or-ambiguous-model-assignment
30894,Lithe Stalker,Undead,216,Geist,Blocked,80,no-ability-profile
30895,Lithe Stalker,Undead,216,Geist,Blocked,80,protected-npc-vehicle-script; no-ability-profile
30901,Azure Inquisitor (1),Dragonkin,,Unassigned,Blocked,80,protected-rank; missing-or-ambiguous-model-assignment
30902,Azure Ley-Whelp (1),Dragonkin,414,Blue Whelp,Blocked,80,Assignment proposed; server spell definitions missing: 91762
30903,Azure Ring Guardian (1),Dragonkin,,Unassigned,Blocked,80,protected-rank; missing-or-ambiguous-model-assignment
30904,Azure Spellbinder (1),Dragonkin,,Unassigned,Blocked,80,protected-rank; missing-or-ambiguous-model-assignment
30906,Phantasmal Air (1),Elementals,301,Air Elemental,Blocked,80,protected-rank; no-supported-skills
30908,Phantasmal Fire (1),Elementals,303,Fire Elemental,Blocked,80,protected-rank; no-supported-skills
30913,Phantasmal Water (1),Elementals,304,Water Elemental,Blocked,81,protected-rank; no-supported-skills
30917,Snowflake (1),Elementals,,Unassigned,Blocked,80,missing-or-ambiguous-model-assignment
30918,Azure Binder,Dragonkin,,Unassigned,Blocked,75,protected-rank; protected-npc-vehicle-script; missing-or-ambiguous-model-assignment
30920,Lumbering Atrocity,Undead,203,Abomination,Blocked,80,"Assignment proposed; server spell definitions missing: 80186, 80190"
30921,Skeletal Runesmith,Undead,225,Skeleton,Active,80,Enabled mapping; runtime eligibility still applies.
30922,Umbral Brute,Undead,227,Vargul,Blocked,80,no-ability-profile
30938,Living Mojo (1),Elementals,304,Water Elemental,Blocked,80,protected-rank; no-supported-skills
30944,Vereth the Cunning,Undead,,Unassigned,Blocked,80,protected-rank; protected-npc-vehicle-script; missing-or-ambiguous-model-assignment
30945,Vardmadra,Undead,226,Val'kyr,Blocked,80,protected-rank; no-ability-profile
30946,Keritose Bloodblade,Undead,,Unassigned,Blocked,80,protected-rank; protected-npc-vehicle-script; missing-or-ambiguous-model-assignment
30947,Eidolon Watcher,Undead,224,Shade,Active,80,Enabled mapping; runtime eligibility still applies.
30949,Risen Laborer,Undead,225,Skeleton,Active,80,Enabled mapping; runtime eligibility still applies.
30951,Restless Lookout,Undead,218,Ghoul,Active,80,Enabled mapping; runtime eligibility still applies.
30952,Hungering Plaguehound,Undead,,Unassigned,Blocked,80,missing-or-ambiguous-model-assignment
30953,Baelok,Undead,,Unassigned,Blocked,80,protected-rank; missing-or-ambiguous-model-assignment
30954,Rokir,Undead,,Unassigned,Blocked,80,protected-rank; missing-or-ambiguous-model-assignment
30955,Lady Nightswood,Undead,204,Banshee,Blocked,80,protected-rank
30956,Sapph,Undead,,Unassigned,Blocked,80,protected-rank; missing-or-ambiguous-model-assignment
30957,Death Knight Initiate,Undead,,Unassigned,Blocked,80,missing-or-ambiguous-model-assignment
30958,Death Knight Initiate,Undead,,Unassigned,Blocked,80,missing-or-ambiguous-model-assignment
30960,Risen Soldier,Undead,,Unassigned,Blocked,80,missing-or-ambiguous-model-assignment
30961,Azure Invader,Dragonkin,,Unassigned,Blocked,75,protected-rank; protected-npc-vehicle-script; missing-or-ambiguous-model-assignment
30962,Azure Spellbreaker,Dragonkin,,Unassigned,Blocked,75,protected-rank; protected-npc-vehicle-script; missing-or-ambiguous-model-assignment
30964,Blistering Steamrager (1),Elementals,224,Shade,Blocked,80,protected-rank; creature-type-mismatch
30965,Cyclone (1),Elementals,301,Air Elemental,Blocked,80,no-supported-skills
30969,Molten Golem (1),Elementals,,Unassigned,Blocked,80,missing-or-ambiguous-model-assignment
30970,Slag (1),Elementals,302,Earth Elemental,Blocked,80,no-supported-skills
30978,Stormfury Revenant (1),Elementals,326,Air Revenant,Blocked,80,protected-rank
30979,Storming Vortex (1),Elementals,301,Air Elemental,Blocked,80,protected-rank; no-supported-skills
30983,Unbound Firestorm (1),Elementals,328,Fire Revenant,Blocked,80,protected-rank; no-supported-skills
30984,Scourge Drudge,Undead,218,Ghoul,Active,77,Enabled mapping; runtime eligibility still applies.
30985,Summoned Soldier,Undead,,Unassigned,Blocked,80,missing-or-ambiguous-model-assignment
30986,Reanimated Captain,Undead,,Unassigned,Blocked,78,protected-rank; missing-or-ambiguous-model-assignment
30987,Hideous Plaguebringer,Undead,,Unassigned,Blocked,80,protected-rank; missing-or-ambiguous-model-assignment
30988,Scourgebeak Fleshripper,Undead,,Unassigned,Blocked,80,missing-or-ambiguous-model-assignment
30989,Halof the Deathbringer,Undead,,Unassigned,Blocked,80,protected-rank; missing-or-ambiguous-model-assignment
30991,Greater Ley-Whelp (1),Dragonkin,414,Blue Whelp,Blocked,80,protected-rank
30992,Doctor Sabnok,Undead,,Unassigned,Blocked,80,protected-rank; missing-or-ambiguous-model-assignment
30993,Patches,Undead,218,Ghoul,Active,80,Enabled mapping; runtime eligibility still applies.
30997,Chromie,Dragonkin,,Unassigned,Blocked,80,protected-npc-vehicle-script; missing-or-ambiguous-model-assignment
30998,Onyx Blaze Mistress (1),Dragonkin,,Unassigned,Blocked,81,protected-rank; missing-or-ambiguous-model-assignment
30999,Onyx Brood General (1),Dragonkin,,Unassigned,Blocked,81,protected-rank; missing-or-ambiguous-model-assignment
31000,Onyx Flight Captain (1),Dragonkin,,Unassigned,Blocked,81,protected-rank; missing-or-ambiguous-model-assignment
31001,Onyx Sanctum Guardian (1),Dragonkin,,Unassigned,Blocked,81,protected-rank; missing-or-ambiguous-model-assignment
31007,Azure Binder,Dragonkin,,Unassigned,Blocked,75,protected-rank; missing-or-ambiguous-model-assignment
31008,Azure Invader,Dragonkin,,Unassigned,Blocked,75,protected-rank; missing-or-ambiguous-model-assignment
31009,Azure Spellbreaker,Dragonkin,,Unassigned,Blocked,75,protected-rank; missing-or-ambiguous-model-assignment
31012,Iceskin Sentry,Undead,215,Gargoyle,Active,80,Enabled mapping; runtime eligibility still applies.
31014,[UNUSED] The Lich King,Undead,,Unassigned,Blocked,83,protected-rank; missing-or-ambiguous-model-assignment
31015,Intrepid Ghoul,Undead,218,Ghoul,Active,80,Enabled mapping; runtime eligibility still applies.
31029,Possessed Vardmadra,Undead,226,Val'kyr,Blocked,80,protected-rank; no-ability-profile
31037,Forgotten Depths High Priest,Undead,,Unassigned,Blocked,77,missing-or-ambiguous-model-assignment
31039,Forgotten Depths Underking,Undead,208,Crypt Lord,Active,78,Enabled mapping; runtime eligibility still applies.
31040,Wrathstrike Gargoyle,Undead,215,Gargoyle,Active,77,Enabled mapping; runtime eligibility still applies.
31041,Dispirited Ent,Elementals,394,Treant,Blocked,76,no-ability-profile
31042,Death Knight Adept,Undead,,Unassigned,Blocked,80,missing-or-ambiguous-model-assignment
31043,Reanimated Crusader,Undead,,Unassigned,Blocked,77,missing-or-ambiguous-model-assignment
31048,Burning Skeleton,Undead,225,Skeleton,Active,79,Enabled mapping; runtime eligibility still applies.
31069,Penumbrius,Dragonkin,,Unassigned,Blocked,80,protected-rank; protected-npc-vehicle-script; missing-or-ambiguous-model-assignment
31070,Argent Skytalon,Dragonkin,,Unassigned,Blocked,77,missing-or-ambiguous-model-assignment
31071,Quest - Wintergrasp - PvP Kill - Fire,Elementals,328,Fire Revenant,Blocked,80,protected-rank; no-supported-skills
31072,Quest - Wintergrasp - PvP Kill - Water,Elementals,328,Fire Revenant,Blocked,80,protected-rank; no-supported-skills
31073,Quest - Wintergrasp - PvP Kill - Shadow,Elementals,328,Fire Revenant,Blocked,80,protected-rank; no-supported-skills
31074,Quest - Wintergrasp - PvP Kill - Life,Elementals,328,Fire Revenant,Blocked,80,protected-rank; no-supported-skills
31078,Dreadwind,Undead,215,Gargoyle,Blocked,75,protected-rank; protected-npc-vehicle-script
31079,Azure Saboteur,Dragonkin,,Unassigned,Blocked,75,protected-rank; protected-npc-vehicle-script; missing-or-ambiguous-model-assignment
31082,Scourge Commander Thalanor,Undead,,Unassigned,Blocked,80,protected-rank; protected-npc-vehicle-script; missing-or-ambiguous-model-assignment
31083,The Lich King,Undead,,Unassigned,Blocked,83,protected-rank; missing-or-ambiguous-model-assignment
31084,Highlord Darion Mograine,Undead,,Unassigned,Blocked,83,protected-rank; protected-npc-vehicle-script; missing-or-ambiguous-model-assignment
31086,Quest - Wintergrasp - PvP Kill - Alliance,Elementals,328,Fire Revenant,Blocked,80,protected-rank; no-supported-skills
31087,Lady Nightswood,Undead,204,Banshee,Blocked,80,protected-rank
31088,Koltira Deathweaver,Undead,,Unassigned,Blocked,60,protected-rank; missing-or-ambiguous-model-assignment
31089,Thassarian,Undead,,Unassigned,Blocked,60,protected-rank; missing-or-ambiguous-model-assignment
31090,Cowardly Acherus Geist,Undead,216,Geist,Blocked,50,no-ability-profile
31093,Quest - Wintergrasp - PvP Kill - Vehicle,Elementals,328,Fire Revenant,Blocked,80,protected-rank; no-supported-skills
31094,Knight of the Ebon Blade,Undead,,Unassigned,Blocked,57,protected-rank; missing-or-ambiguous-model-assignment
31095,Val'kyr Battle-maiden,Undead,226,Val'kyr,Blocked,59,protected-rank; no-ability-profile
31096,Scourge Necromancer,Undead,,Unassigned,Blocked,60,protected-rank; missing-or-ambiguous-model-assignment
31097,Frightened Ghoul,Undead,218,Ghoul,Active,50,Enabled mapping; runtime eligibility still applies.
31098,Terrifying Abomination,Undead,203,Abomination,Blocked,57,protected-rank
31099,Patchwerk,Undead,203,Abomination,Blocked,63,protected-rank
31100,Acherus Scourge Proxy,Undead,216,Geist,Blocked,50,no-ability-profile
31104,Ahn'kahar Watcher,Undead,,Unassigned,Blocked,79,protected-rank; missing-or-ambiguous-model-assignment
31107,Lieutenant Murp,Undead,203,Abomination,Blocked,80,protected-rank; protected-npc-vehicle-script
31110,Eidolon Watcher,Undead,224,Shade,Blocked,80,protected-npc-vehicle-script
31118,Azure Raider,Dragonkin,,Unassigned,Blocked,75,protected-rank; missing-or-ambiguous-model-assignment
31123,Shandaral Spirit Wolf,Undead,,Unassigned,Blocked,78,missing-or-ambiguous-model-assignment
31124,Brutal Nether Drake,Dragonkin,,Unassigned,Blocked,10,missing-or-ambiguous-model-assignment
31134,Cyanigosa,Dragonkin,,Unassigned,Blocked,77,protected-rank; protected-npc-vehicle-script; missing-or-ambiguous-model-assignment
31135,Geirrvif,Undead,226,Val'kyr,Blocked,80,protected-rank; protected-npc-vehicle-script; no-ability-profile
31137,Frostbrood Skytalon,Undead,,Unassigned,Blocked,80,protected-npc-vehicle-script; missing-or-ambiguous-model-assignment
31139,Pustulent Horror,Undead,,Unassigned,Blocked,81,protected-rank; protected-npc-vehicle-script; missing-or-ambiguous-model-assignment
31140,Hulking Abomination,Undead,203,Abomination,Blocked,80,"Assignment proposed; server spell definitions missing: 80186, 80190"
31141,Decaying Wight,Undead,228,Wight,Active,80,Enabled mapping; runtime eligibility still applies.
31142,Icy Ghoul,Undead,218,Ghoul,Active,80,Enabled mapping; runtime eligibility still applies.
31147,Vicious Geist,Undead,216,Geist,Blocked,80,no-ability-profile
31150,Plagued Fiend,Undead,,Unassigned,Blocked,80,missing-or-ambiguous-model-assignment
31152,Undying Minion,Undead,,Unassigned,Blocked,80,missing-or-ambiguous-model-assignment
31154,Gjonner the Merciless,Undead,,Unassigned,Blocked,80,protected-rank; protected-npc-vehicle-script; missing-or-ambiguous-model-assignment
31155,Malefic Necromancer,Undead,229,Wraith,Blocked,80,no-supported-skills
31156,Quest - Wintergrasp - Tower Kill,Elementals,328,Fire Revenant,Blocked,80,protected-rank; no-supported-skills
31157,Skeletal Assault Gryphon,Undead,,Unassigned,Blocked,80,protected-npc-vehicle-script; missing-or-ambiguous-model-assignment
31159,Baelok,Undead,,Unassigned,Blocked,80,protected-rank; missing-or-ambiguous-model-assignment
31160,Rokir,Undead,,Unassigned,Blocked,80,protected-rank; missing-or-ambiguous-model-assignment
31161,Sapph,Undead,,Unassigned,Blocked,80,protected-rank; missing-or-ambiguous-model-assignment
31163,Icefury,Undead,,Unassigned,Blocked,80,protected-rank; missing-or-ambiguous-model-assignment
31178,Enraging Ghoul (1),Undead,218,Ghoul,Blocked,80,protected-rank
31179,Devouring Ghoul (1),Undead,218,Ghoul,Blocked,80,protected-rank
31183,Skeletal Minion (1),Undead,225,Skeleton,Active,80,Enabled mapping; runtime eligibility still applies.
31187,Crypt Fiend (1),Undead,207,Crypt Fiend,Blocked,80,protected-rank
31188,Tomb Stalker (1),Undead,207,Crypt Fiend,Blocked,80,protected-rank
31191,Father Jhadras,Undead,,Unassigned,Blocked,80,protected-rank; missing-or-ambiguous-model-assignment
31192,Masud,Undead,,Unassigned,Blocked,80,protected-rank; missing-or-ambiguous-model-assignment
31193,Geness Half-Soul,Undead,,Unassigned,Blocked,80,protected-rank; missing-or-ambiguous-model-assignment
31194,Talla,Undead,,Unassigned,Blocked,80,protected-rank; missing-or-ambiguous-model-assignment
31195,Eldreth,Undead,,Unassigned,Blocked,80,protected-rank; missing-or-ambiguous-model-assignment
31196,Rith,Undead,,Unassigned,Blocked,80,protected-rank; missing-or-ambiguous-model-assignment
31198,Coprous the Defiled,Undead,,Unassigned,Blocked,82,protected-rank; missing-or-ambiguous-model-assignment
31199,Patchwork Construct (1),Undead,203,Abomination,Blocked,81,protected-rank
31200,Bile Golem (1),Undead,203,Abomination,Blocked,81,protected-rank
31202,Infinite Adversary (1),Dragonkin,479,Infinite Scalebane,Blocked,80,protected-rank
31203,Infinite Agent (1),Dragonkin,480,Infinite Wyrmkin,Blocked,80,protected-rank; no-supported-skills
31205,Risen Alliance Soldier,Undead,,Unassigned,Blocked,80,missing-or-ambiguous-model-assignment
31206,Infinite Hunter (1),Dragonkin,,Unassigned,Blocked,80,protected-rank; missing-or-ambiguous-model-assignment
31207,Ghoul Minion (1),Undead,218,Ghoul,Active,82,Enabled mapping; runtime eligibility still applies.
31208,Risen Zombie (1),Undead,230,Zombie,Active,80,Enabled mapping; runtime eligibility still applies.
31211,Meathook (1),Undead,203,Abomination,Blocked,82,protected-rank
31214,Sartharion Twilight Whelp,Dragonkin,,Unassigned,Blocked,81,protected-rank; missing-or-ambiguous-model-assignment
31215,Chrono-Lord Epoch (1),Dragonkin,478,Infinite Drakonid,Blocked,82,protected-rank; no-supported-skills
31217,Mal'Ganis (1),Demons,,Unassigned,Blocked,82,protected-rank; missing-or-ambiguous-model-assignment
31218,Acolyte of Shadron,Dragonkin,,Unassigned,Blocked,81,protected-rank; missing-or-ambiguous-model-assignment
31219,Acolyte of Vesperon,Dragonkin,,Unassigned,Blocked,81,protected-rank; missing-or-ambiguous-model-assignment
31220,Plaguehoof,Undead,,Unassigned,Blocked,80,protected-rank; protected-npc-vehicle-script; missing-or-ambiguous-model-assignment
31221,Bloodsunder,Undead,,Unassigned,Blocked,80,protected-rank; missing-or-ambiguous-model-assignment
31222,Khit'rix the Dark Master,Undead,,Unassigned,Blocked,80,protected-rank; missing-or-ambiguous-model-assignment
31223,Bloodsunder,Undead,,Unassigned,Blocked,80,protected-rank; missing-or-ambiguous-model-assignment
31224,Icefury,Undead,,Unassigned,Blocked,80,protected-rank; protected-npc-vehicle-script; missing-or-ambiguous-model-assignment
31225,Plaguehoof,Undead,,Unassigned,Blocked,80,protected-rank; protected-npc-vehicle-script; missing-or-ambiguous-model-assignment
31226,Lumbering Atrocity,Undead,203,Abomination,Blocked,80,"Assignment proposed; server spell definitions missing: 80186, 80190"
31227,Death Knight Warhorse,Undead,,Unassigned,Blocked,1,missing-or-ambiguous-model-assignment
31228,Grove Walker,Elementals,394,Treant,Blocked,77,no-ability-profile
31229,Ancient Watcher,Elementals,,Unassigned,Blocked,80,protected-rank; missing-or-ambiguous-model-assignment
31231,Lost Shandaral Spirit,Undead,,Unassigned,Blocked,78,missing-or-ambiguous-model-assignment
31237,Matthias Lehner,Undead,,Unassigned,Blocked,80,protected-npc-vehicle-script; missing-or-ambiguous-model-assignment
31244,Quest - Wintergrasp - Structure Kill,Elementals,328,Fire Revenant,Blocked,80,protected-rank; no-supported-skills
31251,Shadow Vault Skirmisher,Undead,216,Geist,Blocked,77,no-ability-profile
31255,Saronite Shaper,Undead,,Unassigned,Blocked,80,protected-rank; missing-or-ambiguous-model-assignment
31263,Carrion Hunter,Undead,,Unassigned,Blocked,80,missing-or-ambiguous-model-assignment
31266,Shadow Vault Assaulter,Undead,,Unassigned,Blocked,80,missing-or-ambiguous-model-assignment
31268,The Prodigal Leader,Undead,,Unassigned,Blocked,80,protected-rank; protected-npc-vehicle-script; missing-or-ambiguous-model-assignment
31271,Carnage,Undead,,Unassigned,Blocked,80,protected-rank; missing-or-ambiguous-model-assignment
31274,Death Knight Overseer,Undead,,Unassigned,Blocked,80,missing-or-ambiguous-model-assignment
31278,Ravenous Ghoul,Undead,218,Ghoul,Active,80,Enabled mapping; runtime eligibility still applies.
31283,Orbaz Bloodbane,Undead,,Unassigned,Blocked,80,protected-rank; missing-or-ambiguous-model-assignment
31284,Quest - Wintergrasp - Vehicle Protected,Elementals,328,Fire Revenant,Blocked,80,protected-rank; no-supported-skills
31286,Quest - Wintergrasp - Bridge Kill,Elementals,328,Fire Revenant,Blocked,80,protected-rank; no-supported-skills
31287,Quest - Wintergrasp - Wall Kill,Elementals,328,Fire Revenant,Blocked,80,protected-rank; no-supported-skills
31288,Quest - Wintergrasp - Workshop Kill,Elementals,328,Fire Revenant,Blocked,80,protected-rank; no-supported-skills
31289,Quest - Wintergrasp - Gate Kill,Elementals,328,Fire Revenant,Blocked,80,protected-rank; no-supported-skills
31301,The Lich King,Undead,,Unassigned,Blocked,83,protected-rank; missing-or-ambiguous-model-assignment
31311,Sartharion (1),Dragonkin,,Unassigned,Blocked,83,protected-rank; missing-or-ambiguous-model-assignment
31317,Lava Blaze (1),Elementals,303,Fire Elemental,Blocked,81,no-supported-skills
31318,Death Knight Adept,Undead,,Unassigned,Blocked,80,missing-or-ambiguous-model-assignment
31320,Umbral Brute,Undead,227,Vargul,Blocked,80,no-ability-profile
31321,Skeletal Runesmith,Undead,225,Skeleton,Active,80,Enabled mapping; runtime eligibility still applies.
31322,Saronite Shaper,Undead,,Unassigned,Blocked,80,protected-rank; missing-or-ambiguous-model-assignment
31323,Lithe Stalker,Undead,216,Geist,Blocked,80,no-ability-profile
31324,Iceskin Sentry,Undead,215,Gargoyle,Active,80,Enabled mapping; runtime eligibility still applies.
31325,Death Knight Adept,Undead,,Unassigned,Blocked,80,missing-or-ambiguous-model-assignment
31326,Death Knight Initiate,Undead,,Unassigned,Blocked,80,missing-or-ambiguous-model-assignment
31327,Death Knight Initiate,Undead,,Unassigned,Blocked,80,missing-or-ambiguous-model-assignment
31333,Alexstrasza the Life-Binder,Dragonkin,,Unassigned,Blocked,83,protected-rank; protected-npc-vehicle-script; missing-or-ambiguous-model-assignment
31334,Korialstrasz,Dragonkin,,Unassigned,Blocked,83,protected-rank; missing-or-ambiguous-model-assignment
31342,Risen Drakkari Handler (1),Undead,,Unassigned,Blocked,81,protected-rank; missing-or-ambiguous-model-assignment
31346,Flesheating Ghoul (1),Undead,218,Ghoul,Blocked,80,protected-rank
31347,Ghoul Tormentor (1),Undead,218,Ghoul,Blocked,80,protected-rank
31348,Hulking Corpse (1),Undead,228,Wight,Blocked,80,protected-rank
31350,Novos the Summoner (1),Undead,219,Lich,Blocked,82,protected-rank
31351,Risen Drakkari Bat Rider (1),Undead,,Unassigned,Blocked,80,protected-rank; missing-or-ambiguous-model-assignment
31352,Risen Drakkari Death Knight (1),Undead,,Unassigned,Blocked,80,protected-rank; missing-or-ambiguous-model-assignment
31354,Risen Drakkari Soulmage (1),Undead,,Unassigned,Blocked,80,protected-rank; missing-or-ambiguous-model-assignment
31355,Risen Drakkari Warrior (1),Undead,,Unassigned,Blocked,80,protected-rank; missing-or-ambiguous-model-assignment
31356,Risen Shadowcaster (1),Undead,233,Skeletal Mage,Active,81,Enabled mapping; runtime eligibility still applies.
31357,Scourge Brute (1),Undead,225,Skeleton,Blocked,80,protected-rank
31360,The Prophet Tharon'ja (1),Undead,,Unassigned,Blocked,82,protected-rank; missing-or-ambiguous-model-assignment
31361,The Prophet Tharon'ja  (1),Undead,,Unassigned,Blocked,82,protected-rank; missing-or-ambiguous-model-assignment
31362,Trollgore (1),Undead,,Unassigned,Blocked,82,protected-rank; missing-or-ambiguous-model-assignment
31363,Wretched Belcher (1),Undead,203,Abomination,Blocked,80,protected-rank
31367,Drakkari Elemental (1),Elementals,304,Water Elemental,Blocked,82,protected-rank; no-supported-skills
31382,Lesser Air Elemental (1),Elementals,301,Air Elemental,Blocked,80,no-supported-skills
31393,Crystal Wyrm,Dragonkin,,Unassigned,Blocked,80,protected-rank; missing-or-ambiguous-model-assignment
31396,Val'kyr Taskmistress,Undead,226,Val'kyr,Blocked,80,no-ability-profile
31398,The Chosen Champion,Undead,,Unassigned,Blocked,82,protected-rank; missing-or-ambiguous-model-assignment
31402,Azure Scalebane,Dragonkin,,Unassigned,Blocked,79,missing-or-ambiguous-model-assignment
31403,Azure Spellweaver,Dragonkin,,Unassigned,Blocked,79,missing-or-ambiguous-model-assignment
31404,Azure Manabeast,Demons,,Unassigned,Blocked,78,missing-or-ambiguous-model-assignment
31411,Hulking Horror,Undead,,Unassigned,Blocked,79,missing-or-ambiguous-model-assignment
31413,Hulking Horror,Undead,,Unassigned,Blocked,79,missing-or-ambiguous-model-assignment
31432,Ghostwing,Dragonkin,,Unassigned,Blocked,80,protected-npc-vehicle-script; missing-or-ambiguous-model-assignment
31438,Shadow Vault Abomination,Undead,203,Abomination,Blocked,80,"Assignment proposed; server spell definitions missing: 80186, 80190"
31441,Ahn'kahar Guardian (1),Undead,,Unassigned,Blocked,81,protected-rank; missing-or-ambiguous-model-assignment
31442,Ahn'kahar Slasher (1),Undead,,Unassigned,Blocked,81,protected-rank; missing-or-ambiguous-model-assignment
31443,Ahn'kahar Spell Flinger (1),Undead,,Unassigned,Blocked,81,protected-rank; missing-or-ambiguous-model-assignment
31447,Ahn'kahar Swarmer (1),Undead,,Unassigned,Blocked,80,missing-or-ambiguous-model-assignment
31448,Ahn'kahar Swarmer  (1),Undead,,Unassigned,Blocked,80,missing-or-ambiguous-model-assignment
31449,Ahn'kahar Watcher (1),Undead,,Unassigned,Blocked,81,protected-rank; missing-or-ambiguous-model-assignment
31450,Ahn'kahar Web Winder (1),Undead,,Unassigned,Blocked,81,protected-rank; missing-or-ambiguous-model-assignment
31451,Bonegrinder (1),Undead,,Unassigned,Blocked,81,protected-rank; missing-or-ambiguous-model-assignment
31452,Bound Air Elemental (1),Elementals,301,Air Elemental,Blocked,81,protected-rank; no-supported-skills
31453,Bound Fire Elemental (1),Elementals,303,Fire Elemental,Blocked,81,protected-rank; no-supported-skills
31454,Bound Water Elemental (1),Elementals,304,Water Elemental,Blocked,81,protected-rank; no-supported-skills
31456,Elder Nadox (1),Undead,,Unassigned,Blocked,82,protected-rank; missing-or-ambiguous-model-assignment
31457,Eye of Taldaram (1),Undead,224,Shade,Blocked,81,protected-rank
31460,Frostbringer (1),Undead,229,Wraith,Blocked,81,protected-rank; no-supported-skills
31463,Amanitar (1),Elementals,,Unassigned,Blocked,82,protected-rank; missing-or-ambiguous-model-assignment
31466,Plague Walker (1),Undead,,Unassigned,Blocked,81,protected-rank; missing-or-ambiguous-model-assignment
31468,Plundering Geist (1),Undead,216,Geist,Blocked,80,no-ability-profile
31470,Savage Cave Beast (1),Elementals,,Unassigned,Blocked,81,protected-rank; missing-or-ambiguous-model-assignment
31483,Azure Binder (1),Dragonkin,,Unassigned,Blocked,80,protected-rank; missing-or-ambiguous-model-assignment
31484,Azure Binder (1),Dragonkin,,Unassigned,Blocked,80,protected-rank; missing-or-ambiguous-model-assignment
31485,Azure Binder (1),Dragonkin,,Unassigned,Blocked,80,protected-rank; missing-or-ambiguous-model-assignment
31486,Azure Captain (1),Dragonkin,,Unassigned,Blocked,81,protected-rank; missing-or-ambiguous-model-assignment
31487,Azure Invader (1),Dragonkin,,Unassigned,Blocked,80,protected-rank; missing-or-ambiguous-model-assignment
31488,Azure Invader (1),Dragonkin,,Unassigned,Blocked,80,protected-rank; missing-or-ambiguous-model-assignment
31489,Azure Invader (1),Dragonkin,,Unassigned,Blocked,80,protected-rank; missing-or-ambiguous-model-assignment
31490,Azure Raider (1),Dragonkin,,Unassigned,Blocked,80,protected-rank; missing-or-ambiguous-model-assignment
31491,Azure Raider (1),Dragonkin,,Unassigned,Blocked,80,protected-rank; missing-or-ambiguous-model-assignment
31492,Azure Saboteur (1),Dragonkin,,Unassigned,Blocked,80,protected-rank; missing-or-ambiguous-model-assignment
31493,Azure Sorceror (1),Dragonkin,,Unassigned,Blocked,80,protected-rank; missing-or-ambiguous-model-assignment
31494,Azure Spellbreaker (1),Dragonkin,,Unassigned,Blocked,80,protected-rank; missing-or-ambiguous-model-assignment
31495,Azure Spellbreaker (1),Dragonkin,,Unassigned,Blocked,80,protected-rank; missing-or-ambiguous-model-assignment
31496,Azure Spellbreaker (1),Dragonkin,,Unassigned,Blocked,80,protected-rank; missing-or-ambiguous-model-assignment
31501,Portal Guardian (1),Dragonkin,,Unassigned,Blocked,81,protected-rank; missing-or-ambiguous-model-assignment
31502,Portal Guardian (1),Dragonkin,,Unassigned,Blocked,81,protected-rank; missing-or-ambiguous-model-assignment
31503,Portal Keeper (1),Dragonkin,,Unassigned,Blocked,81,protected-rank; missing-or-ambiguous-model-assignment
31504,Portal Keeper (1),Dragonkin,,Unassigned,Blocked,81,protected-rank; missing-or-ambiguous-model-assignment
31506,Cyanigosa (1),Dragonkin,,Unassigned,Blocked,82,protected-rank; missing-or-ambiguous-model-assignment
31508,Ichoron (1),Elementals,329,Water Revenant,Blocked,82,protected-rank; no-supported-skills
31510,Moragg (1),Demons,131,Observer,Blocked,82,protected-rank
31512,Zuramat the Obliterator (1),Demons,,Unassigned,Blocked,82,protected-rank; missing-or-ambiguous-model-assignment
31515,Ichor Globule (1),Elementals,,Unassigned,Blocked,80,protected-rank; missing-or-ambiguous-model-assignment
31518,Void Sentry (1),Demons,,Unassigned,Blocked,80,missing-or-ambiguous-model-assignment
31519,Void Sentry (1),Demons,,Unassigned,Blocked,80,missing-or-ambiguous-model-assignment
31520,Shadron (1),Dragonkin,,Unassigned,Blocked,83,protected-rank; missing-or-ambiguous-model-assignment
31527,Felguard Marauder,Demons,126,Felguard,Blocked,74,protected-rank
31528,Plagued Felbeast,Demons,,Unassigned,Blocked,74,missing-or-ambiguous-model-assignment
31529,Ravishing Betrayer,Demons,135,Succubus,Staged,74,Assignment candidate; profile/build/effect validation pending.
31531,Perfidious Dreadlord,Undead,128,Nathrezim,Blocked,75,protected-rank; creature-type-mismatch
31532,Treacherous Guardian,Undead,203,Abomination,Blocked,74,protected-rank
31534,Tenebron (1),Dragonkin,,Unassigned,Blocked,83,protected-rank; missing-or-ambiguous-model-assignment
31535,Vesperon (1),Dragonkin,,Unassigned,Blocked,83,protected-rank; missing-or-ambiguous-model-assignment
31537,Ionar (1),Elementals,326,Air Revenant,Blocked,82,protected-rank
31540,Twilight Whelp (1),Dragonkin,,Unassigned,Blocked,81,protected-rank; missing-or-ambiguous-model-assignment
31541,Acolyte of Shadron (1),Dragonkin,,Unassigned,Blocked,81,protected-rank; missing-or-ambiguous-model-assignment
31543,Acolyte of Vesperon (1),Dragonkin,,Unassigned,Blocked,81,protected-rank; missing-or-ambiguous-model-assignment
31544,Disciple of Shadron (1),Dragonkin,,Unassigned,Blocked,81,protected-rank; missing-or-ambiguous-model-assignment
31546,Disciple of Vesperon (1),Dragonkin,,Unassigned,Blocked,81,protected-rank; missing-or-ambiguous-model-assignment
31548,Sartharion Twilight Whelp (1),Dragonkin,,Unassigned,Blocked,81,protected-rank; missing-or-ambiguous-model-assignment
31554,Restless Lookout,Undead,218,Ghoul,Active,80,Enabled mapping; runtime eligibility still applies.
31555,Risen Laborer,Undead,225,Skeleton,Active,80,Enabled mapping; runtime eligibility still applies.
31556,Hungering Plaguehound,Undead,,Unassigned,Blocked,80,missing-or-ambiguous-model-assignment
31558,Drakos the Interrogator (1),Dragonkin,,Unassigned,Blocked,82,protected-rank; missing-or-ambiguous-model-assignment
31559,Varos Cloudstrider (1),Dragonkin,,Unassigned,Blocked,82,protected-rank; missing-or-ambiguous-model-assignment
31561,Ley-Guardian Eregos (1),Dragonkin,,Unassigned,Blocked,82,protected-rank; missing-or-ambiguous-model-assignment
31565,Varimathras,Demons,,Unassigned,Blocked,80,protected-rank; missing-or-ambiguous-model-assignment
31583,Frostbrood Skytalon,Undead,,Unassigned,Blocked,80,protected-npc-vehicle-script; missing-or-ambiguous-model-assignment
31585,Animated Bones (1),Undead,225,Skeleton,Active,81,Enabled mapping; runtime eligibility still applies.
31586,Anub'ar Assassin (1),Undead,,Unassigned,Blocked,81,missing-or-ambiguous-model-assignment
31587,Anub'ar Brood Keeper (1),Undead,,Unassigned,Blocked,81,protected-rank; missing-or-ambiguous-model-assignment
31588,Anub'ar Champion (1),Undead,,Unassigned,Blocked,73,missing-or-ambiguous-model-assignment
31589,Anub'ar Champion (1),Undead,,Unassigned,Blocked,81,missing-or-ambiguous-model-assignment
31590,Anub'ar Champion (1),Undead,,Unassigned,Blocked,81,missing-or-ambiguous-model-assignment
31591,Anub'ar Champion (1),Undead,,Unassigned,Blocked,81,missing-or-ambiguous-model-assignment
31592,Anub'ar Crusher (1),Undead,208,Crypt Lord,Blocked,80,protected-rank
31593,Anub'ar Crypt Fiend (1),Undead,207,Crypt Fiend,Active,81,Enabled mapping; runtime eligibility still applies.
31594,Anub'ar Crypt Fiend (1),Undead,207,Crypt Fiend,Active,81,Enabled mapping; runtime eligibility still applies.
31595,Anub'ar Crypt Fiend (1),Undead,207,Crypt Fiend,Active,81,Enabled mapping; runtime eligibility still applies.
31596,Anub'ar Crypt Fiend (1),Undead,207,Crypt Fiend,Active,81,Enabled mapping; runtime eligibility still applies.
31597,Anub'ar Darter (1),Undead,,Unassigned,Blocked,81,missing-or-ambiguous-model-assignment
31598,Anub'ar Darter (1),Undead,,Unassigned,Blocked,81,missing-or-ambiguous-model-assignment
31599,Anub'ar Guardian (1),Undead,,Unassigned,Blocked,81,protected-rank; missing-or-ambiguous-model-assignment
31600,Anub'ar Necromancer (1),Undead,,Unassigned,Blocked,81,missing-or-ambiguous-model-assignment
31601,Anub'ar Necromancer (1),Undead,,Unassigned,Blocked,81,missing-or-ambiguous-model-assignment
31602,Anub'ar Necromancer (1),Undead,,Unassigned,Blocked,81,missing-or-ambiguous-model-assignment
31603,Anub'ar Necromancer (1),Undead,,Unassigned,Blocked,81,missing-or-ambiguous-model-assignment
31604,Anub'ar Prime Guard (1),Undead,,Unassigned,Blocked,81,protected-rank; missing-or-ambiguous-model-assignment
31605,Anub'ar Shadowcaster (1),Undead,,Unassigned,Blocked,80,protected-rank; missing-or-ambiguous-model-assignment
31606,Anub'ar Skirmisher (1),Undead,,Unassigned,Blocked,80,protected-rank; missing-or-ambiguous-model-assignment
31607,Anub'ar Venomancer (1),Undead,,Unassigned,Blocked,81,protected-rank; missing-or-ambiguous-model-assignment
31608,Anub'ar Warrior (1),Undead,,Unassigned,Blocked,80,protected-rank; missing-or-ambiguous-model-assignment
31609,Anub'ar Webspinner (1),Undead,,Unassigned,Blocked,81,protected-rank; missing-or-ambiguous-model-assignment
31610,Anub'arak (1),Undead,208,Crypt Lord,Blocked,82,protected-rank
31612,Krik'thir the Gatewatcher (1),Undead,,Unassigned,Blocked,82,protected-rank; missing-or-ambiguous-model-assignment
31613,Skittering Infector (1),Undead,,Unassigned,Blocked,80,missing-or-ambiguous-model-assignment
31614,Skittering Swarmer (1),Undead,,Unassigned,Blocked,80,protected-rank; missing-or-ambiguous-model-assignment
31615,Watcher Gashra (1),Undead,,Unassigned,Blocked,81,protected-rank; missing-or-ambiguous-model-assignment
31616,Watcher Narjil (1),Undead,,Unassigned,Blocked,81,protected-rank; missing-or-ambiguous-model-assignment
31617,Watcher Silthik (1),Undead,,Unassigned,Blocked,81,protected-rank; missing-or-ambiguous-model-assignment
31635,Vrykul Skeleton (1),Undead,,Unassigned,Blocked,80,missing-or-ambiguous-model-assignment
31647,Carrion Beetle (1),Undead,,Unassigned,Blocked,82,missing-or-ambiguous-model-assignment
31655,Annhylde the Caller (1),Undead,226,Val'kyr,Blocked,80,protected-rank; no-ability-profile
31669,Enslaved Proto-Drake (1),Dragonkin,,Unassigned,Blocked,80,protected-rank; protected-npc-vehicle-script; missing-or-ambiguous-model-assignment
31671,Frenzied Geist (1),Undead,216,Geist,Blocked,80,no-ability-profile
31674,Ingvar the Plunderer (1),Undead,227,Vargul,Blocked,81,protected-rank; no-ability-profile
31677,Proto-Drake Skyguard (1),Dragonkin,,Unassigned,Blocked,1,protected-rank; missing-or-ambiguous-model-assignment
31681,Tunneling Ghoul (1),Undead,218,Ghoul,Active,80,Enabled mapping; runtime eligibility still applies.
31688,Whirlwind,Elementals,,Unassigned,Blocked,80,missing-or-ambiguous-model-assignment
31692,Reanimated Abomination,Undead,203,Abomination,Blocked,80,"Assignment proposed; server spell definitions missing: 80186, 80190"
31694,Azure Drake Mount,Dragonkin,,Unassigned,Blocked,72,protected-rank; missing-or-ambiguous-model-assignment
31695,Blue Drake Mount,Dragonkin,,Unassigned,Blocked,72,protected-rank; missing-or-ambiguous-model-assignment
31696,Bronze Drake,Dragonkin,,Unassigned,Blocked,1,missing-or-ambiguous-model-assignment
31697,Red Drake,Dragonkin,,Unassigned,Blocked,50,missing-or-ambiguous-model-assignment
31698,Twilight Drake Mount,Dragonkin,,Unassigned,Blocked,82,protected-rank; missing-or-ambiguous-model-assignment
31702,Frostbrood Spawn,Undead,,Unassigned,Blocked,80,protected-npc-vehicle-script; missing-or-ambiguous-model-assignment
31717,Bronze Drake Mount,Dragonkin,,Unassigned,Blocked,80,missing-or-ambiguous-model-assignment
31718,Frostbrood Whelp,Undead,,Unassigned,Blocked,80,missing-or-ambiguous-model-assignment
31721,Frostbrood Sentry,Undead,,Unassigned,Blocked,80,missing-or-ambiguous-model-assignment
31734,Malygos,Dragonkin,,Unassigned,Blocked,83,protected-rank; missing-or-ambiguous-model-assignment
31752,Wyrmrest Skytalon (1),Dragonkin,,Unassigned,Blocked,80,protected-npc-vehicle-script; missing-or-ambiguous-model-assignment
31754,Glacial Bonelord,Undead,,Unassigned,Blocked,80,missing-or-ambiguous-model-assignment
31775,Thexal Deathchill,Undead,219,Lich,Blocked,80,protected-rank
31778,Black Drake Mount,Dragonkin,,Unassigned,Blocked,50,missing-or-ambiguous-model-assignment
31779,Skeletal Archmage,Undead,229,Wraith,Blocked,80,no-supported-skills
31780,Fallen Spiderlord,Undead,208,Crypt Lord,Active,80,Enabled mapping; runtime eligibility still applies.
31783,Vrykul Necrolord,Undead,227,Vargul,Blocked,80,no-ability-profile
31787,Citadel Watcher,Undead,215,Gargoyle,Active,79,Enabled mapping; runtime eligibility still applies.
31802,Treant Ally,Elementals,394,Treant,Blocked,83,no-ability-profile
31812,Decomposed Ghoul,Undead,218,Ghoul,Active,79,Enabled mapping; runtime eligibility still applies.
31813,Frostskull Magus,Undead,229,Wraith,Blocked,80,no-supported-skills
31815,Bone Giant,Undead,,Unassigned,Blocked,80,protected-rank; missing-or-ambiguous-model-assignment
31822,Lokholar the Ice Lord (2),Elementals,302,Earth Elemental,Blocked,81,protected-rank; protected-npc-vehicle-script; no-supported-skills
31843,Reanimated Miner,Undead,225,Skeleton,Active,78,Enabled mapping; runtime eligibility still applies.
31844,Blight Aberration,Undead,,Unassigned,Blocked,80,protected-rank; missing-or-ambiguous-model-assignment
31847,Scavenging Geist,Undead,216,Geist,Blocked,79,no-ability-profile
31848,Zidormi,Dragonkin,,Unassigned,Blocked,80,protected-rank; protected-npc-vehicle-script; missing-or-ambiguous-model-assignment
31853,Cruel Overseer,Undead,227,Vargul,Blocked,80,no-ability-profile
31867,Spark of Ionar (1),Elementals,,Unassigned,Blocked,80,protected-rank; missing-or-ambiguous-model-assignment
31873,Fetid Troll Corpse (1),Undead,230,Zombie,Active,80,Enabled mapping; runtime eligibility still applies.
31900,Scourge Banner-Bearer,Undead,,Unassigned,Blocked,80,missing-or-ambiguous-model-assignment
31902,Red Proto-Drake,Dragonkin,,Unassigned,Blocked,72,protected-rank; missing-or-ambiguous-model-assignment
31912,Black Proto-Drake,Dragonkin,,Unassigned,Blocked,72,protected-rank; missing-or-ambiguous-model-assignment
31925,Blizzard Elemental (2),Elementals,301,Air Elemental,Blocked,1,protected-rank; no-supported-skills
31995,Furis (2),Demons,129,Felsteed,Blocked,1,"Assignment proposed; server spell definitions missing: 80166, 80167, 891894"
32031,Lieutenant Grummus (2),Undead,203,Abomination,Blocked,79,protected-rank
32037,Lieutenant Murp <old> (2),Undead,203,Abomination,Blocked,79,protected-rank
32149,Fallen Hero's Spirit,Undead,,Unassigned,Blocked,79,missing-or-ambiguous-model-assignment
32151,Blue Proto-Drake,Dragonkin,,Unassigned,Blocked,72,protected-rank; missing-or-ambiguous-model-assignment
32153,Time-Lost Proto-Drake,Dragonkin,,Unassigned,Blocked,72,protected-rank; missing-or-ambiguous-model-assignment
32156,Plagued Proto-Drake,Dragonkin,,Unassigned,Blocked,72,protected-rank; missing-or-ambiguous-model-assignment
32157,Violet Proto-Drake,Dragonkin,,Unassigned,Blocked,72,protected-rank; missing-or-ambiguous-model-assignment
32158,Albino Drake,Dragonkin,,Unassigned,Blocked,80,missing-or-ambiguous-model-assignment
32159,Doomguard Pillager,Demons,106,Doomguard,Blocked,74,protected-rank
32160,Khanok the Impassable,Undead,,Unassigned,Blocked,76,protected-rank; missing-or-ambiguous-model-assignment
32161,Scourge War Engineer,Undead,,Unassigned,Blocked,80,missing-or-ambiguous-model-assignment
32163,Grimkor's Hound,Undead,,Unassigned,Blocked,80,protected-rank; missing-or-ambiguous-model-assignment
32164,Skeletal Craftsman,Undead,225,Skeleton,Active,78,Enabled mapping; runtime eligibility still applies.
32165,Twilight Drake Mount (Red),Dragonkin,,Unassigned,Blocked,82,protected-rank; missing-or-ambiguous-model-assignment
32166,Twilight Drake Mount (Purple),Dragonkin,,Unassigned,Blocked,82,protected-rank; missing-or-ambiguous-model-assignment
32175,Chosen Zealot,Undead,,Unassigned,Blocked,80,protected-rank; missing-or-ambiguous-model-assignment
32176,Plague Drenched Ghoul,Undead,218,Ghoul,Blocked,81,protected-rank
32178,Rampaging Ghoul,Undead,218,Ghoul,Blocked,80,protected-rank
32179,Stitched Brute,Undead,203,Abomination,Blocked,80,protected-rank
32180,Tempus Wyrm,Dragonkin,427,Bronze Drake,Blocked,80,protected-rank; no-supported-skills
32181,Living Plague,Undead,,Unassigned,Blocked,80,missing-or-ambiguous-model-assignment
32182,Enraged Fleshrender,Undead,218,Ghoul,Blocked,80,protected-rank
32183,Skeletal Footsoldier,Undead,,Unassigned,Blocked,80,protected-rank; missing-or-ambiguous-model-assignment
32184,The Lich King,Undead,,Unassigned,Blocked,83,protected-rank; missing-or-ambiguous-model-assignment
32185,Infinite Eradicator,Dragonkin,,Unassigned,Blocked,80,protected-rank; missing-or-ambiguous-model-assignment
32186,Infinite Timebreaker,Dragonkin,,Unassigned,Blocked,80,protected-rank; missing-or-ambiguous-model-assignment
32187,Power Spark (1),Elementals,,Unassigned,Blocked,80,protected-rank; missing-or-ambiguous-model-assignment
32188,Gargoyle Ambusher,Undead,215,Gargoyle,Active,80,Enabled mapping; runtime eligibility still applies.
32191,Azure Stalker,Dragonkin,,Unassigned,Blocked,75,protected-rank; protected-npc-vehicle-script; missing-or-ambiguous-model-assignment
32192,Azure Stalker (1),Dragonkin,,Unassigned,Blocked,80,protected-rank; missing-or-ambiguous-model-assignment
32230,Void Lord,Demons,,Unassigned,Blocked,82,protected-rank; missing-or-ambiguous-model-assignment
32234,Swirling Water Revenant,Elementals,329,Water Revenant,Blocked,82,protected-rank; no-supported-skills
32235,Chaos Watcher,Demons,131,Observer,Blocked,82,protected-rank
32255,Converted Hero,Undead,,Unassigned,Blocked,80,missing-or-ambiguous-model-assignment
32257,Scourge Converter,Undead,,Unassigned,Blocked,80,missing-or-ambiguous-model-assignment
32260,Enslaved Minion,Demons,143,Voidwalker,Staged,78,Assignment candidate; profile/build/effect validation pending.
32267,Animated Laborer,Undead,225,Skeleton,Active,78,Enabled mapping; runtime eligibility still applies.
32269,Legion Invader,Demons,123,Wrathguard,Blocked,74,protected-rank
32270,Legion Dreadwhisperer,Demons,136,Shivarra,Blocked,74,protected-rank
32271,Legion Overlord,Demons,101,Pit Lord,Blocked,80,protected-rank
32272,High Invoker Basaleph,Undead,,Unassigned,Blocked,80,protected-rank; missing-or-ambiguous-model-assignment
32273,Infinite Corruptor,Dragonkin,,Unassigned,Blocked,82,protected-rank; protected-npc-vehicle-script; missing-or-ambiguous-model-assignment
32278,Harbinger of Horror,Undead,219,Lich,Blocked,80,protected-rank
32280,Corp'rethar Guardian,Undead,,Unassigned,Blocked,80,protected-rank; missing-or-ambiguous-model-assignment
32281,Guardian of Time,Dragonkin,,Unassigned,Blocked,80,missing-or-ambiguous-model-assignment
32283,Unquiet Remnant,Undead,,Unassigned,Blocked,79,missing-or-ambiguous-model-assignment
32284,Scourge Soulbinder,Undead,229,Wraith,Blocked,80,no-supported-skills
32288,Freed Remnant,Undead,,Unassigned,Blocked,80,missing-or-ambiguous-model-assignment
32292,Aldur'thar Sentry,Undead,215,Gargoyle,Blocked,79,protected-npc-vehicle-script
32295,Alexstrasza the Life-Binder,Dragonkin,,Unassigned,Blocked,83,protected-rank; protected-npc-vehicle-script; missing-or-ambiguous-model-assignment
32299,Bone Sentinel,Undead,,Unassigned,Blocked,80,protected-rank; missing-or-ambiguous-model-assignment
32300,Alumeth the Ascended,Undead,,Unassigned,Blocked,81,protected-rank; missing-or-ambiguous-model-assignment
32306,Infinite Dragonspawn,Dragonkin,,Unassigned,Blocked,80,missing-or-ambiguous-model-assignment
32309,Ebon Knight,Undead,,Unassigned,Blocked,80,protected-rank; missing-or-ambiguous-model-assignment
32313,Infinite Corruptor (1),Dragonkin,,Unassigned,Blocked,82,protected-rank; missing-or-ambiguous-model-assignment
32316,Dark Messenger,Demons,143,Voidwalker,Staged,78,Assignment candidate; profile/build/effect validation pending.
32323,Aldur'thar Sentry,Undead,215,Gargoyle,Active,79,Enabled mapping; runtime eligibility still applies.
32326,Prince Arthas Menethil,Undead,,Unassigned,Blocked,80,protected-rank; protected-npc-vehicle-script; missing-or-ambiguous-model-assignment
32338,Quest - Northrend BG - Gate Kill,Elementals,328,Fire Revenant,Blocked,80,protected-rank; no-supported-skills
32350,TF-Xplosive Rocket Turret,Undead,,Unassigned,Blocked,50,missing-or-ambiguous-model-assignment
32352,Infinite Timerender,Dragonkin,,Unassigned,Blocked,75,protected-rank; missing-or-ambiguous-model-assignment
32357,Old Crystalbark,Elementals,,Unassigned,Blocked,71,protected-rank; missing-or-ambiguous-model-assignment
32390,Treacherous Guardian,Undead,203,Abomination,Blocked,74,protected-rank
32391,Perfidious Dreadlord,Undead,128,Nathrezim,Blocked,74,protected-rank; creature-type-mismatch
32392,Plagued Felbeast,Demons,,Unassigned,Blocked,74,missing-or-ambiguous-model-assignment
32393,Felguard Marauder,Demons,126,Felguard,Blocked,74,protected-rank
32394,Ravishing Betrayer,Demons,135,Succubus,Staged,74,Assignment candidate; profile/build/effect validation pending.
32404,Matthias Lehner,Undead,,Unassigned,Blocked,80,protected-npc-vehicle-script; missing-or-ambiguous-model-assignment
32408,Matthias Lehner,Undead,,Unassigned,Blocked,80,protected-npc-vehicle-script; missing-or-ambiguous-model-assignment
32423,Matthias Lehner,Undead,,Unassigned,Blocked,80,protected-npc-vehicle-script; missing-or-ambiguous-model-assignment
32432,Iragos,Dragonkin,,Unassigned,Blocked,82,missing-or-ambiguous-model-assignment
32433,Selagosa,Dragonkin,,Unassigned,Blocked,82,missing-or-ambiguous-model-assignment
32434,Anygos,Dragonkin,,Unassigned,Blocked,82,missing-or-ambiguous-model-assignment
32436,Theragos,Dragonkin,,Unassigned,Blocked,82,missing-or-ambiguous-model-assignment
32437,Myragosa,Dragonkin,,Unassigned,Blocked,82,missing-or-ambiguous-model-assignment
32439,Zyndragosa,Dragonkin,,Unassigned,Blocked,82,missing-or-ambiguous-model-assignment
32440,Corthegos,Dragonkin,,Unassigned,Blocked,82,missing-or-ambiguous-model-assignment
32446,Sindragosa,Undead,,Unassigned,Blocked,83,protected-rank; missing-or-ambiguous-model-assignment
32447,Zul'drak Sentinel,Elementals,,Unassigned,Blocked,77,protected-rank; missing-or-ambiguous-model-assignment
32467,Skeletal Reaver,Undead,,Unassigned,Blocked,80,protected-rank; missing-or-ambiguous-model-assignment
32471,Griegen,Undead,228,Wight,Blocked,75,protected-rank
32479,Bone Guard,Undead,,Unassigned,Blocked,80,protected-rank; missing-or-ambiguous-model-assignment
32480,Nerubian Underking,Undead,208,Crypt Lord,Blocked,81,protected-rank
32482,Pustulent Colossus,Undead,,Unassigned,Blocked,81,protected-rank; missing-or-ambiguous-model-assignment
32483,Engorged Blight Worm,Undead,,Unassigned,Blocked,83,protected-rank; protected-npc-vehicle-script; missing-or-ambiguous-model-assignment
32490,Scourge Deathcharger,Undead,,Unassigned,Blocked,80,protected-npc-vehicle-script; missing-or-ambiguous-model-assignment
32491,Time-Lost Proto Drake,Dragonkin,,Unassigned,Blocked,80,protected-rank; protected-npc-vehicle-script; missing-or-ambiguous-model-assignment
32492,Frostbrood Matriarch,Undead,,Unassigned,Blocked,83,protected-rank; missing-or-ambiguous-model-assignment
32495,Hildana Deathstealer,Undead,226,Val'kyr,Blocked,80,protected-rank; no-ability-profile
32497,Matthias Lehner,Undead,,Unassigned,Blocked,80,protected-npc-vehicle-script; missing-or-ambiguous-model-assignment
32499,Shambling Zombie,Undead,,Unassigned,Blocked,80,missing-or-ambiguous-model-assignment
32501,High Thane Jorfus,Undead,,Unassigned,Blocked,80,protected-rank; missing-or-ambiguous-model-assignment
32502,Ravaged Ghoul,Undead,218,Ghoul,Active,80,Enabled mapping; runtime eligibility still applies.
32503,Shambling Zombie,Undead,,Unassigned,Blocked,80,missing-or-ambiguous-model-assignment
32505,Vargul Wanderer,Undead,227,Vargul,Blocked,80,no-ability-profile
32507,Cultist Acolyte,Undead,,Unassigned,Blocked,80,missing-or-ambiguous-model-assignment
32508,David Test Creature 1235,Undead,227,Vargul,Blocked,80,no-ability-profile
32511,Khanok the Impassable,Undead,,Unassigned,Blocked,80,protected-rank; protected-npc-vehicle-script; missing-or-ambiguous-model-assignment
32521,Varimathras,Demons,,Unassigned,Blocked,76,protected-rank; missing-or-ambiguous-model-assignment
32533,Cielstrasza,Dragonkin,,Unassigned,Blocked,80,protected-npc-vehicle-script; missing-or-ambiguous-model-assignment
32534,Scalesworn Elite,Dragonkin,,Unassigned,Blocked,80,protected-rank; missing-or-ambiguous-model-assignment
32548,Corastrasza,Dragonkin,,Unassigned,Blocked,80,protected-rank; protected-npc-vehicle-script; missing-or-ambiguous-model-assignment
32551,Chaos Watcher (1),Demons,131,Observer,Blocked,82,protected-rank
32554,Swirling Water Revenant (1),Elementals,329,Water Revenant,Blocked,82,protected-rank; no-supported-skills
32555,Void Lord (1),Demons,,Unassigned,Blocked,82,protected-rank; missing-or-ambiguous-model-assignment
32556,QA Test Dummy 80 Undead,Undead,225,Skeleton,Active,80,Enabled mapping; runtime eligibility still applies.
32558,QA Test Dummy 80 Dragonkin,Dragonkin,225,Skeleton,Blocked,80,creature-type-mismatch
32559,QA Test Dummy 80 Demon,Demons,225,Skeleton,Blocked,80,creature-type-mismatch
32561,QA Test Dummy 80 Elemental,Elementals,225,Skeleton,Blocked,80,creature-type-mismatch
32562,Green Proto-Drake,Dragonkin,,Unassigned,Blocked,72,protected-rank; missing-or-ambiguous-model-assignment
32563,Red Drake Mount,Dragonkin,,Unassigned,Blocked,50,missing-or-ambiguous-model-assignment
32572,Dragonblight Mage Hunter,Dragonkin,,Unassigned,Blocked,71,missing-or-ambiguous-model-assignment
32593,Skittering Swarmer,Undead,,Unassigned,Blocked,72,protected-rank; missing-or-ambiguous-model-assignment
32609,Hansen's Warhorse,Undead,,Unassigned,Blocked,70,protected-rank; missing-or-ambiguous-model-assignment
32630,Vyragosa,Dragonkin,,Unassigned,Blocked,80,protected-rank; protected-npc-vehicle-script; missing-or-ambiguous-model-assignment
32665,Crystalline Tangler,Elementals,,Unassigned,Blocked,80,missing-or-ambiguous-model-assignment
32767,Frostbrood Sentry,Undead,,Unassigned,Blocked,80,missing-or-ambiguous-model-assignment
32769,Gargoyle Ambusher,Undead,215,Gargoyle,Active,80,Enabled mapping; runtime eligibility still applies.
32770,Enraged Fleshrender,Undead,218,Ghoul,Blocked,80,protected-rank
32771,Stitched Brute,Undead,203,Abomination,Blocked,80,protected-rank
32772,Skeletal Footsoldier,Undead,,Unassigned,Blocked,80,protected-rank; missing-or-ambiguous-model-assignment
32786,Rotted Troll Corpse,Undead,230,Zombie,Active,80,Enabled mapping; runtime eligibility still applies.
32787,Rotted Troll Corpse (1),Undead,230,Zombie,Active,80,Enabled mapping; runtime eligibility still applies.
32871,Algalon the Observer,Elementals,,Unassigned,Blocked,83,protected-rank; protected-npc-vehicle-script; missing-or-ambiguous-model-assignment
32913,Elder Ironbranch,Elementals,,Unassigned,Blocked,83,protected-rank; protected-npc-vehicle-script; missing-or-ambiguous-model-assignment
32914,Elder Stonebark,Elementals,,Unassigned,Blocked,83,protected-rank; protected-npc-vehicle-script; missing-or-ambiguous-model-assignment
32915,Elder Brightleaf,Elementals,,Unassigned,Blocked,83,protected-rank; protected-npc-vehicle-script; missing-or-ambiguous-model-assignment
32916,Snaplasher,Elementals,,Unassigned,Blocked,81,protected-rank; protected-npc-vehicle-script; missing-or-ambiguous-model-assignment
32918,Detonating Lasher,Elementals,,Unassigned,Blocked,81,protected-rank; protected-npc-vehicle-script; missing-or-ambiguous-model-assignment
32919,Storm Lasher,Elementals,,Unassigned,Blocked,81,protected-rank; protected-npc-vehicle-script; missing-or-ambiguous-model-assignment
32953,Black Hole,Elementals,,Unassigned,Blocked,80,protected-rank; missing-or-ambiguous-model-assignment
32955,Collapsing Star,Elementals,,Unassigned,Blocked,80,protected-rank; protected-npc-vehicle-script; missing-or-ambiguous-model-assignment
32958,Lightning Elemental,Elementals,301,Air Elemental,Blocked,80,protected-npc-vehicle-script; no-supported-skills
33016,Smoldering Skeleton,Undead,225,Skeleton,Active,73,Enabled mapping; runtime eligibility still applies.
33017,Smoldering Construct,Undead,205,Bone Golem,Active,73,Enabled mapping; runtime eligibility still applies.
33070,Algalon the Observer (1),Elementals,,Unassigned,Blocked,83,protected-rank; missing-or-ambiguous-model-assignment
33169,Icicle,Elementals,,Unassigned,Blocked,80,protected-npc-vehicle-script; missing-or-ambiguous-model-assignment
33173,Snowpacked Icicle,Elementals,,Unassigned,Blocked,80,protected-npc-vehicle-script; missing-or-ambiguous-model-assignment
33186,Razorscale,Dragonkin,,Unassigned,Blocked,83,protected-rank; protected-npc-vehicle-script; missing-or-ambiguous-model-assignment
33202,Ancient Water Spirit,Elementals,329,Water Revenant,Blocked,81,protected-rank; protected-npc-vehicle-script; no-supported-skills
33203,Ancient Conservator,Elementals,,Unassigned,Blocked,80,protected-rank; protected-npc-vehicle-script; missing-or-ambiguous-model-assignment
33289,Lord Everblaze,Elementals,328,Fire Revenant,Blocked,80,no-supported-skills
33291,Fiery Dancer,Elementals,303,Fire Elemental,Blocked,80,no-supported-skills
33354,Corrupted Servitor,Elementals,,Unassigned,Blocked,81,protected-rank; missing-or-ambiguous-model-assignment
33376,Ancient Conservator (1),Elementals,,Unassigned,Blocked,81,protected-rank; missing-or-ambiguous-model-assignment
33387,Writhing Lasher,Elementals,,Unassigned,Blocked,80,protected-rank; protected-npc-vehicle-script; missing-or-ambiguous-model-assignment
33391,Elder Brightleaf (1),Elementals,,Unassigned,Blocked,83,protected-rank; missing-or-ambiguous-model-assignment
33392,Elder Ironbranch (1),Elementals,,Unassigned,Blocked,83,protected-rank; missing-or-ambiguous-model-assignment
33393,Elder Stonebark (1),Elementals,,Unassigned,Blocked,83,protected-rank; missing-or-ambiguous-model-assignment
33398,Ancient Water Spirit (1),Elementals,329,Water Revenant,Blocked,81,protected-rank; no-supported-skills
33399,Detonating Lasher (1),Elementals,,Unassigned,Blocked,81,protected-rank; missing-or-ambiguous-model-assignment
33400,Snaplasher (1),Elementals,,Unassigned,Blocked,81,protected-rank; missing-or-ambiguous-model-assignment
33401,Storm Lasher (1),Elementals,,Unassigned,Blocked,81,protected-rank; missing-or-ambiguous-model-assignment
33429,Boneguard Lieutenant,Undead,,Unassigned,Blocked,80,protected-rank; missing-or-ambiguous-model-assignment
33430,Guardian Lasher,Elementals,,Unassigned,Blocked,81,protected-rank; missing-or-ambiguous-model-assignment
33431,Forest Swarmer,Elementals,,Unassigned,Blocked,81,protected-rank; missing-or-ambiguous-model-assignment
33438,Boneguard Footman,Undead,225,Skeleton,Blocked,80,protected-npc-vehicle-script
33441,The Lich King,Undead,,Unassigned,Blocked,83,protected-rank; protected-npc-vehicle-script; missing-or-ambiguous-model-assignment
33495,Ysera,Dragonkin,,Unassigned,Blocked,83,missing-or-ambiguous-model-assignment
33499,Skeletal Woodcutter,Undead,225,Skeleton,Active,79,Enabled mapping; runtime eligibility still applies.
33513,Black Knight's Gryphon,Undead,,Unassigned,Blocked,80,protected-npc-vehicle-script; missing-or-ambiguous-model-assignment
33519,Black Knight's Gryphon,Undead,,Unassigned,Blocked,80,protected-npc-vehicle-script; missing-or-ambiguous-model-assignment
33523,Neltharion,Dragonkin,,Unassigned,Blocked,83,protected-rank; protected-npc-vehicle-script; missing-or-ambiguous-model-assignment
33525,Mangrove Ent,Elementals,394,Treant,Blocked,81,protected-rank; no-ability-profile
33526,Ironroot Lasher,Elementals,,Unassigned,Blocked,81,protected-rank; missing-or-ambiguous-model-assignment
33528,Guardian of Life,Dragonkin,,Unassigned,Blocked,81,protected-rank; missing-or-ambiguous-model-assignment
33535,Malygos,Dragonkin,,Unassigned,Blocked,83,protected-rank; missing-or-ambiguous-model-assignment
33536,Alexstrasza,Dragonkin,,Unassigned,Blocked,83,missing-or-ambiguous-model-assignment
33550,Boneguard Scout,Undead,215,Gargoyle,Blocked,80,protected-rank
33663,Patchwerk (PTR DPS Test),Undead,203,Abomination,Blocked,1,protected-rank
33664,Patchwerk (PTR DPS Test) (1),Undead,203,Abomination,Blocked,80,protected-rank
33667,Patchwerk (PTR Tank Test),Undead,203,Abomination,Blocked,1,protected-rank
33668,Patchwerk (PTR Tank Test) (1),Undead,203,Abomination,Blocked,80,protected-rank
33687,Chillmaw,Undead,,Unassigned,Blocked,82,protected-rank; protected-npc-vehicle-script; missing-or-ambiguous-model-assignment
33689,Lightning Elemental (1),Elementals,301,Air Elemental,Blocked,80,no-supported-skills
33704,Frigid Abomination,Undead,203,Abomination,Blocked,73,"Assignment proposed; server spell definitions missing: 80186, 80190"
33716,Ruby Consort,Dragonkin,,Unassigned,Blocked,82,protected-rank; missing-or-ambiguous-model-assignment
33717,Azure Consort,Dragonkin,,Unassigned,Blocked,82,protected-rank; missing-or-ambiguous-model-assignment
33718,Bronze Consort,Dragonkin,,Unassigned,Blocked,82,protected-rank; missing-or-ambiguous-model-assignment
33719,Emerald Consort,Dragonkin,,Unassigned,Blocked,82,protected-rank; missing-or-ambiguous-model-assignment
33720,Obsidian Consort,Dragonkin,,Unassigned,Blocked,82,protected-rank; missing-or-ambiguous-model-assignment
33724,Razorscale (1),Dragonkin,,Unassigned,Blocked,83,protected-rank; missing-or-ambiguous-model-assignment
33729,Corrupted Servitor (1),Elementals,,Unassigned,Blocked,81,protected-rank; missing-or-ambiguous-model-assignment
33731,Forest Swarmer (1),Elementals,,Unassigned,Blocked,81,protected-rank; missing-or-ambiguous-model-assignment
33732,Guardian Lasher (1),Elementals,,Unassigned,Blocked,81,protected-rank; missing-or-ambiguous-model-assignment
33733,Guardian of Life (1),Dragonkin,,Unassigned,Blocked,81,protected-rank; missing-or-ambiguous-model-assignment
33734,Ironroot Lasher (1),Elementals,,Unassigned,Blocked,81,protected-rank; missing-or-ambiguous-model-assignment
33735,Mangrove Ent (1),Elementals,394,Treant,Blocked,81,protected-rank; no-ability-profile
33761,Elder Brightleaf Image,Elementals,,Unassigned,Blocked,80,protected-rank; missing-or-ambiguous-model-assignment
33768,Rubble,Elementals,302,Earth Elemental,Blocked,81,protected-rank; no-supported-skills
33798,Stabled Forsaken Warhorse,Undead,,Unassigned,Blocked,80,protected-npc-vehicle-script; missing-or-ambiguous-model-assignment
33806,Void Beast,Demons,,Unassigned,Blocked,81,protected-rank; missing-or-ambiguous-model-assignment
33815,Void Beast (1),Demons,,Unassigned,Blocked,81,protected-rank; missing-or-ambiguous-model-assignment
33838,Enslaved Fire Elemental,Elementals,303,Fire Elemental,Blocked,82,no-supported-skills
33839,Enslaved Fire Elemental (1),Elementals,303,Fire Elemental,Blocked,82,no-supported-skills
33861,Elder Ironbranch Image,Elementals,,Unassigned,Blocked,82,protected-rank; missing-or-ambiguous-model-assignment
33862,Elder Stonebark Image,Elementals,,Unassigned,Blocked,83,protected-rank; missing-or-ambiguous-model-assignment
33892,Ironbound Proto-Drake,Dragonkin,,Unassigned,Blocked,80,protected-rank; missing-or-ambiguous-model-assignment
33904,Rusted Proto-Drake,Dragonkin,,Unassigned,Blocked,80,protected-rank; missing-or-ambiguous-model-assignment
33908,Rubble (1),Elementals,302,Earth Elemental,Blocked,81,protected-rank; no-supported-skills
33947,Angry Oak Spirit,Elementals,394,Treant,Blocked,77,no-ability-profile
33996,William Saldean,Undead,,Unassigned,Blocked,5,protected-npc-vehicle-script; missing-or-ambiguous-model-assignment
33998,Tempest Minion,Elementals,326,Air Revenant,Blocked,82,protected-rank
33999,Tempest Minion (1),Elementals,301,Air Elemental,Blocked,82,protected-rank; no-supported-skills
34004,Life Spark,Elementals,,Unassigned,Blocked,80,protected-rank; protected-npc-vehicle-script; missing-or-ambiguous-model-assignment
34005,Life Spark (1),Elementals,,Unassigned,Blocked,80,protected-rank; missing-or-ambiguous-model-assignment
34015,Tempest Warder,Elementals,326,Air Revenant,Blocked,82,protected-rank
34016,Tempest Warder (1),Elementals,326,Air Revenant,Blocked,82,protected-rank
34049,Tempest Minion,Elementals,326,Air Revenant,Blocked,82,protected-rank
34086,Magma Rager,Elementals,328,Fire Revenant,Blocked,82,protected-rank; no-supported-skills
34099,Worm Hole,Elementals,,Unassigned,Blocked,80,protected-rank; protected-npc-vehicle-script; missing-or-ambiguous-model-assignment
34127,Boneguard Commander,Undead,,Unassigned,Blocked,80,protected-rank; missing-or-ambiguous-model-assignment
34134,Winter Revenant,Elementals,327,Earth Revenant,Blocked,81,protected-rank
34135,Winter Rumbler,Elementals,302,Earth Elemental,Blocked,81,protected-rank; no-supported-skills
34141,Winter Revenant (1),Elementals,327,Earth Revenant,Blocked,81,protected-rank
34142,Winter Rumbler (1),Elementals,302,Earth Elemental,Blocked,81,protected-rank; no-supported-skills
34154,Blue Skeletal Warhorse,Undead,,Unassigned,Blocked,1,missing-or-ambiguous-model-assignment
34190,Hardened Iron Golem,Elementals,,Unassigned,Blocked,82,protected-rank; missing-or-ambiguous-model-assignment
34196,Rune Etched Sentry,Elementals,,Unassigned,Blocked,80,protected-rank; missing-or-ambiguous-model-assignment
34197,Chamber Overseer,Elementals,,Unassigned,Blocked,82,protected-rank; missing-or-ambiguous-model-assignment
34200,Tempest Minion (1),Elementals,326,Air Revenant,Blocked,82,protected-rank
34201,Magma Rager (1),Elementals,328,Fire Revenant,Blocked,82,protected-rank; no-supported-skills
34215,Collapsing Star (1),Elementals,,Unassigned,Blocked,80,protected-rank; missing-or-ambiguous-model-assignment
34225,Deadly Gladiator's Frost Wyrm,Dragonkin,,Unassigned,Blocked,10,missing-or-ambiguous-model-assignment
34226,Chamber Overseer (1),Elementals,,Unassigned,Blocked,82,protected-rank; missing-or-ambiguous-model-assignment
34229,Hardened Iron Golem (1),Elementals,,Unassigned,Blocked,82,protected-rank; missing-or-ambiguous-model-assignment
34234,Runeforged Sentry,Elementals,,Unassigned,Blocked,82,protected-rank; missing-or-ambiguous-model-assignment
34235,Runeforged Sentry (1),Elementals,,Unassigned,Blocked,82,protected-rank; missing-or-ambiguous-model-assignment
34238,Black Skeletal Horse,Undead,,Unassigned,Blocked,1,missing-or-ambiguous-model-assignment
34245,Rune Etched Sentry (1),Elementals,,Unassigned,Blocked,82,protected-rank; missing-or-ambiguous-model-assignment
34275,Ward of Life,Elementals,,Unassigned,Blocked,80,protected-rank; protected-npc-vehicle-script; missing-or-ambiguous-model-assignment
34276,Ward of Life (1),Elementals,,Unassigned,Blocked,80,protected-rank; missing-or-ambiguous-model-assignment
34277,Writhing Lasher (1),Elementals,,Unassigned,Blocked,80,protected-rank; missing-or-ambiguous-model-assignment
34296,Black Hole (1),Elementals,,Unassigned,Blocked,80,protected-rank; missing-or-ambiguous-model-assignment
34300,Mature Lasher,Elementals,,Unassigned,Blocked,80,missing-or-ambiguous-model-assignment
34310,Keristrasza,Dragonkin,,Unassigned,Blocked,80,protected-rank; missing-or-ambiguous-model-assignment
34425,Furious Gladiator's Frost Wyrm,Dragonkin,,Unassigned,Blocked,10,missing-or-ambiguous-model-assignment
34459,Erin Misthoof,Elementals,394,Treant,Blocked,83,protected-rank; protected-npc-vehicle-script; no-ability-profile
34469,Melador Valestrider,Elementals,394,Treant,Blocked,83,protected-rank; protected-npc-vehicle-script; no-ability-profile
34496,Eydis Darkbane,Undead,226,Val'kyr,Blocked,83,protected-rank; protected-npc-vehicle-script; no-ability-profile
34497,Fjola Lightbane,Undead,226,Val'kyr,Blocked,83,protected-rank; protected-npc-vehicle-script; no-ability-profile
34564,Anub'arak,Undead,,Unassigned,Blocked,83,protected-rank; protected-npc-vehicle-script; missing-or-ambiguous-model-assignment
34566,Anub'arak (1),Undead,,Unassigned,Blocked,83,protected-rank; missing-or-ambiguous-model-assignment
34605,Swarm Scarab,Undead,,Unassigned,Blocked,80,protected-npc-vehicle-script; missing-or-ambiguous-model-assignment
34607,Nerubian Burrower,Undead,,Unassigned,Blocked,82,protected-rank; protected-npc-vehicle-script; missing-or-ambiguous-model-assignment
34648,Nerubian Burrower (1),Undead,,Unassigned,Blocked,82,protected-rank; missing-or-ambiguous-model-assignment
34650,Swarm Scarab (1),Undead,,Unassigned,Blocked,80,missing-or-ambiguous-model-assignment
34660,Anub'arak,Undead,,Unassigned,Blocked,83,protected-rank; protected-npc-vehicle-script; missing-or-ambiguous-model-assignment
34780,Lord Jaraxxus,Demons,,Unassigned,Blocked,83,protected-rank; protected-npc-vehicle-script; missing-or-ambiguous-model-assignment
34801,Incinerated Skeleton,Undead,225,Skeleton,Active,80,Enabled mapping; runtime eligibility still applies.
34815,Felflame Infernal,Demons,118,Infernal,Blocked,82,protected-rank; protected-npc-vehicle-script
34826,Mistress of Pain,Demons,136,Shivarra,Blocked,82,protected-rank; protected-npc-vehicle-script
34921,Felflame Infernal Ball,Demons,,Unassigned,Blocked,82,missing-or-ambiguous-model-assignment
35032,Memory of Thunderaan,Elementals,,Unassigned,Blocked,82,protected-rank; protected-npc-vehicle-script; missing-or-ambiguous-model-assignment
35033,Memory of Chromaggus,Dragonkin,,Unassigned,Blocked,82,protected-rank; protected-npc-vehicle-script; missing-or-ambiguous-model-assignment
35038,Memory of Malchezaar,Demons,,Unassigned,Blocked,82,protected-rank; protected-npc-vehicle-script; missing-or-ambiguous-model-assignment
35041,Memory of Archimonde,Demons,,Unassigned,Blocked,82,protected-rank; protected-npc-vehicle-script; missing-or-ambiguous-model-assignment
35042,Memory of Illidan,Demons,,Unassigned,Blocked,82,protected-rank; protected-npc-vehicle-script; missing-or-ambiguous-model-assignment
35045,Memory of Ingvar,Undead,227,Vargul,Blocked,82,protected-rank; protected-npc-vehicle-script; no-ability-profile
35046,Memory of Cyanigosa,Dragonkin,,Unassigned,Blocked,82,protected-rank; protected-npc-vehicle-script; missing-or-ambiguous-model-assignment
35048,Memory of Onyxia,Dragonkin,,Unassigned,Blocked,82,protected-rank; protected-npc-vehicle-script; missing-or-ambiguous-model-assignment
35049,Memory of Heigan,Undead,,Unassigned,Blocked,82,protected-rank; protected-npc-vehicle-script; missing-or-ambiguous-model-assignment
35052,Memory of Algalon,Elementals,,Unassigned,Blocked,82,protected-rank; protected-npc-vehicle-script; missing-or-ambiguous-model-assignment
35074,Quest - Wintergrasp - Southern Tower Kill,Elementals,328,Fire Revenant,Blocked,80,protected-rank; no-supported-skills
35143,Flame Warder,Elementals,328,Fire Revenant,Blocked,78,protected-rank; no-supported-skills
35169,Ochre Skeletal Warhorse,Undead,,Unassigned,Blocked,1,missing-or-ambiguous-model-assignment
35216,Lord Jaraxxus (1),Demons,,Unassigned,Blocked,83,protected-rank; missing-or-ambiguous-model-assignment
35255,Death Shade,Undead,224,Shade,Active,80,Enabled mapping; runtime eligibility still applies.
35262,Felflame Infernal (1),Demons,118,Infernal,Blocked,82,protected-rank
35263,Felflame Infernal (2),Demons,118,Infernal,Blocked,82,protected-rank
35264,Felflame Infernal (3),Demons,118,Infernal,Blocked,82,protected-rank
35268,Lord Jaraxxus (2),Demons,,Unassigned,Blocked,83,protected-rank; missing-or-ambiguous-model-assignment
35269,Lord Jaraxxus (3),Demons,,Unassigned,Blocked,83,protected-rank; missing-or-ambiguous-model-assignment
35270,Mistress of Pain (1),Demons,136,Shivarra,Blocked,82,protected-rank; protected-npc-vehicle-script
35271,Mistress of Pain (2),Demons,136,Shivarra,Blocked,82,protected-rank; protected-npc-vehicle-script
35272,Mistress of Pain (3),Demons,136,Shivarra,Blocked,82,protected-rank; protected-npc-vehicle-script
35347,Eydis Darkbane (1),Undead,226,Val'kyr,Blocked,83,protected-rank; no-ability-profile
35348,Eydis Darkbane (2),Undead,226,Val'kyr,Blocked,83,protected-rank; no-ability-profile
35349,Eydis Darkbane (3),Undead,226,Val'kyr,Blocked,83,protected-rank; no-ability-profile
35350,Fjola Lightbane (1),Undead,226,Val'kyr,Blocked,83,protected-rank; no-ability-profile
35351,Fjola Lightbane (2),Undead,226,Val'kyr,Blocked,83,protected-rank; no-ability-profile
35352,Fjola Lightbane (3),Undead,226,Val'kyr,Blocked,83,protected-rank; no-ability-profile
35359,Flame Warder (1),Elementals,328,Fire Revenant,Blocked,82,protected-rank; no-supported-skills
35362,Relentless Gladiator's Frost Wyrm,Dragonkin,,Unassigned,Blocked,10,missing-or-ambiguous-model-assignment
35444,The Black Knight,Undead,,Unassigned,Blocked,80,missing-or-ambiguous-model-assignment
35451,The Black Knight,Undead,,Unassigned,Blocked,80,protected-rank; protected-npc-vehicle-script; missing-or-ambiguous-model-assignment
35461,The Black Knight Image,Undead,,Unassigned,Blocked,80,protected-rank; missing-or-ambiguous-model-assignment
35465,Zhaagrym,Demons,110,Felhunter (reference: Felhound),Blocked,80,protected-npc-vehicle-script
35474,Vengeful Val'kyr,Undead,226,Val'kyr,Blocked,80,protected-rank; protected-npc-vehicle-script; no-ability-profile
35490,The Black Knight (1),Undead,,Unassigned,Blocked,80,protected-rank; missing-or-ambiguous-model-assignment
35491,Black Knight's Skeletal Gryphon,Undead,,Unassigned,Blocked,80,protected-rank; protected-npc-vehicle-script; missing-or-ambiguous-model-assignment
35493,Vengeful Frostwyrm,Undead,,Unassigned,Blocked,83,protected-rank; missing-or-ambiguous-model-assignment
35519,Memory of Algalon (1),Elementals,,Unassigned,Blocked,82,protected-rank; missing-or-ambiguous-model-assignment
35520,Memory of Archimonde (1),Demons,,Unassigned,Blocked,82,protected-rank; missing-or-ambiguous-model-assignment
35521,Memory of Chromaggus (1),Dragonkin,,Unassigned,Blocked,82,protected-rank; missing-or-ambiguous-model-assignment
35522,Memory of Cyanigosa (1),Dragonkin,,Unassigned,Blocked,82,protected-rank; missing-or-ambiguous-model-assignment
35529,Memory of Heigan (1),Undead,,Unassigned,Blocked,82,protected-rank; missing-or-ambiguous-model-assignment
35533,Memory of Illidan (1),Demons,,Unassigned,Blocked,82,protected-rank; missing-or-ambiguous-model-assignment
35534,Memory of Ingvar (1),Undead,227,Vargul,Blocked,82,protected-rank; no-ability-profile
35537,Memory of Malchezaar (1),Demons,,Unassigned,Blocked,82,protected-rank; missing-or-ambiguous-model-assignment
35539,Memory of Onyxia (1),Dragonkin,,Unassigned,Blocked,82,protected-rank; missing-or-ambiguous-model-assignment
35540,Memory of Thunderaan (1),Elementals,,Unassigned,Blocked,82,protected-rank; missing-or-ambiguous-model-assignment
35545,Risen Jaeren Sunsworn,Undead,218,Ghoul,Blocked,80,protected-npc-vehicle-script
35546,Risen Jaeren Sunsworn (1),Undead,218,Ghoul,Active,80,Enabled mapping; runtime eligibility still applies.
35547,The Black Knight,Undead,,Unassigned,Blocked,80,protected-rank; missing-or-ambiguous-model-assignment
35557,The Black Knight,Undead,217,Ghost,Blocked,80,protected-rank; no-ability-profile
35559,The Black Knight (1),Undead,,Unassigned,Blocked,80,protected-rank; missing-or-ambiguous-model-assignment
35560,The Black Knight (1),Undead,217,Ghost,Blocked,80,protected-rank; no-ability-profile
35564,Risen Arelas Brightstar,Undead,218,Ghoul,Blocked,80,protected-npc-vehicle-script
35568,Risen Arelas Brightstar (1),Undead,218,Ghoul,Active,80,Enabled mapping; runtime eligibility still applies.
35590,Risen Champion,Undead,218,Ghoul,Blocked,80,protected-npc-vehicle-script
35615,Anub'arak (2),Undead,,Unassigned,Blocked,83,protected-rank; missing-or-ambiguous-model-assignment
35616,Anub'arak (3),Undead,,Unassigned,Blocked,83,protected-rank; missing-or-ambiguous-model-assignment
35652,Anub'arak (1),Undead,,Unassigned,Blocked,1,protected-rank; missing-or-ambiguous-model-assignment
35653,Anub'arak (2),Undead,,Unassigned,Blocked,1,protected-rank; missing-or-ambiguous-model-assignment
35654,Anub'arak (3),Undead,,Unassigned,Blocked,1,protected-rank; missing-or-ambiguous-model-assignment
35655,Nerubian Burrower (2),Undead,,Unassigned,Blocked,82,protected-rank; missing-or-ambiguous-model-assignment
35656,Nerubian Burrower (3),Undead,,Unassigned,Blocked,82,protected-rank; missing-or-ambiguous-model-assignment
35658,Swarm Scarab (2),Undead,,Unassigned,Blocked,80,missing-or-ambiguous-model-assignment
35659,Swarm Scarab (3),Undead,,Unassigned,Blocked,80,missing-or-ambiguous-model-assignment
35686,Erin Misthoof (1),Elementals,394,Treant,Blocked,83,protected-rank; no-ability-profile
35687,Erin Misthoof (2),Elementals,394,Treant,Blocked,83,protected-rank; no-ability-profile
35688,Erin Misthoof (3),Elementals,394,Treant,Blocked,83,protected-rank; no-ability-profile
35714,Melador Valestrider (1),Elementals,394,Treant,Blocked,83,protected-rank; no-ability-profile
35715,Melador Valestrider (2),Elementals,394,Treant,Blocked,83,protected-rank; no-ability-profile
35716,Melador Valestrider (3),Elementals,394,Treant,Blocked,83,protected-rank; no-ability-profile
35717,Risen Champion (1),Undead,218,Ghoul,Active,80,Enabled mapping; runtime eligibility still applies.
35763,Skittering Scarab,Undead,,Unassigned,Blocked,80,missing-or-ambiguous-model-assignment
35877,The Lich King,Undead,,Unassigned,Blocked,83,protected-rank; missing-or-ambiguous-model-assignment
36065,Fjola Lightbane,Undead,226,Val'kyr,Blocked,83,protected-rank; no-ability-profile
36066,Eydis Darkbane,Undead,226,Val'kyr,Blocked,83,protected-rank; no-ability-profile
36070,Treant,Elementals,394,Treant,Blocked,80,no-ability-profile
36116,Melador Valestrider,Elementals,,Unassigned,Blocked,80,protected-rank; missing-or-ambiguous-model-assignment
36128,Frostwyrm Rider,Undead,,Unassigned,Blocked,80,protected-rank; missing-or-ambiguous-model-assignment
36173,Innocuous Scarab,Undead,,Unassigned,Blocked,1,missing-or-ambiguous-model-assignment
36301,Zhaagrym (1),Demons,110,Felhunter (reference: Felhound),Staged,80,Assignment candidate; profile/build/effect validation pending.
36302,Zhaagrym (2),Demons,110,Felhunter (reference: Felhound),Staged,80,Assignment candidate; profile/build/effect validation pending.
36303,Zhaagrym (3),Demons,110,Felhunter (reference: Felhound),Staged,80,Assignment candidate; profile/build/effect validation pending.
36473,Treant (1),Elementals,394,Treant,Blocked,80,no-ability-profile
36474,Treant (2),Elementals,394,Treant,Blocked,80,no-ability-profile
36475,Treant (3),Elementals,394,Treant,Blocked,80,no-ability-profile
36476,Ick,Undead,,Unassigned,Blocked,82,protected-rank; protected-npc-vehicle-script; missing-or-ambiguous-model-assignment
36477,Krick,Undead,,Unassigned,Blocked,80,protected-rank; protected-npc-vehicle-script; missing-or-ambiguous-model-assignment
36478,Soulguard Watchman,Undead,,Unassigned,Blocked,80,protected-rank; missing-or-ambiguous-model-assignment
36494,Forgemaster Garfrost,Undead,,Unassigned,Blocked,82,protected-rank; protected-npc-vehicle-script; missing-or-ambiguous-model-assignment
36502,Devourer of Souls,Undead,,Unassigned,Blocked,82,protected-rank; protected-npc-vehicle-script; missing-or-ambiguous-model-assignment
36503,Devourer of Souls,Undead,,Unassigned,Blocked,1,protected-rank; missing-or-ambiguous-model-assignment
36504,Devourer of Souls,Undead,,Unassigned,Blocked,1,protected-rank; missing-or-ambiguous-model-assignment
36522,Soul Horror,Undead,224,Shade,Blocked,80,protected-rank
36533,Unstable Fire Elemental,Elementals,303,Fire Elemental,Blocked,80,no-supported-skills
36538,Onyxia (1),Dragonkin,,Unassigned,Blocked,83,protected-rank; missing-or-ambiguous-model-assignment
36545,Unstable Water Elemental,Elementals,304,Water Elemental,Blocked,80,no-supported-skills
36546,Unstable Air Elemental,Elementals,301,Air Elemental,Blocked,80,no-supported-skills
36554,Unstable Earth Elemental,Elementals,302,Earth Elemental,Blocked,80,no-supported-skills
36561,Onyxian Lair Guard,Dragonkin,,Unassigned,Blocked,80,protected-rank; protected-npc-vehicle-script; missing-or-ambiguous-model-assignment
36564,Soulguard Bonecaster,Undead,229,Wraith,Blocked,80,protected-rank; no-supported-skills
36566,Onyxian Whelp (1),Dragonkin,402,Black Whelp,Blocked,80,no-supported-skills
36571,Onyxian Lair Guard (1),Dragonkin,,Unassigned,Blocked,80,protected-rank; missing-or-ambiguous-model-assignment
36572,Onyxian Warder (1),Dragonkin,,Unassigned,Blocked,80,protected-rank; missing-or-ambiguous-model-assignment
36595,Unleashed Soul,Undead,217,Ghost,Blocked,80,no-ability-profile
36597,The Lich King,Undead,,Unassigned,Blocked,83,protected-rank; protected-npc-vehicle-script; missing-or-ambiguous-model-assignment
36609,Val'kyr Shadowguard,Undead,226,Val'kyr,Blocked,80,protected-rank; protected-npc-vehicle-script; no-ability-profile
36612,Lord Marrowgar,Undead,,Unassigned,Blocked,83,protected-rank; protected-npc-vehicle-script; missing-or-ambiguous-model-assignment
36619,Bone Spike,Undead,,Unassigned,Blocked,80,protected-rank; protected-npc-vehicle-script; missing-or-ambiguous-model-assignment
36626,Festergut,Undead,,Unassigned,Blocked,83,protected-rank; protected-npc-vehicle-script; missing-or-ambiguous-model-assignment
36627,Rotface,Undead,,Unassigned,Blocked,83,protected-rank; protected-npc-vehicle-script; missing-or-ambiguous-model-assignment
36661,Rimefang,Undead,,Unassigned,Blocked,82,protected-rank; protected-npc-vehicle-script; missing-or-ambiguous-model-assignment
36666,Spectral Warden,Undead,217,Ghost,Blocked,80,protected-rank; no-ability-profile
36677,Skeletal Miner (Cosmetic),Undead,225,Skeleton,Active,80,Enabled mapping; runtime eligibility still applies.
36678,Professor Putricide,Undead,,Unassigned,Blocked,83,protected-rank; protected-npc-vehicle-script; missing-or-ambiguous-model-assignment
36701,Raging Spirit,Undead,,Unassigned,Blocked,83,protected-rank; protected-npc-vehicle-script; missing-or-ambiguous-model-assignment
36723,Frostsworn General,Undead,,Unassigned,Blocked,80,protected-rank; protected-npc-vehicle-script; missing-or-ambiguous-model-assignment
36724,Servant of the Throne,Undead,229,Wraith,Blocked,80,protected-rank; no-supported-skills
36725,Nerub'ar Broodkeeper,Undead,,Unassigned,Blocked,80,protected-rank; protected-npc-vehicle-script; missing-or-ambiguous-model-assignment
36726,[PH] Icecrown Reanimated Crusader,Undead,,Unassigned,Blocked,80,missing-or-ambiguous-model-assignment
36789,Valithria Dreamwalker,Dragonkin,,Unassigned,Blocked,83,protected-rank; protected-npc-vehicle-script; missing-or-ambiguous-model-assignment
36791,Blazing Skeleton,Undead,233,Skeletal Mage,Blocked,83,protected-rank; protected-npc-vehicle-script
36792,[PH] Unused Quarry Overseer,Undead,,Unassigned,Blocked,1,protected-rank; missing-or-ambiguous-model-assignment
36794,Scourgelord Tyrannus,Undead,,Unassigned,Blocked,82,protected-rank; protected-npc-vehicle-script; missing-or-ambiguous-model-assignment
36795,Scourgelord Tyrannus,Undead,,Unassigned,Blocked,82,protected-rank; protected-npc-vehicle-script; missing-or-ambiguous-model-assignment
36796,Corrupted Champion,Undead,225,Skeleton,Active,80,Enabled mapping; runtime eligibility still applies.
36807,Deathspeaker Disciple,Undead,229,Wraith,Blocked,82,protected-rank; no-supported-skills
36824,Spirit Warden,Undead,,Unassigned,Blocked,83,protected-rank; protected-npc-vehicle-script; missing-or-ambiguous-model-assignment
36829,Deathspeaker High Priest,Undead,,Unassigned,Blocked,82,protected-rank; missing-or-ambiguous-model-assignment
36830,Wrathbone Laborer,Undead,,Unassigned,Blocked,80,protected-rank; missing-or-ambiguous-model-assignment
36837,Onyxian Drake,Dragonkin,,Unassigned,Blocked,80,missing-or-ambiguous-model-assignment
36840,Ymirjar Wrathbringer,Undead,227,Vargul,Blocked,80,protected-rank; no-ability-profile
36841,Fallen Warrior,Undead,,Unassigned,Blocked,80,protected-rank; missing-or-ambiguous-model-assignment
36842,Wrathbone Coldwraith,Undead,229,Wraith,Blocked,80,protected-rank; no-supported-skills
36844,Risen Deathspeaker Servant,Undead,,Unassigned,Blocked,82,protected-rank; missing-or-ambiguous-model-assignment
36847,Collapsing Icicle,Elementals,,Unassigned,Blocked,80,protected-npc-vehicle-script; missing-or-ambiguous-model-assignment
36851,Aquanos,Elementals,329,Water Revenant,Blocked,80,no-supported-skills
36853,Sindragosa,Undead,,Unassigned,Blocked,83,protected-rank; protected-npc-vehicle-script; missing-or-ambiguous-model-assignment
36855,Lady Deathwhisper,Undead,,Unassigned,Blocked,83,protected-rank; protected-npc-vehicle-script; missing-or-ambiguous-model-assignment
36874,Disturbed Glacial Revenant,Elementals,327,Earth Revenant,Blocked,80,protected-rank
36875,[PH] Icecrown Gauntlet Ghoul,Undead,218,Ghoul,Active,70,Enabled mapping; runtime eligibility still applies.
36877,Wrathbone Skeleton,Undead,,Unassigned,Blocked,80,protected-rank; missing-or-ambiguous-model-assignment
36879,Plagueborn Horror,Undead,,Unassigned,Blocked,80,protected-rank; missing-or-ambiguous-model-assignment
36880,Decaying Colossus,Undead,,Unassigned,Blocked,80,protected-rank; missing-or-ambiguous-model-assignment
36881,Skeletal Slave,Undead,225,Skeleton,Active,80,Enabled mapping; runtime eligibility still applies.
36886,Geist Ambusher,Undead,216,Geist,Blocked,80,protected-rank; no-ability-profile
36893,Ymirjar Flamebearer,Undead,227,Vargul,Blocked,80,protected-rank; no-ability-profile
36896,Stonespine Gargoyle,Undead,215,Gargoyle,Blocked,80,protected-rank; protected-npc-vehicle-script
36907,Wrathbone Siegesmith,Undead,,Unassigned,Blocked,80,missing-or-ambiguous-model-assignment
36916,Ghoul Minion,Undead,218,Ghoul,Staged,80,Assignment candidate; profile/build/effect validation pending.
36940,Raging Ghoul,Undead,218,Ghoul,Blocked,80,protected-npc-vehicle-script
36941,Risen Witch Doctor,Undead,227,Vargul,Blocked,80,protected-rank; protected-npc-vehicle-script; no-ability-profile
36949,[PH] Scaling Fire Elemental,Elementals,303,Fire Elemental,Blocked,40,no-supported-skills
36954,The Lich King,Undead,,Unassigned,Blocked,83,protected-rank; protected-npc-vehicle-script; missing-or-ambiguous-model-assignment
36963,[PH] Scaling Earth Elemental,Elementals,302,Earth Elemental,Blocked,40,no-supported-skills
36964,[PH] Scaling Air Elemental,Elementals,301,Air Elemental,Blocked,40,no-supported-skills
36965,Furious Water Elemental,Elementals,304,Water Elemental,Blocked,80,no-supported-skills
37007,Deathbound Ward,Undead,,Unassigned,Blocked,82,protected-rank; missing-or-ambiguous-model-assignment
37011,The Damned,Undead,205,Bone Golem,Blocked,80,protected-rank
37012,Ancient Skeletal Soldier,Undead,,Unassigned,Blocked,80,protected-rank; missing-or-ambiguous-model-assignment
37022,Blighted Abomination,Undead,203,Abomination,Blocked,80,protected-rank
37023,Plague Scientist,Undead,,Unassigned,Blocked,80,protected-rank; missing-or-ambiguous-model-assignment
37025,Stinky,Undead,,Unassigned,Blocked,80,protected-rank; protected-npc-vehicle-script; missing-or-ambiguous-model-assignment
37036,Rippling Water Elemental,Elementals,304,Water Elemental,Blocked,80,protected-rank; no-supported-skills
37037,Acanthurus,Elementals,304,Water Elemental,Blocked,83,protected-rank; no-supported-skills
37038,Vengeful Fleshreaper,Undead,216,Geist,Blocked,80,protected-rank; protected-npc-vehicle-script; no-ability-profile
37069,Lumbering Abomination,Undead,203,Abomination,Blocked,80,protected-rank; protected-npc-vehicle-script
37098,Val'kyr Herald,Undead,226,Val'kyr,Blocked,80,protected-rank; protected-npc-vehicle-script; no-ability-profile
37120,Highlord Darion Mograine,Undead,,Unassigned,Blocked,83,protected-rank; protected-npc-vehicle-script; missing-or-ambiguous-model-assignment
37126,Sister Svalna,Undead,226,Val'kyr,Blocked,82,protected-rank; protected-npc-vehicle-script; no-ability-profile
37128,[PH] Icecrown Shade,Undead,224,Shade,Blocked,80,protected-rank
37193,Balistoides,Elementals,304,Water Elemental,Blocked,83,protected-rank; no-supported-skills
37194,Chaetodon,Elementals,304,Water Elemental,Blocked,83,protected-rank; no-supported-skills
37217,Precious,Undead,,Unassigned,Blocked,80,protected-rank; protected-npc-vehicle-script; missing-or-ambiguous-model-assignment
37226,The Lich King,Undead,,Unassigned,Blocked,83,protected-rank; missing-or-ambiguous-model-assignment
37230,Spire Frostwyrm,Undead,,Unassigned,Blocked,82,protected-rank; protected-npc-vehicle-script; missing-or-ambiguous-model-assignment
37232,Nerub'ar Broodling,Undead,,Unassigned,Blocked,80,missing-or-ambiguous-model-assignment
37241,Blizzard Elemental (3),Elementals,301,Air Elemental,Blocked,1,protected-rank; no-supported-skills
37314,Furis (3),Demons,129,Felsteed,Blocked,1,"Assignment proposed; server spell definitions missing: 80166, 80167, 891894"
37351,Lieutenant Grummus (3),Undead,203,Abomination,Blocked,79,protected-rank
37357,Lieutenant Murp <old> (3),Undead,203,Abomination,Blocked,79,protected-rank
37363,Lokholar the Ice Lord (3),Elementals,302,Earth Elemental,Blocked,81,protected-rank; protected-npc-vehicle-script; no-supported-skills
37491,Captain Arnath,Undead,,Unassigned,Blocked,81,protected-rank; missing-or-ambiguous-model-assignment
37493,Captain Brandon,Undead,,Unassigned,Blocked,81,protected-rank; missing-or-ambiguous-model-assignment
37494,Captain Grondel,Undead,,Unassigned,Blocked,81,protected-rank; missing-or-ambiguous-model-assignment
37495,Captain Rupert,Undead,,Unassigned,Blocked,81,protected-rank; missing-or-ambiguous-model-assignment
37501,Nerub'ar Champion,Undead,,Unassigned,Blocked,80,protected-rank; missing-or-ambiguous-model-assignment
37502,Nerub'ar Webweaver,Undead,,Unassigned,Blocked,80,protected-rank; missing-or-ambiguous-model-assignment
37504,Festergut (1),Undead,,Unassigned,Blocked,83,protected-rank; missing-or-ambiguous-model-assignment
37505,Festergut (2),Undead,,Unassigned,Blocked,83,protected-rank; missing-or-ambiguous-model-assignment
37506,Festergut (3),Undead,,Unassigned,Blocked,83,protected-rank; missing-or-ambiguous-model-assignment
37530,Slimy Tentacle,Undead,,Unassigned,Blocked,83,protected-rank; missing-or-ambiguous-model-assignment
37532,Frostwing Whelp,Undead,,Unassigned,Blocked,80,protected-rank; protected-npc-vehicle-script; missing-or-ambiguous-model-assignment
37533,Rimefang,Undead,,Unassigned,Blocked,82,protected-rank; protected-npc-vehicle-script; missing-or-ambiguous-model-assignment
37534,Spinestalker,Undead,,Unassigned,Blocked,82,protected-rank; protected-npc-vehicle-script; missing-or-ambiguous-model-assignment
37535,Ooze Covered Tentacle,Undead,,Unassigned,Blocked,83,protected-rank; missing-or-ambiguous-model-assignment
37538,Scourge Zombie,Undead,230,Zombie,Staged,80,Assignment candidate; profile/build/effect validation pending.
37539,Ghoul Invader,Undead,218,Ghoul,Active,80,Enabled mapping; runtime eligibility still applies.
37541,Crypt Raider,Undead,207,Crypt Fiend,Active,80,Enabled mapping; runtime eligibility still applies.
37542,Morlen Coldgrip,Undead,,Unassigned,Blocked,80,protected-rank; missing-or-ambiguous-model-assignment
37544,Spire Gargoyle,Undead,215,Gargoyle,Blocked,82,protected-rank
37545,Spire Minion,Undead,218,Ghoul,Blocked,82,protected-rank
37546,Frenzied Abomination,Undead,203,Abomination,Blocked,82,protected-rank
37549,Lumbering Abomination (1),Undead,203,Abomination,Blocked,80,protected-rank
37550,Raging Ghoul (1),Undead,218,Ghoul,Active,80,Enabled mapping; runtime eligibility still applies.
37551,Risen Witch Doctor (1),Undead,227,Vargul,Blocked,80,protected-rank; no-ability-profile
37563,Spectral Warden (1),Undead,217,Ghost,Blocked,80,protected-rank; no-ability-profile
37565,Soul Horror (1),Undead,224,Shade,Blocked,80,protected-rank
37569,Soulguard Watchman (1),Undead,,Unassigned,Blocked,80,protected-rank; missing-or-ambiguous-model-assignment
37571,Darkfallen Advisor,Undead,219,Lich,Blocked,82,protected-rank; protected-npc-vehicle-script
37586,Fury,Undead,,Unassigned,Blocked,80,protected-rank; missing-or-ambiguous-model-assignment
37595,Darkfallen Blood Knight,Undead,,Unassigned,Blocked,82,protected-rank; protected-npc-vehicle-script; missing-or-ambiguous-model-assignment
37612,Fallen Warrior (1),Undead,,Unassigned,Blocked,80,protected-rank; missing-or-ambiguous-model-assignment
37613,Forgemaster Garfrost (1),Undead,,Unassigned,Blocked,82,protected-rank; missing-or-ambiguous-model-assignment
37622,Geist Ambusher (1),Undead,216,Geist,Blocked,80,protected-rank; no-ability-profile
37627,Ick (1),Undead,,Unassigned,Blocked,82,protected-rank; protected-npc-vehicle-script; missing-or-ambiguous-model-assignment
37629,Krick (1),Undead,,Unassigned,Blocked,80,protected-rank; missing-or-ambiguous-model-assignment
37635,Plagueborn Horror (1),Undead,,Unassigned,Blocked,80,protected-rank; missing-or-ambiguous-model-assignment
37636,Stonespine Gargoyle (1),Undead,215,Gargoyle,Blocked,80,protected-rank; protected-npc-vehicle-script
37637,Wrathbone Coldwraith (1),Undead,229,Wraith,Blocked,80,protected-rank; no-supported-skills
37638,Wrathbone Laborer (1),Undead,,Unassigned,Blocked,80,protected-rank; missing-or-ambiguous-model-assignment
37639,Wrathbone Siegesmith (1),Undead,,Unassigned,Blocked,80,protected-rank; missing-or-ambiguous-model-assignment
37640,Wrathbone Skeleton (1),Undead,,Unassigned,Blocked,80,protected-rank; missing-or-ambiguous-model-assignment
37642,Ymirjar Flamebearer (1),Undead,227,Vargul,Blocked,80,protected-rank; no-ability-profile
37644,Ymirjar Wrathbringer (1),Undead,227,Vargul,Blocked,80,protected-rank; no-ability-profile
37655,Decaying Colossus (1),Undead,,Unassigned,Blocked,80,protected-rank; missing-or-ambiguous-model-assignment
37656,Skeletal Slave (1),Undead,225,Skeleton,Active,80,Enabled mapping; runtime eligibility still applies.
37657,Corrupted Champion (1),Undead,225,Skeleton,Active,80,Enabled mapping; runtime eligibility still applies.
37658,[PH] Unused Quarry Overseer (1),Undead,,Unassigned,Blocked,1,protected-rank; missing-or-ambiguous-model-assignment
37662,Darkfallen Commander,Undead,,Unassigned,Blocked,82,protected-rank; missing-or-ambiguous-model-assignment
37663,Darkfallen Noble,Undead,,Unassigned,Blocked,82,protected-rank; protected-npc-vehicle-script; missing-or-ambiguous-model-assignment
37664,Darkfallen Archmage,Undead,,Unassigned,Blocked,82,protected-rank; protected-npc-vehicle-script; missing-or-ambiguous-model-assignment
37665,Darkfallen Lieutenant,Undead,,Unassigned,Blocked,82,protected-rank; missing-or-ambiguous-model-assignment
37666,Darkfallen Tactician,Undead,,Unassigned,Blocked,82,protected-rank; protected-npc-vehicle-script; missing-or-ambiguous-model-assignment
37672,Mutated Abomination,Undead,,Unassigned,Blocked,80,protected-rank; protected-npc-vehicle-script; missing-or-ambiguous-model-assignment
37677,Devourer of Souls (1),Undead,,Unassigned,Blocked,82,protected-rank; missing-or-ambiguous-model-assignment
37678,Unleashed Soul (1),Undead,217,Ghost,Blocked,80,no-ability-profile
37695,Drudge Ghoul,Undead,218,Ghoul,Blocked,80,protected-rank; protected-npc-vehicle-script
37698,Shambling Horror,Undead,227,Vargul,Blocked,83,protected-rank; protected-npc-vehicle-script; no-ability-profile
37703,Surging Water Elemental,Elementals,304,Water Elemental,Blocked,10,no-supported-skills
37711,Hungering Ghoul,Undead,218,Ghoul,Blocked,80,protected-rank
37720,Frostsworn General (1),Undead,,Unassigned,Blocked,80,protected-rank; missing-or-ambiguous-model-assignment
37728,Wrathbone Sorcerer,Undead,,Unassigned,Blocked,80,protected-rank; missing-or-ambiguous-model-assignment
37729,Wrathbone Reaver,Undead,,Unassigned,Blocked,80,protected-rank; missing-or-ambiguous-model-assignment
37730,Wrathbone Reaver (1),Undead,,Unassigned,Blocked,80,protected-rank; missing-or-ambiguous-model-assignment
37731,Wrathbone Sorcerer (1),Undead,,Unassigned,Blocked,80,protected-rank; missing-or-ambiguous-model-assignment
37755,Sindragosa,Undead,,Unassigned,Blocked,83,protected-rank; missing-or-ambiguous-model-assignment
37799,Vile Spirit,Undead,217,Ghost,Blocked,80,protected-rank; protected-npc-vehicle-script; no-ability-profile
37813,Deathbringer Saurfang,Undead,,Unassigned,Blocked,83,protected-rank; protected-npc-vehicle-script; missing-or-ambiguous-model-assignment
37829,Image of Alexstrasza,Dragonkin,,Unassigned,Blocked,83,protected-rank; missing-or-ambiguous-model-assignment
37845,Image of Morlen Coldgrip,Undead,,Unassigned,Blocked,80,protected-rank; missing-or-ambiguous-model-assignment
37846,Blood-Queen Lana'thel,Undead,,Unassigned,Blocked,80,protected-rank; missing-or-ambiguous-model-assignment
37857,The Lich King,Undead,,Unassigned,Blocked,83,protected-rank; protected-npc-vehicle-script; missing-or-ambiguous-model-assignment
37863,Suppresser,Undead,216,Geist,Blocked,83,protected-rank; protected-npc-vehicle-script; no-ability-profile
37868,Risen Archmage,Undead,219,Lich,Blocked,83,protected-rank; protected-npc-vehicle-script
37881,Wretched Ghoul,Undead,218,Ghoul,Blocked,80,protected-npc-vehicle-script
37886,Gluttonous Abomination,Undead,203,Abomination,Blocked,83,protected-rank; protected-npc-vehicle-script
37893,Vegard the Unforgiven,Undead,227,Vargul,Blocked,80,protected-rank; protected-npc-vehicle-script; no-ability-profile
37901,Vampiric Fiend,Demons,,Unassigned,Blocked,80,protected-npc-vehicle-script; missing-or-ambiguous-model-assignment
37906,Imprisoned Soul,Undead,,Unassigned,Blocked,1,missing-or-ambiguous-model-assignment
37919,Empowered Vampiric Fiend,Demons,,Unassigned,Blocked,80,missing-or-ambiguous-model-assignment
37934,Blistering Zombie,Undead,,Unassigned,Blocked,83,protected-rank; protected-npc-vehicle-script; missing-or-ambiguous-model-assignment
37945,Dream Portal,Undead,,Unassigned,Blocked,80,protected-rank; protected-npc-vehicle-script; missing-or-ambiguous-model-assignment
37950,Valithria Dreamwalker,Dragonkin,,Unassigned,Blocked,83,protected-rank; missing-or-ambiguous-model-assignment
37955,Blood-Queen Lana'thel,Undead,,Unassigned,Blocked,83,protected-rank; protected-npc-vehicle-script; missing-or-ambiguous-model-assignment
37957,Lord Marrowgar (1),Undead,,Unassigned,Blocked,83,protected-rank; missing-or-ambiguous-model-assignment
37958,Lord Marrowgar (2),Undead,,Unassigned,Blocked,83,protected-rank; missing-or-ambiguous-model-assignment
37959,Lord Marrowgar (3),Undead,,Unassigned,Blocked,83,protected-rank; missing-or-ambiguous-model-assignment
37970,Prince Valanar,Undead,,Unassigned,Blocked,83,protected-rank; protected-npc-vehicle-script; missing-or-ambiguous-model-assignment
37972,Prince Keleseth,Undead,,Unassigned,Blocked,83,protected-rank; protected-npc-vehicle-script; missing-or-ambiguous-model-assignment
37973,Prince Taldaram,Undead,,Unassigned,Blocked,83,protected-rank; protected-npc-vehicle-script; missing-or-ambiguous-model-assignment
37976,Vegard the Unforgiven,Undead,,Unassigned,Blocked,80,protected-rank; protected-npc-vehicle-script; missing-or-ambiguous-model-assignment
37982,Furious Fire Elemental,Elementals,303,Fire Elemental,Blocked,80,no-supported-skills
37983,Searing Fire Elemental,Elementals,303,Fire Elemental,Blocked,80,protected-rank; no-supported-skills
37994,Water Elemental,Elementals,304,Water Elemental,Blocked,63,no-supported-skills
38004,Blood-Queen Lana'thel,Undead,,Unassigned,Blocked,83,protected-rank; protected-npc-vehicle-script; missing-or-ambiguous-model-assignment
38009,Reanimated Fanatic,Undead,,Unassigned,Blocked,82,protected-rank; protected-npc-vehicle-script; missing-or-ambiguous-model-assignment
38010,Reanimated Adherent,Undead,,Unassigned,Blocked,82,protected-rank; protected-npc-vehicle-script; missing-or-ambiguous-model-assignment
38017,Kalecgos,Dragonkin,,Unassigned,Blocked,82,protected-rank; protected-npc-vehicle-script; missing-or-ambiguous-model-assignment
38019,Anolis,Elementals,303,Fire Elemental,Blocked,83,protected-rank; no-supported-skills
38020,Basiliscus,Elementals,303,Fire Elemental,Blocked,83,protected-rank; no-supported-skills
38021,Conolophus,Elementals,303,Fire Elemental,Blocked,83,protected-rank; no-supported-skills
38031,Deathbound Ward (1),Undead,,Unassigned,Blocked,82,protected-rank; missing-or-ambiguous-model-assignment
38057,Servant of the Throne (1),Undead,229,Wraith,Blocked,80,protected-rank; no-supported-skills
38058,Nerub'ar Broodkeeper (1),Undead,,Unassigned,Blocked,80,protected-rank; missing-or-ambiguous-model-assignment
38059,Ancient Skeletal Soldier (1),Undead,,Unassigned,Blocked,80,protected-rank; missing-or-ambiguous-model-assignment
38061,The Damned (1),Undead,205,Bone Golem,Blocked,80,protected-rank
38062,Plague Scientist (1),Undead,,Unassigned,Blocked,80,protected-rank; missing-or-ambiguous-model-assignment
38063,Vengeful Fleshreaper (1),Undead,216,Geist,Blocked,80,protected-rank; no-ability-profile
38064,Stinky (1),Undead,,Unassigned,Blocked,80,protected-rank; missing-or-ambiguous-model-assignment
38073,Deathspeaker Disciple (1),Undead,229,Wraith,Blocked,82,protected-rank; no-supported-skills
38074,Deathspeaker High Priest (1),Undead,,Unassigned,Blocked,82,protected-rank; missing-or-ambiguous-model-assignment
38077,Risen Deathspeaker Servant (1),Undead,,Unassigned,Blocked,82,protected-rank; missing-or-ambiguous-model-assignment
38098,Darkfallen Advisor (1),Undead,219,Lich,Blocked,82,protected-rank
38099,Darkfallen Archmage (1),Undead,,Unassigned,Blocked,82,protected-rank; missing-or-ambiguous-model-assignment
38100,Darkfallen Blood Knight (1),Undead,,Unassigned,Blocked,82,protected-rank; missing-or-ambiguous-model-assignment
38101,Darkfallen Lieutenant (1),Undead,,Unassigned,Blocked,82,protected-rank; missing-or-ambiguous-model-assignment
38102,Darkfallen Commander (1),Undead,,Unassigned,Blocked,82,protected-rank; missing-or-ambiguous-model-assignment
38103,Precious (1),Undead,,Unassigned,Blocked,80,protected-rank; missing-or-ambiguous-model-assignment
38104,Plagued Zombie,Undead,230,Zombie,Blocked,80,protected-rank
38105,Plagued Zombie (1),Undead,230,Zombie,Blocked,80,protected-rank
38106,Lady Deathwhisper (1),Undead,,Unassigned,Blocked,83,protected-rank; missing-or-ambiguous-model-assignment
38108,Blighted Abomination (1),Undead,203,Abomination,Blocked,80,protected-rank
38110,Pustulating Horror (1),Undead,,Unassigned,Blocked,80,protected-rank; missing-or-ambiguous-model-assignment
38112,Falric,Undead,,Unassigned,Blocked,82,protected-rank; protected-npc-vehicle-script; missing-or-ambiguous-model-assignment
38113,Marwyn,Undead,,Unassigned,Blocked,82,protected-rank; protected-npc-vehicle-script; missing-or-ambiguous-model-assignment
38135,Deformed Fanatic,Undead,,Unassigned,Blocked,82,protected-rank; protected-npc-vehicle-script; missing-or-ambiguous-model-assignment
38151,Frostwing Whelp (1),Undead,,Unassigned,Blocked,80,protected-rank; missing-or-ambiguous-model-assignment
38166,Gluttonous Abomination (1),Undead,203,Abomination,Blocked,83,protected-rank
38167,Risen Archmage (1),Undead,219,Lich,Blocked,83,protected-rank
38169,Blazing Skeleton (1),Undead,233,Skeletal Mage,Blocked,83,protected-rank
38170,Blistering Zombie (1),Undead,,Unassigned,Blocked,83,protected-rank; missing-or-ambiguous-model-assignment
38171,Suppresser (1),Undead,216,Geist,Blocked,83,protected-rank; no-ability-profile
38172,Phantom Mage,Undead,,Unassigned,Blocked,80,protected-rank; protected-npc-vehicle-script; missing-or-ambiguous-model-assignment
38173,Spectral Footman,Undead,,Unassigned,Blocked,80,protected-rank; protected-npc-vehicle-script; missing-or-ambiguous-model-assignment
38174,Valithria Dreamwalker (1),Dragonkin,,Unassigned,Blocked,83,protected-rank; missing-or-ambiguous-model-assignment
38175,Ghostly Priest,Undead,,Unassigned,Blocked,80,protected-rank; protected-npc-vehicle-script; missing-or-ambiguous-model-assignment
38176,Tortured Rifleman,Undead,,Unassigned,Blocked,80,protected-rank; protected-npc-vehicle-script; missing-or-ambiguous-model-assignment
38177,Shadowy Mercenary,Undead,,Unassigned,Blocked,80,protected-rank; protected-npc-vehicle-script; missing-or-ambiguous-model-assignment
38184,Corrupted Ymirjar,Undead,227,Vargul,Blocked,80,protected-rank; no-ability-profile
38185,Corrupted Ymirjar (1),Undead,227,Vargul,Blocked,80,protected-rank; no-ability-profile
38186,Dream Portal (Pre-effect),Undead,,Unassigned,Blocked,80,protected-rank; missing-or-ambiguous-model-assignment
38193,Soulguard Bonecaster (1),Undead,229,Wraith,Blocked,80,protected-rank; no-supported-skills
38197,Nerub'ar Champion (1),Undead,,Unassigned,Blocked,80,protected-rank; missing-or-ambiguous-model-assignment
38198,Nerub'ar Webweaver (1),Undead,,Unassigned,Blocked,80,protected-rank; missing-or-ambiguous-model-assignment
38216,Mutated Professor Putricide,Undead,,Unassigned,Blocked,83,protected-rank; missing-or-ambiguous-model-assignment
38219,Spinestalker (1),Undead,,Unassigned,Blocked,82,protected-rank; missing-or-ambiguous-model-assignment
38220,Rimefang (1),Undead,,Unassigned,Blocked,82,protected-rank; missing-or-ambiguous-model-assignment
38222,Vengeful Shade,Undead,217,Ghost,Blocked,80,protected-npc-vehicle-script; no-ability-profile
38233,Bone Spike (1),Undead,,Unassigned,Blocked,80,protected-rank; protected-npc-vehicle-script; missing-or-ambiguous-model-assignment
38248,Impaling Spear,Undead,,Unassigned,Blocked,80,protected-rank; protected-npc-vehicle-script; missing-or-ambiguous-model-assignment
38249,Hungering Ghoul (1),Undead,218,Ghoul,Blocked,80,protected-rank
38258,Sister Svalna (1),Undead,226,Val'kyr,Blocked,82,protected-rank; no-ability-profile
38260,Invincible,Undead,,Unassigned,Blocked,80,missing-or-ambiguous-model-assignment
38265,Sindragosa (1),Undead,,Unassigned,Blocked,83,protected-rank; missing-or-ambiguous-model-assignment
38266,Sindragosa (2),Undead,,Unassigned,Blocked,83,protected-rank; missing-or-ambiguous-model-assignment
38267,Sindragosa (3),Undead,,Unassigned,Blocked,83,protected-rank; missing-or-ambiguous-model-assignment
38285,Mutated Abomination,Undead,,Unassigned,Blocked,80,protected-rank; protected-npc-vehicle-script; missing-or-ambiguous-model-assignment
38296,Lady Deathwhisper (2),Undead,,Unassigned,Blocked,83,protected-rank; missing-or-ambiguous-model-assignment
38297,Lady Deathwhisper (3),Undead,,Unassigned,Blocked,83,protected-rank; missing-or-ambiguous-model-assignment
38308,Ooze Covered Tentacle Stalker,Undead,,Unassigned,Blocked,83,protected-rank; missing-or-ambiguous-model-assignment
38309,Slimy Tentacle Stalker,Undead,,Unassigned,Blocked,83,protected-rank; missing-or-ambiguous-model-assignment
38349,Captain Arnath (1),Undead,,Unassigned,Blocked,81,protected-rank; missing-or-ambiguous-model-assignment
38350,Captain Brandon (1),Undead,,Unassigned,Blocked,81,protected-rank; missing-or-ambiguous-model-assignment
38351,Captain Grondel (1),Undead,,Unassigned,Blocked,81,protected-rank; missing-or-ambiguous-model-assignment
38352,Captain Rupert (1),Undead,,Unassigned,Blocked,81,protected-rank; missing-or-ambiguous-model-assignment
38361,Wrathful Gladiator's Frost Wyrm,Dragonkin,,Unassigned,Blocked,10,missing-or-ambiguous-model-assignment
38362,Nerub'ar Broodling (1),Undead,,Unassigned,Blocked,80,missing-or-ambiguous-model-assignment
38367,Tesla Coil Stalker,Undead,,Unassigned,Blocked,83,protected-rank; missing-or-ambiguous-model-assignment
38386,Patchwerk (PTR All-Around Test),Undead,203,Abomination,Blocked,1,protected-rank
38388,Patchwerk (PTR All-Around Test) (1),Undead,203,Abomination,Blocked,1,protected-rank
38390,Rotface (1),Undead,,Unassigned,Blocked,83,protected-rank; missing-or-ambiguous-model-assignment
38391,Val'kyr Guardian,Undead,226,Val'kyr,Blocked,80,protected-npc-vehicle-script; no-ability-profile
38392,Val'kyr Protector,Undead,226,Val'kyr,Blocked,80,protected-npc-vehicle-script; no-ability-profile
38395,Deformed Fanatic (1),Undead,,Unassigned,Blocked,82,protected-rank; missing-or-ambiguous-model-assignment
38397,Reanimated Adherent (1),Undead,,Unassigned,Blocked,82,protected-rank; missing-or-ambiguous-model-assignment
38398,Reanimated Fanatic (1),Undead,,Unassigned,Blocked,82,protected-rank; missing-or-ambiguous-model-assignment
38399,Prince Keleseth (1),Undead,,Unassigned,Blocked,83,protected-rank; missing-or-ambiguous-model-assignment
38400,Prince Taldaram (1),Undead,,Unassigned,Blocked,83,protected-rank; missing-or-ambiguous-model-assignment
38401,Prince Valanar (1),Undead,,Unassigned,Blocked,83,protected-rank; missing-or-ambiguous-model-assignment
38402,Deathbringer Saurfang (1),Undead,,Unassigned,Blocked,83,protected-rank; protected-npc-vehicle-script; missing-or-ambiguous-model-assignment
38410,Severed Essence,Undead,,Unassigned,Blocked,80,protected-rank; protected-npc-vehicle-script; missing-or-ambiguous-model-assignment
38418,Val'kyr Herald (1),Undead,226,Val'kyr,Blocked,80,protected-rank; no-ability-profile
38419,Severed Essence (1),Undead,,Unassigned,Blocked,80,protected-rank; missing-or-ambiguous-model-assignment
38429,Nightmare Portal (Pre-effect),Undead,,Unassigned,Blocked,80,protected-rank; missing-or-ambiguous-model-assignment
38430,Nightmare Portal,Undead,,Unassigned,Blocked,80,protected-rank; protected-npc-vehicle-script; missing-or-ambiguous-model-assignment
38431,Professor Putricide (1),Undead,,Unassigned,Blocked,83,protected-rank; protected-npc-vehicle-script; missing-or-ambiguous-model-assignment
38434,Blood-Queen Lana'thel (1),Undead,,Unassigned,Blocked,83,protected-rank; missing-or-ambiguous-model-assignment
38435,Blood-Queen Lana'thel (2),Undead,,Unassigned,Blocked,83,protected-rank; missing-or-ambiguous-model-assignment
38436,Blood-Queen Lana'thel (3),Undead,,Unassigned,Blocked,83,protected-rank; missing-or-ambiguous-model-assignment
38444,Spire Frostwyrm (1),Undead,,Unassigned,Blocked,82,protected-rank; missing-or-ambiguous-model-assignment
38445,Spire Minion (1),Undead,218,Ghoul,Blocked,82,protected-rank
38446,Frenzied Abomination (1),Undead,203,Abomination,Blocked,82,protected-rank
38459,Bone Spike (2),Undead,,Unassigned,Blocked,80,protected-rank; protected-npc-vehicle-script; missing-or-ambiguous-model-assignment
38460,Bone Spike (3),Undead,,Unassigned,Blocked,80,protected-rank; protected-npc-vehicle-script; missing-or-ambiguous-model-assignment
38479,Darkfallen Tactician (1),Undead,,Unassigned,Blocked,82,protected-rank; missing-or-ambiguous-model-assignment
38480,Darkfallen Noble (1),Undead,,Unassigned,Blocked,82,protected-rank; missing-or-ambiguous-model-assignment
38481,Spire Gargoyle (1),Undead,215,Gargoyle,Blocked,82,protected-rank
38482,Frost Warder,Elementals,327,Earth Revenant,Blocked,82,protected-rank
38483,Frost Warder (1),Elementals,327,Earth Revenant,Blocked,82,protected-rank
38487,Fallen Warrior,Undead,,Unassigned,Blocked,80,protected-rank; missing-or-ambiguous-model-assignment
38490,Rotting Frost Giant,Undead,,Unassigned,Blocked,82,protected-rank; protected-npc-vehicle-script; missing-or-ambiguous-model-assignment
38494,Rotting Frost Giant,Undead,,Unassigned,Blocked,82,protected-rank; protected-npc-vehicle-script; missing-or-ambiguous-model-assignment
38524,Phantom Mage (1),Undead,,Unassigned,Blocked,80,protected-rank; missing-or-ambiguous-model-assignment
38525,Spectral Footman (1),Undead,,Unassigned,Blocked,80,protected-rank; missing-or-ambiguous-model-assignment
38544,Tortured Rifleman (1),Undead,,Unassigned,Blocked,80,protected-rank; missing-or-ambiguous-model-assignment
38545,Invincible,Undead,,Unassigned,Blocked,80,missing-or-ambiguous-model-assignment
38549,Rotface (2),Undead,,Unassigned,Blocked,83,protected-rank; missing-or-ambiguous-model-assignment
38550,Rotface (3),Undead,,Unassigned,Blocked,83,protected-rank; missing-or-ambiguous-model-assignment
38563,Ghostly Priest (1),Undead,,Unassigned,Blocked,80,protected-rank; missing-or-ambiguous-model-assignment
38564,Shadowy Mercenary (1),Undead,,Unassigned,Blocked,80,protected-rank; missing-or-ambiguous-model-assignment
38567,Phantom Hallucination,Undead,,Unassigned,Blocked,80,protected-rank; protected-npc-vehicle-script; missing-or-ambiguous-model-assignment
38568,Phantom Hallucination (1),Undead,,Unassigned,Blocked,80,protected-rank; missing-or-ambiguous-model-assignment
38572,Bug 181860,Undead,,Unassigned,Blocked,83,protected-rank; missing-or-ambiguous-model-assignment
38582,Deathbringer Saurfang (2),Undead,,Unassigned,Blocked,83,protected-rank; protected-npc-vehicle-script; missing-or-ambiguous-model-assignment
38583,Deathbringer Saurfang (3),Undead,,Unassigned,Blocked,83,protected-rank; protected-npc-vehicle-script; missing-or-ambiguous-model-assignment
38585,Professor Putricide (2),Undead,,Unassigned,Blocked,83,protected-rank; protected-npc-vehicle-script; missing-or-ambiguous-model-assignment
38586,Professor Putricide (3),Undead,,Unassigned,Blocked,83,protected-rank; protected-npc-vehicle-script; missing-or-ambiguous-model-assignment
38589,Valithria Dreamwalker,Dragonkin,,Unassigned,Blocked,83,protected-rank; protected-npc-vehicle-script; missing-or-ambiguous-model-assignment
38590,Valithria Dreamwalker (1),Dragonkin,,Unassigned,Blocked,83,protected-rank; protected-npc-vehicle-script; missing-or-ambiguous-model-assignment
38599,Falric (1),Undead,,Unassigned,Blocked,82,protected-rank; missing-or-ambiguous-model-assignment
38600,Vampiric Fiend (1),Demons,,Unassigned,Blocked,80,missing-or-ambiguous-model-assignment
38601,Empowered Vampiric Fiend (1),Demons,,Unassigned,Blocked,80,missing-or-ambiguous-model-assignment
38603,Marwyn (1),Undead,,Unassigned,Blocked,82,protected-rank; missing-or-ambiguous-model-assignment
38605,Mutated Abomination (1),Undead,,Unassigned,Blocked,80,protected-rank; protected-npc-vehicle-script; missing-or-ambiguous-model-assignment
38610,Highlord Alexandros Mograine,Undead,,Unassigned,Blocked,83,protected-rank; missing-or-ambiguous-model-assignment
38630,Reanimated Fanatic (2),Undead,,Unassigned,Blocked,82,protected-rank; missing-or-ambiguous-model-assignment
38631,Reanimated Fanatic (3),Undead,,Unassigned,Blocked,82,protected-rank; missing-or-ambiguous-model-assignment
38634,Deformed Fanatic (2),Undead,,Unassigned,Blocked,82,protected-rank; missing-or-ambiguous-model-assignment
38635,Deformed Fanatic (3),Undead,,Unassigned,Blocked,82,protected-rank; missing-or-ambiguous-model-assignment
38695,Icebound Frostbrood Vanquisher,Dragonkin,,Unassigned,Blocked,10,missing-or-ambiguous-model-assignment
38711,Bone Spike,Undead,,Unassigned,Blocked,80,protected-rank; protected-npc-vehicle-script; missing-or-ambiguous-model-assignment
38712,Bone Spike,Undead,,Unassigned,Blocked,80,protected-rank; protected-npc-vehicle-script; missing-or-ambiguous-model-assignment
38721,Blazing Skeleton (2),Undead,233,Skeletal Mage,Blocked,83,protected-rank
38722,Blazing Skeleton (3),Undead,233,Skeletal Mage,Blocked,83,protected-rank
38723,Blistering Zombie (2),Undead,,Unassigned,Blocked,83,protected-rank; missing-or-ambiguous-model-assignment
38724,Gluttonous Abomination (2),Undead,203,Abomination,Blocked,83,protected-rank
38725,Risen Archmage (2),Undead,219,Lich,Blocked,83,protected-rank
38727,Suppresser (2),Undead,216,Geist,Blocked,83,protected-rank; no-ability-profile
38733,Blistering Zombie (3),Undead,,Unassigned,Blocked,83,protected-rank; missing-or-ambiguous-model-assignment
38734,Gluttonous Abomination (3),Undead,203,Abomination,Blocked,83,protected-rank
38735,Risen Archmage (3),Undead,219,Lich,Blocked,83,protected-rank
38737,Suppresser (3),Undead,216,Geist,Blocked,83,protected-rank; no-ability-profile
38763,Summoned Cadaver,Undead,,Unassigned,Blocked,80,missing-or-ambiguous-model-assignment
38769,Prince Keleseth (2),Undead,,Unassigned,Blocked,83,protected-rank; missing-or-ambiguous-model-assignment
38770,Prince Keleseth (3),Undead,,Unassigned,Blocked,83,protected-rank; missing-or-ambiguous-model-assignment
38771,Prince Taldaram (2),Undead,,Unassigned,Blocked,83,protected-rank; missing-or-ambiguous-model-assignment
38772,Prince Taldaram (3),Undead,,Unassigned,Blocked,83,protected-rank; missing-or-ambiguous-model-assignment
38778,Bloodbathed Frostbrood Vanquisher,Dragonkin,,Unassigned,Blocked,10,missing-or-ambiguous-model-assignment
38784,Prince Valanar (2),Undead,,Unassigned,Blocked,83,protected-rank; missing-or-ambiguous-model-assignment
38785,Prince Valanar (3),Undead,,Unassigned,Blocked,83,protected-rank; missing-or-ambiguous-model-assignment
38786,Mutated Abomination (2),Undead,,Unassigned,Blocked,80,protected-rank; protected-npc-vehicle-script; missing-or-ambiguous-model-assignment
38787,Mutated Abomination (3),Undead,,Unassigned,Blocked,80,protected-rank; protected-npc-vehicle-script; missing-or-ambiguous-model-assignment
38788,Mutated Abomination (1),Undead,,Unassigned,Blocked,80,protected-rank; protected-npc-vehicle-script; missing-or-ambiguous-model-assignment
38789,Mutated Abomination (2),Undead,,Unassigned,Blocked,80,protected-rank; protected-npc-vehicle-script; missing-or-ambiguous-model-assignment
38790,Mutated Abomination (3),Undead,,Unassigned,Blocked,80,protected-rank; protected-npc-vehicle-script; missing-or-ambiguous-model-assignment
38857,PattyMacks LK,Undead,,Unassigned,Blocked,83,protected-rank; missing-or-ambiguous-model-assignment
38883,ScottG Test,Undead,,Unassigned,Blocked,83,protected-rank; missing-or-ambiguous-model-assignment
38970,Bone Spike (1),Undead,,Unassigned,Blocked,80,protected-rank; protected-npc-vehicle-script; missing-or-ambiguous-model-assignment
38971,Bone Spike (2),Undead,,Unassigned,Blocked,80,protected-rank; protected-npc-vehicle-script; missing-or-ambiguous-model-assignment
38972,Bone Spike (3),Undead,,Unassigned,Blocked,80,protected-rank; protected-npc-vehicle-script; missing-or-ambiguous-model-assignment
38973,Bone Spike (1),Undead,,Unassigned,Blocked,80,protected-rank; protected-npc-vehicle-script; missing-or-ambiguous-model-assignment
38974,Bone Spike (2),Undead,,Unassigned,Blocked,80,protected-rank; protected-npc-vehicle-script; missing-or-ambiguous-model-assignment
38975,Bone Spike (3),Undead,,Unassigned,Blocked,80,protected-rank; protected-npc-vehicle-script; missing-or-ambiguous-model-assignment
39000,Reanimated Adherent (2),Undead,,Unassigned,Blocked,82,protected-rank; missing-or-ambiguous-model-assignment
39001,Reanimated Adherent (3),Undead,,Unassigned,Blocked,82,protected-rank; missing-or-ambiguous-model-assignment
39019,Quest - Wintergrasp - PvP Kill - Horde,Elementals,328,Fire Revenant,Blocked,80,protected-rank; no-supported-skills
39021,Agitated Earth Spirit,Elementals,302,Earth Elemental,Blocked,10,no-supported-skills
39047,Agitated Fire Spirit,Elementals,303,Fire Elemental,Blocked,10,no-supported-skills
39048,Sylvanas' Lamenter,Undead,204,Banshee,Active,70,Enabled mapping; runtime eligibility still applies.
39120,Val'kyr Shadowguard (1),Undead,226,Val'kyr,Blocked,80,protected-rank; protected-npc-vehicle-script; no-ability-profile
39121,Val'kyr Shadowguard (2),Undead,226,Val'kyr,Blocked,80,protected-rank; protected-npc-vehicle-script; no-ability-profile
39122,Val'kyr Shadowguard (3),Undead,226,Val'kyr,Blocked,80,protected-rank; protected-npc-vehicle-script; no-ability-profile
39130,Blazing Servant,Elementals,303,Fire Elemental,Blocked,80,no-supported-skills
39131,Watery Servant,Elementals,304,Water Elemental,Blocked,80,no-supported-skills
39132,Earthen Servant,Elementals,302,Earth Elemental,Blocked,80,no-supported-skills
39158,Phalanx 2.0,Elementals,,Unassigned,Blocked,80,missing-or-ambiguous-model-assignment
39166,The Lich King (1),Undead,,Unassigned,Blocked,83,protected-rank; missing-or-ambiguous-model-assignment
39167,The Lich King (2),Undead,,Unassigned,Blocked,83,protected-rank; missing-or-ambiguous-model-assignment
39168,The Lich King (3),Undead,,Unassigned,Blocked,83,protected-rank; missing-or-ambiguous-model-assignment
39190,Wicked Spirit,Undead,217,Ghost,Blocked,80,protected-rank; protected-npc-vehicle-script; no-ability-profile
39231,The Lich King (Temp),Undead,,Unassigned,Blocked,83,protected-rank; missing-or-ambiguous-model-assignment
39232,The Lich King (Temp) (1),Undead,,Unassigned,Blocked,83,protected-rank; missing-or-ambiguous-model-assignment
39233,The Lich King (Temp) (2),Undead,,Unassigned,Blocked,83,protected-rank; missing-or-ambiguous-model-assignment
39234,The Lich King (Temp) (3),Undead,,Unassigned,Blocked,83,protected-rank; missing-or-ambiguous-model-assignment
39284,Vile Spirit (1),Undead,217,Ghost,Blocked,80,protected-rank; no-ability-profile
39285,Vile Spirit (2),Undead,217,Ghost,Blocked,80,protected-rank; no-ability-profile
39286,Vile Spirit (3),Undead,217,Ghost,Blocked,80,protected-rank; no-ability-profile
39287,Wicked Spirit (1),Undead,217,Ghost,Blocked,80,protected-rank; no-ability-profile
39288,Wicked Spirit (2),Undead,217,Ghost,Blocked,80,protected-rank; no-ability-profile
39289,Wicked Spirit (3),Undead,217,Ghost,Blocked,80,protected-rank; no-ability-profile
39296,Spirit Warden (1),Undead,,Unassigned,Blocked,83,protected-rank; missing-or-ambiguous-model-assignment
39299,Shambling Horror (1),Undead,227,Vargul,Blocked,83,protected-rank; no-ability-profile
39300,Shambling Horror (2),Undead,227,Vargul,Blocked,83,protected-rank; no-ability-profile
39301,Shambling Horror (3),Undead,227,Vargul,Blocked,83,protected-rank; no-ability-profile
39302,Raging Spirit (1),Undead,,Unassigned,Blocked,83,protected-rank; missing-or-ambiguous-model-assignment
39303,Raging Spirit (2),Undead,,Unassigned,Blocked,83,protected-rank; missing-or-ambiguous-model-assignment
39304,Raging Spirit (3),Undead,,Unassigned,Blocked,83,protected-rank; missing-or-ambiguous-model-assignment
39309,Drudge Ghoul (1),Undead,218,Ghoul,Blocked,80,protected-rank
39310,Drudge Ghoul (2),Undead,218,Ghoul,Blocked,80,protected-rank
39311,Drudge Ghoul (3),Undead,218,Ghoul,Blocked,80,protected-rank
39639,Restless Zombie,Undead,,Unassigned,Blocked,80,missing-or-ambiguous-model-assignment
39746,General Zarithrian,Dragonkin,,Unassigned,Blocked,83,protected-rank; protected-npc-vehicle-script; missing-or-ambiguous-model-assignment
39747,Saviana Ragefire,Dragonkin,403,Black Drake,Blocked,83,protected-rank; protected-npc-vehicle-script
39751,Baltharus the Warborn,Dragonkin,,Unassigned,Blocked,83,protected-rank; protected-npc-vehicle-script; missing-or-ambiguous-model-assignment
39805,General Zarithrian (1),Dragonkin,,Unassigned,Blocked,83,protected-rank; missing-or-ambiguous-model-assignment
39814,Onyx Flamecaller,Dragonkin,,Unassigned,Blocked,82,protected-rank; protected-npc-vehicle-script; missing-or-ambiguous-model-assignment
39815,Onyx Flamecaller (1),Dragonkin,,Unassigned,Blocked,82,protected-rank; missing-or-ambiguous-model-assignment
39823,Saviana Ragefire (1),Dragonkin,403,Black Drake,Blocked,83,protected-rank
39852,Raging Fire Elemental,Elementals,303,Fire Elemental,Blocked,80,no-supported-skills
39856,Raging Storm Elemental,Elementals,,Unassigned,Blocked,80,missing-or-ambiguous-model-assignment
39863,Halion,Dragonkin,,Unassigned,Blocked,83,protected-rank; protected-npc-vehicle-script; missing-or-ambiguous-model-assignment
39864,Halion (1),Dragonkin,,Unassigned,Blocked,83,protected-rank; missing-or-ambiguous-model-assignment
39899,Baltharus the Warborn,Dragonkin,,Unassigned,Blocked,83,protected-rank; protected-npc-vehicle-script; missing-or-ambiguous-model-assignment
39920,Baltharus the Warborn (1),Dragonkin,,Unassigned,Blocked,83,protected-rank; missing-or-ambiguous-model-assignment
39922,Baltharus the Warborn (1),Dragonkin,,Unassigned,Blocked,83,protected-rank; missing-or-ambiguous-model-assignment
39938,Twilight Seeker's Mount,Dragonkin,,Unassigned,Blocked,50,missing-or-ambiguous-model-assignment
39944,Halion (2),Dragonkin,,Unassigned,Blocked,83,protected-rank; missing-or-ambiguous-model-assignment
39945,Halion (3),Dragonkin,,Unassigned,Blocked,83,protected-rank; missing-or-ambiguous-model-assignment
40104,Raging Wind Elemental,Elementals,301,Air Elemental,Blocked,80,no-supported-skills
40142,Halion,Dragonkin,,Unassigned,Blocked,83,protected-rank; protected-npc-vehicle-script; missing-or-ambiguous-model-assignment
40143,Halion (1),Dragonkin,,Unassigned,Blocked,83,protected-rank; missing-or-ambiguous-model-assignment
40144,Halion (2),Dragonkin,,Unassigned,Blocked,83,protected-rank; missing-or-ambiguous-model-assignment
40145,Halion (3),Dragonkin,,Unassigned,Blocked,83,protected-rank; missing-or-ambiguous-model-assignment
40274,Restless Zombie,Undead,,Unassigned,Blocked,80,missing-or-ambiguous-model-assignment
40417,Charscale Invoker,Dragonkin,,Unassigned,Blocked,82,protected-rank; missing-or-ambiguous-model-assignment
40418,Charscale Invoker (1),Dragonkin,,Unassigned,Blocked,82,protected-rank; missing-or-ambiguous-model-assignment
40419,Charscale Assaulter,Dragonkin,,Unassigned,Blocked,82,protected-rank; missing-or-ambiguous-model-assignment
40420,Charscale Assaulter (1),Dragonkin,,Unassigned,Blocked,82,protected-rank; missing-or-ambiguous-model-assignment
40421,Charscale Elite,Dragonkin,,Unassigned,Blocked,82,protected-rank; missing-or-ambiguous-model-assignment
40422,Charscale Elite (1),Dragonkin,,Unassigned,Blocked,82,protected-rank; missing-or-ambiguous-model-assignment
40423,Charscale Commander,Dragonkin,,Unassigned,Blocked,82,protected-rank; missing-or-ambiguous-model-assignment
40424,Charscale Commander (1),Dragonkin,,Unassigned,Blocked,82,protected-rank; missing-or-ambiguous-model-assignment
40429,Sanctum Guardian Xerestrasza,Dragonkin,,Unassigned,Blocked,80,protected-npc-vehicle-script; missing-or-ambiguous-model-assignment
40626,Ruby Drakonid,Dragonkin,,Unassigned,Blocked,82,missing-or-ambiguous-model-assignment
40627,Ruby Drake,Dragonkin,451,Red Drake,Blocked,82,Assignment proposed; server spell definitions missing: 91852
40628,Ruby Scalebane,Dragonkin,,Unassigned,Blocked,82,missing-or-ambiguous-model-assignment
40681,Living Inferno,Elementals,303,Fire Elemental,Blocked,82,protected-rank; protected-npc-vehicle-script; no-supported-skills
40682,Living Inferno (1),Elementals,303,Fire Elemental,Blocked,82,protected-rank; no-supported-skills
40683,Living Ember,Elementals,303,Fire Elemental,Blocked,82,protected-rank; no-supported-skills
40684,Living Ember (1),Elementals,303,Fire Elemental,Blocked,82,protected-rank; no-supported-skills
40704,Vrykul Proto-dragon Mount,Dragonkin,,Unassigned,Blocked,71,missing-or-ambiguous-model-assignment
40842,Ruby Drake,Dragonkin,451,Red Drake,Blocked,82,Assignment proposed; server spell definitions missing: 91852
40870,Ruby Dragon,Dragonkin,,Unassigned,Blocked,82,missing-or-ambiguous-model-assignment
3101,Vile Familiar,Demons,115,Imp,Staged,1,"Explicit override: currently Humanoid, levels 3-4; requested Demon/Imp, levels 1-4. 37 spawns in map 1. Not installed."
